2026-05-08 09:08:20 [info] : [Platform Server] Creating platform platform  output stream finished - platform. 
2026-05-08 09:11:30 [info] : [Platform Server] Generate platform output stream finished - platform. 
2026-05-08 09:12:45 [info] : [Platform Server] Generate platform output stream finished - platform. 
2026-05-08 09:12:47 [info] : [Build Server] Build output stream finished - app_component::. 
2026-05-08 09:13:55 [info] : [Platform Server] Generate platform output stream finished - platform. 
2026-05-08 09:13:56 [info] : [Build Server] Build output stream finished - app_component::. 
2026-05-08 09:15:39 [info] : [Debug Manager] Successfully verified the target connection used  Local 
2026-05-08 09:15:39 [info] : [Debug Manager] Starting launch in 'run' mode using configuration: {"type":"tcf-debug","request":"launch","name":"app_component_app_hw_1","debugType":"baremetal-zu","attachToRunningTargetOptions":{"targetSetupMode":"standalone","executeScript":true,"scriptPath":""},"autoAttachProcessChildren":false,"target":{"targetConnectionId":"Local","peersIniPath":"../../_ide/.peers.ini","context":"ZUPlus"},"pathMap":[],"targetSetup":{"resetSystem":true,"programDevice":true,"partialBitstream":false,"skipRevisionCheck":false,"device":{"plDevice":"Auto Detect","psDevice":"Auto Detect"},"enableRPUSplitMode":false,"resetAPU":false,"resetRPU":false,"bitstreamFile":"${workspaceFolder}/app_component/_ide/bitstream/connect_top.bit","zuInitialization":{"isFsbl":true,"usingFSBL":{"initWithFSBL":true,"fsblFile":"${workspaceFolder}/platform/export/platform/sw/boot/fsbl.elf","fsblExitSymbol":"XFsbl_Exit"},"usingPsuInit":{"runPsuInit":true,"plPowerup":true,"psuInitTclFile":"${workspaceFolder}/app_component/_ide/psinit/psu_init.tcl"}},"zuTraceOptions":{"isSelected":false,"scratchAddress":"0x60000","scratchSize":"0x60000","traceOutputPath":""},"downloadElf":[{"core":"psu_cortexa53_0","resetProcessor":true,"elfFile":"${workspaceFolder}/app_component/build/app_component.elf","stopAtEntry":false,"isSelfRelocatingApp":false,"relativeAddress":""}],"crossTriggerBreakpoints":{"isSelected":false,"breakpoints":[]}},"internalConsoleOptions":"openOnSessionStart","__configUri":"file:///home3/shared/chapman44/cheshire/app_component/_ide/launch.json"} 
2026-05-08 09:15:39 [info] : [Debug Manager] Disabling breakpoints in the tool to enable run mode for 'app_component_app_hw_1 [app_component]'. 
2026-05-08 09:15:39 [info] : [Debug Manager] Launch session has started on the configuration 'app_component_app_hw_1 [app_component]' 
2026-05-08 09:15:53 [info] : [Debug Manager] Launch session has terminated on the configuration 'app_component_app_hw_1 [app_component]' 
2026-05-08 09:15:53 [info] : [Debug Manager] Enabling breakpoints after running the application using 'app_component_app_hw_1 [app_component]'. 
2026-05-08 09:18:41 [info] : [Debug Manager] Successfully verified the target connection used  Local 
2026-05-08 09:18:41 [info] : [Debug Manager] Starting launch in 'run' mode using configuration: {"type":"tcf-debug","request":"launch","name":"app_component_app_hw_1","debugType":"baremetal-zu","attachToRunningTargetOptions":{"targetSetupMode":"standalone","executeScript":true,"scriptPath":""},"autoAttachProcessChildren":false,"target":{"targetConnectionId":"Local","peersIniPath":"../../_ide/.peers.ini","context":"ZUPlus"},"pathMap":[],"targetSetup":{"resetSystem":true,"programDevice":true,"partialBitstream":false,"skipRevisionCheck":false,"device":{"plDevice":"Auto Detect","psDevice":"Auto Detect"},"enableRPUSplitMode":false,"resetAPU":false,"resetRPU":false,"bitstreamFile":"${workspaceFolder}/app_component/_ide/bitstream/connect_top.bit","zuInitialization":{"isFsbl":true,"usingFSBL":{"initWithFSBL":true,"fsblFile":"${workspaceFolder}/platform/export/platform/sw/boot/fsbl.elf","fsblExitSymbol":"XFsbl_Exit"},"usingPsuInit":{"runPsuInit":true,"plPowerup":true,"psuInitTclFile":"${workspaceFolder}/app_component/_ide/psinit/psu_init.tcl"}},"zuTraceOptions":{"isSelected":false,"scratchAddress":"0x60000","scratchSize":"0x60000","traceOutputPath":""},"downloadElf":[{"core":"psu_cortexa53_0","resetProcessor":true,"elfFile":"${workspaceFolder}/app_component/build/app_component.elf","stopAtEntry":false,"isSelfRelocatingApp":false,"relativeAddress":""}],"crossTriggerBreakpoints":{"isSelected":false,"breakpoints":[]}},"internalConsoleOptions":"openOnSessionStart","__configUri":"file:///home3/shared/chapman44/cheshire/app_component/_ide/launch.json"} 
2026-05-08 09:18:41 [info] : [Debug Manager] Disabling breakpoints in the tool to enable run mode for 'app_component_app_hw_1 [app_component]'. 
2026-05-08 09:18:41 [info] : [Debug Manager] Launch session has started on the configuration 'app_component_app_hw_1 [app_component]' 
2026-05-08 09:19:24 [info] : [Debug Manager] Launch session has terminated on the configuration 'app_component_app_hw_1 [app_component]' 
2026-05-08 09:19:24 [info] : [Debug Manager] Enabling breakpoints after running the application using 'app_component_app_hw_1 [app_component]'. 
2026-05-08 09:20:44 [info] : [Platform Server] Generate platform output stream finished - platform. 
2026-05-08 09:20:45 [info] : [Build Server] Build output stream finished - app_component::. 
2026-05-08 09:22:26 [info] : [Debug Manager] Successfully verified the target connection used  Local 
2026-05-08 09:22:26 [info] : [Debug Manager] Starting launch in 'run' mode using configuration: {"type":"tcf-debug","request":"launch","name":"app_component_app_hw_1","debugType":"baremetal-zu","attachToRunningTargetOptions":{"targetSetupMode":"standalone","executeScript":true,"scriptPath":""},"autoAttachProcessChildren":false,"target":{"targetConnectionId":"Local","peersIniPath":"../../_ide/.peers.ini","context":"ZUPlus"},"pathMap":[],"targetSetup":{"resetSystem":true,"programDevice":true,"partialBitstream":false,"skipRevisionCheck":false,"device":{"plDevice":"Auto Detect","psDevice":"Auto Detect"},"enableRPUSplitMode":false,"resetAPU":false,"resetRPU":false,"bitstreamFile":"${workspaceFolder}/app_component/_ide/bitstream/connect_top.bit","zuInitialization":{"isFsbl":true,"usingFSBL":{"initWithFSBL":true,"fsblFile":"${workspaceFolder}/platform/export/platform/sw/boot/fsbl.elf","fsblExitSymbol":"XFsbl_Exit"},"usingPsuInit":{"runPsuInit":true,"plPowerup":true,"psuInitTclFile":"${workspaceFolder}/app_component/_ide/psinit/psu_init.tcl"}},"zuTraceOptions":{"isSelected":false,"scratchAddress":"0x60000","scratchSize":"0x60000","traceOutputPath":""},"downloadElf":[{"core":"psu_cortexa53_0","resetProcessor":true,"elfFile":"${workspaceFolder}/app_component/build/app_component.elf","stopAtEntry":false,"isSelfRelocatingApp":false,"relativeAddress":""}],"crossTriggerBreakpoints":{"isSelected":false,"breakpoints":[]}},"internalConsoleOptions":"openOnSessionStart","__configUri":"file:///home3/shared/chapman44/cheshire/app_component/_ide/launch.json"} 
2026-05-08 09:22:26 [info] : [Debug Manager] Disabling breakpoints in the tool to enable run mode for 'app_component_app_hw_1 [app_component]'. 
2026-05-08 09:22:26 [info] : [Debug Manager] Launch session has started on the configuration 'app_component_app_hw_1 [app_component]' 
2026-05-08 09:23:03 [info] : [Debug Manager] Launch session has terminated on the configuration 'app_component_app_hw_1 [app_component]' 
2026-05-08 09:23:03 [info] : [Debug Manager] Enabling breakpoints after running the application using 'app_component_app_hw_1 [app_component]'. 
2026-05-08 09:24:14 [info] : [Platform Server] Generate platform output stream finished - platform. 
2026-05-08 09:24:15 [info] : [Build Server] Build output stream finished - app_component::. 
2026-05-08 09:25:08 [info] : [Platform Server] Generate platform output stream finished - platform. 
2026-05-08 09:25:09 [info] : [Build Server] Build output stream finished - app_component::. 
2026-05-08 09:26:51 [info] : [Debug Manager] Successfully verified the target connection used  Local 
2026-05-08 09:26:51 [info] : [Debug Manager] Starting launch in 'run' mode using configuration: {"type":"tcf-debug","request":"launch","name":"app_component_app_hw_1","debugType":"baremetal-zu","attachToRunningTargetOptions":{"targetSetupMode":"standalone","executeScript":true,"scriptPath":""},"autoAttachProcessChildren":false,"target":{"targetConnectionId":"Local","peersIniPath":"../../_ide/.peers.ini","context":"ZUPlus"},"pathMap":[],"targetSetup":{"resetSystem":true,"programDevice":true,"partialBitstream":false,"skipRevisionCheck":false,"device":{"plDevice":"Auto Detect","psDevice":"Auto Detect"},"enableRPUSplitMode":false,"resetAPU":false,"resetRPU":false,"bitstreamFile":"${workspaceFolder}/app_component/_ide/bitstream/connect_top.bit","zuInitialization":{"isFsbl":true,"usingFSBL":{"initWithFSBL":true,"fsblFile":"${workspaceFolder}/platform/export/platform/sw/boot/fsbl.elf","fsblExitSymbol":"XFsbl_Exit"},"usingPsuInit":{"runPsuInit":true,"plPowerup":true,"psuInitTclFile":"${workspaceFolder}/app_component/_ide/psinit/psu_init.tcl"}},"zuTraceOptions":{"isSelected":false,"scratchAddress":"0x60000","scratchSize":"0x60000","traceOutputPath":""},"downloadElf":[{"core":"psu_cortexa53_0","resetProcessor":true,"elfFile":"${workspaceFolder}/app_component/build/app_component.elf","stopAtEntry":false,"isSelfRelocatingApp":false,"relativeAddress":""}],"crossTriggerBreakpoints":{"isSelected":false,"breakpoints":[]}},"internalConsoleOptions":"openOnSessionStart","__configUri":"file:///home3/shared/chapman44/cheshire/app_component/_ide/launch.json"} 
2026-05-08 09:26:51 [info] : [Debug Manager] Disabling breakpoints in the tool to enable run mode for 'app_component_app_hw_1 [app_component]'. 
2026-05-08 09:26:51 [info] : [Debug Manager] Launch session has started on the configuration 'app_component_app_hw_1 [app_component]' 
2026-05-08 09:28:41 [info] : [Platform Server] Generate platform output stream finished - platform. 
2026-05-08 09:28:42 [info] : [Build Server] Build output stream finished - app_component::. 
2026-05-08 09:29:08 [info] : [Platform Server] Generate platform output stream finished - platform. 
2026-05-08 09:29:09 [info] : [Build Server] Build output stream finished - app_component::. 
2026-05-08 09:29:13 [info] : [Debug Manager] Launch session has terminated on the configuration 'app_component_app_hw_1 [app_component]' 
2026-05-08 09:29:13 [info] : [Debug Manager] Enabling breakpoints after running the application using 'app_component_app_hw_1 [app_component]'. 
2026-05-08 09:30:54 [info] : [Debug Manager] Successfully verified the target connection used  Local 
2026-05-08 09:30:54 [info] : [Debug Manager] Starting launch in 'run' mode using configuration: {"type":"tcf-debug","request":"launch","name":"app_component_app_hw_1","debugType":"baremetal-zu","attachToRunningTargetOptions":{"targetSetupMode":"standalone","executeScript":true,"scriptPath":""},"autoAttachProcessChildren":false,"target":{"targetConnectionId":"Local","peersIniPath":"../../_ide/.peers.ini","context":"ZUPlus"},"pathMap":[],"targetSetup":{"resetSystem":true,"programDevice":true,"partialBitstream":false,"skipRevisionCheck":false,"device":{"plDevice":"Auto Detect","psDevice":"Auto Detect"},"enableRPUSplitMode":false,"resetAPU":false,"resetRPU":false,"bitstreamFile":"${workspaceFolder}/app_component/_ide/bitstream/connect_top.bit","zuInitialization":{"isFsbl":true,"usingFSBL":{"initWithFSBL":true,"fsblFile":"${workspaceFolder}/platform/export/platform/sw/boot/fsbl.elf","fsblExitSymbol":"XFsbl_Exit"},"usingPsuInit":{"runPsuInit":true,"plPowerup":true,"psuInitTclFile":"${workspaceFolder}/app_component/_ide/psinit/psu_init.tcl"}},"zuTraceOptions":{"isSelected":false,"scratchAddress":"0x60000","scratchSize":"0x60000","traceOutputPath":""},"downloadElf":[{"core":"psu_cortexa53_0","resetProcessor":true,"elfFile":"${workspaceFolder}/app_component/build/app_component.elf","stopAtEntry":false,"isSelfRelocatingApp":false,"relativeAddress":""}],"crossTriggerBreakpoints":{"isSelected":false,"breakpoints":[]}},"internalConsoleOptions":"openOnSessionStart","__configUri":"file:///home3/shared/chapman44/cheshire/app_component/_ide/launch.json"} 
2026-05-08 09:30:54 [info] : [Debug Manager] Disabling breakpoints in the tool to enable run mode for 'app_component_app_hw_1 [app_component]'. 
2026-05-08 09:30:54 [info] : [Debug Manager] Launch session has started on the configuration 'app_component_app_hw_1 [app_component]' 
2026-05-08 09:31:06 [info] : [Debug Manager] Launch session has terminated on the configuration 'app_component_app_hw_1 [app_component]' 
2026-05-08 09:31:06 [info] : [Debug Manager] Enabling breakpoints after running the application using 'app_component_app_hw_1 [app_component]'. 
2026-05-08 09:31:30 [info] : [Platform Server] Generate platform output stream finished - platform. 
2026-05-08 09:31:32 [info] : [Build Server] Build output stream finished - app_component::. 
2026-05-08 09:33:13 [info] : [Debug Manager] Successfully verified the target connection used  Local 
2026-05-08 09:33:13 [info] : [Debug Manager] Starting launch in 'run' mode using configuration: {"type":"tcf-debug","request":"launch","name":"app_component_app_hw_1","debugType":"baremetal-zu","attachToRunningTargetOptions":{"targetSetupMode":"standalone","executeScript":true,"scriptPath":""},"autoAttachProcessChildren":false,"target":{"targetConnectionId":"Local","peersIniPath":"../../_ide/.peers.ini","context":"ZUPlus"},"pathMap":[],"targetSetup":{"resetSystem":true,"programDevice":true,"partialBitstream":false,"skipRevisionCheck":false,"device":{"plDevice":"Auto Detect","psDevice":"Auto Detect"},"enableRPUSplitMode":false,"resetAPU":false,"resetRPU":false,"bitstreamFile":"${workspaceFolder}/app_component/_ide/bitstream/connect_top.bit","zuInitialization":{"isFsbl":true,"usingFSBL":{"initWithFSBL":true,"fsblFile":"${workspaceFolder}/platform/export/platform/sw/boot/fsbl.elf","fsblExitSymbol":"XFsbl_Exit"},"usingPsuInit":{"runPsuInit":true,"plPowerup":true,"psuInitTclFile":"${workspaceFolder}/app_component/_ide/psinit/psu_init.tcl"}},"zuTraceOptions":{"isSelected":false,"scratchAddress":"0x60000","scratchSize":"0x60000","traceOutputPath":""},"downloadElf":[{"core":"psu_cortexa53_0","resetProcessor":true,"elfFile":"${workspaceFolder}/app_component/build/app_component.elf","stopAtEntry":false,"isSelfRelocatingApp":false,"relativeAddress":""}],"crossTriggerBreakpoints":{"isSelected":false,"breakpoints":[]}},"internalConsoleOptions":"openOnSessionStart","__configUri":"file:///home3/shared/chapman44/cheshire/app_component/_ide/launch.json"} 
2026-05-08 09:33:13 [info] : [Debug Manager] Disabling breakpoints in the tool to enable run mode for 'app_component_app_hw_1 [app_component]'. 
2026-05-08 09:33:13 [info] : [Debug Manager] Launch session has started on the configuration 'app_component_app_hw_1 [app_component]' 
2026-05-08 09:34:52 [info] : [Debug Manager] Launch session has terminated on the configuration 'app_component_app_hw_1 [app_component]' 
2026-05-08 09:34:52 [info] : [Debug Manager] Enabling breakpoints after running the application using 'app_component_app_hw_1 [app_component]'. 
2026-05-08 09:36:39 [info] : [Debug Manager] Successfully verified the target connection used  Local 
2026-05-08 09:36:39 [info] : [Debug Manager] Starting launch in 'run' mode using configuration: {"type":"tcf-debug","request":"launch","name":"app_component_app_hw_1","debugType":"baremetal-zu","attachToRunningTargetOptions":{"targetSetupMode":"standalone","executeScript":true,"scriptPath":""},"autoAttachProcessChildren":false,"target":{"targetConnectionId":"Local","peersIniPath":"../../_ide/.peers.ini","context":"ZUPlus"},"pathMap":[],"targetSetup":{"resetSystem":true,"programDevice":true,"partialBitstream":false,"skipRevisionCheck":false,"device":{"plDevice":"Auto Detect","psDevice":"Auto Detect"},"enableRPUSplitMode":false,"resetAPU":false,"resetRPU":false,"bitstreamFile":"${workspaceFolder}/app_component/_ide/bitstream/connect_top.bit","zuInitialization":{"isFsbl":true,"usingFSBL":{"initWithFSBL":true,"fsblFile":"${workspaceFolder}/platform/export/platform/sw/boot/fsbl.elf","fsblExitSymbol":"XFsbl_Exit"},"usingPsuInit":{"runPsuInit":true,"plPowerup":true,"psuInitTclFile":"${workspaceFolder}/app_component/_ide/psinit/psu_init.tcl"}},"zuTraceOptions":{"isSelected":false,"scratchAddress":"0x60000","scratchSize":"0x60000","traceOutputPath":""},"downloadElf":[{"core":"psu_cortexa53_0","resetProcessor":true,"elfFile":"${workspaceFolder}/app_component/build/app_component.elf","stopAtEntry":false,"isSelfRelocatingApp":false,"relativeAddress":""}],"crossTriggerBreakpoints":{"isSelected":false,"breakpoints":[]}},"internalConsoleOptions":"openOnSessionStart","__configUri":"file:///home3/shared/chapman44/cheshire/app_component/_ide/launch.json"} 
2026-05-08 09:36:39 [info] : [Debug Manager] Disabling breakpoints in the tool to enable run mode for 'app_component_app_hw_1 [app_component]'. 
2026-05-08 09:36:39 [info] : [Debug Manager] Launch session has started on the configuration 'app_component_app_hw_1 [app_component]' 
2026-05-08 09:37:37 [info] : [Debug Manager] Launch session has terminated on the configuration 'app_component_app_hw_1 [app_component]' 
2026-05-08 09:37:37 [info] : [Debug Manager] Enabling breakpoints after running the application using 'app_component_app_hw_1 [app_component]'. 
2026-05-08 09:38:19 [info] : [Platform Server] Generate platform output stream finished - platform. 
2026-05-08 09:38:20 [info] : [Build Server] Build output stream finished - app_component::. 
2026-05-08 09:40:00 [info] : [Debug Manager] Successfully verified the target connection used  Local 
2026-05-08 09:40:00 [info] : [Debug Manager] Starting launch in 'run' mode using configuration: {"type":"tcf-debug","request":"launch","name":"app_component_app_hw_1","debugType":"baremetal-zu","attachToRunningTargetOptions":{"targetSetupMode":"standalone","executeScript":true,"scriptPath":""},"autoAttachProcessChildren":false,"target":{"targetConnectionId":"Local","peersIniPath":"../../_ide/.peers.ini","context":"ZUPlus"},"pathMap":[],"targetSetup":{"resetSystem":true,"programDevice":true,"partialBitstream":false,"skipRevisionCheck":false,"device":{"plDevice":"Auto Detect","psDevice":"Auto Detect"},"enableRPUSplitMode":false,"resetAPU":false,"resetRPU":false,"bitstreamFile":"${workspaceFolder}/app_component/_ide/bitstream/connect_top.bit","zuInitialization":{"isFsbl":true,"usingFSBL":{"initWithFSBL":true,"fsblFile":"${workspaceFolder}/platform/export/platform/sw/boot/fsbl.elf","fsblExitSymbol":"XFsbl_Exit"},"usingPsuInit":{"runPsuInit":true,"plPowerup":true,"psuInitTclFile":"${workspaceFolder}/app_component/_ide/psinit/psu_init.tcl"}},"zuTraceOptions":{"isSelected":false,"scratchAddress":"0x60000","scratchSize":"0x60000","traceOutputPath":""},"downloadElf":[{"core":"psu_cortexa53_0","resetProcessor":true,"elfFile":"${workspaceFolder}/app_component/build/app_component.elf","stopAtEntry":false,"isSelfRelocatingApp":false,"relativeAddress":""}],"crossTriggerBreakpoints":{"isSelected":false,"breakpoints":[]}},"internalConsoleOptions":"openOnSessionStart","__configUri":"file:///home3/shared/chapman44/cheshire/app_component/_ide/launch.json"} 
2026-05-08 09:40:00 [info] : [Debug Manager] Disabling breakpoints in the tool to enable run mode for 'app_component_app_hw_1 [app_component]'. 
2026-05-08 09:40:01 [info] : [Debug Manager] Launch session has started on the configuration 'app_component_app_hw_1 [app_component]' 
2026-05-08 09:40:19 [info] : [Debug Manager] Launch session has terminated on the configuration 'app_component_app_hw_1 [app_component]' 
2026-05-08 09:40:19 [info] : [Debug Manager] Enabling breakpoints after running the application using 'app_component_app_hw_1 [app_component]'. 
2026-05-08 09:40:41 [info] : [Platform Server] Generate platform output stream finished - platform. 
2026-05-08 09:40:42 [info] : [Build Server] Build output stream finished - app_component::. 
2026-05-08 09:42:27 [info] : [Debug Manager] Successfully verified the target connection used  Local 
2026-05-08 09:42:27 [info] : [Debug Manager] Starting launch in 'run' mode using configuration: {"type":"tcf-debug","request":"launch","name":"app_component_app_hw_1","debugType":"baremetal-zu","attachToRunningTargetOptions":{"targetSetupMode":"standalone","executeScript":true,"scriptPath":""},"autoAttachProcessChildren":false,"target":{"targetConnectionId":"Local","peersIniPath":"../../_ide/.peers.ini","context":"ZUPlus"},"pathMap":[],"targetSetup":{"resetSystem":true,"programDevice":true,"partialBitstream":false,"skipRevisionCheck":false,"device":{"plDevice":"Auto Detect","psDevice":"Auto Detect"},"enableRPUSplitMode":false,"resetAPU":false,"resetRPU":false,"bitstreamFile":"${workspaceFolder}/app_component/_ide/bitstream/connect_top.bit","zuInitialization":{"isFsbl":true,"usingFSBL":{"initWithFSBL":true,"fsblFile":"${workspaceFolder}/platform/export/platform/sw/boot/fsbl.elf","fsblExitSymbol":"XFsbl_Exit"},"usingPsuInit":{"runPsuInit":true,"plPowerup":true,"psuInitTclFile":"${workspaceFolder}/app_component/_ide/psinit/psu_init.tcl"}},"zuTraceOptions":{"isSelected":false,"scratchAddress":"0x60000","scratchSize":"0x60000","traceOutputPath":""},"downloadElf":[{"core":"psu_cortexa53_0","resetProcessor":true,"elfFile":"${workspaceFolder}/app_component/build/app_component.elf","stopAtEntry":false,"isSelfRelocatingApp":false,"relativeAddress":""}],"crossTriggerBreakpoints":{"isSelected":false,"breakpoints":[]}},"internalConsoleOptions":"openOnSessionStart","__configUri":"file:///home3/shared/chapman44/cheshire/app_component/_ide/launch.json"} 
2026-05-08 09:42:27 [info] : [Debug Manager] Disabling breakpoints in the tool to enable run mode for 'app_component_app_hw_1 [app_component]'. 
2026-05-08 09:42:27 [info] : [Debug Manager] Launch session has started on the configuration 'app_component_app_hw_1 [app_component]' 
2026-05-08 09:43:01 [info] : [Debug Manager] Launch session has terminated on the configuration 'app_component_app_hw_1 [app_component]' 
2026-05-08 09:43:01 [info] : [Debug Manager] Enabling breakpoints after running the application using 'app_component_app_hw_1 [app_component]'. 
2026-05-08 09:43:06 [info] : [Platform Server] Generate platform output stream finished - platform. 
2026-05-08 09:43:07 [info] : [Build Server] Build output stream finished - app_component::. 
2026-05-08 09:46:46 [info] : [Platform Server] Generate platform output stream finished - platform. 
2026-05-08 09:46:47 [info] : [Build Server] Build output stream finished - app_component::. 
2026-05-08 09:50:08 [info] : [Debug Manager] Successfully verified the target connection used  Local 
2026-05-08 09:50:08 [info] : [Debug Manager] Starting launch in 'run' mode using configuration: {"type":"tcf-debug","request":"launch","name":"app_component_app_hw_1","debugType":"baremetal-zu","attachToRunningTargetOptions":{"targetSetupMode":"standalone","executeScript":true,"scriptPath":""},"autoAttachProcessChildren":false,"target":{"targetConnectionId":"Local","peersIniPath":"../../_ide/.peers.ini","context":"ZUPlus"},"pathMap":[],"targetSetup":{"resetSystem":true,"programDevice":true,"partialBitstream":false,"skipRevisionCheck":false,"device":{"plDevice":"Auto Detect","psDevice":"Auto Detect"},"enableRPUSplitMode":false,"resetAPU":false,"resetRPU":false,"bitstreamFile":"${workspaceFolder}/app_component/_ide/bitstream/connect_top.bit","zuInitialization":{"isFsbl":true,"usingFSBL":{"initWithFSBL":true,"fsblFile":"${workspaceFolder}/platform/export/platform/sw/boot/fsbl.elf","fsblExitSymbol":"XFsbl_Exit"},"usingPsuInit":{"runPsuInit":true,"plPowerup":true,"psuInitTclFile":"${workspaceFolder}/app_component/_ide/psinit/psu_init.tcl"}},"zuTraceOptions":{"isSelected":false,"scratchAddress":"0x60000","scratchSize":"0x60000","traceOutputPath":""},"downloadElf":[{"core":"psu_cortexa53_0","resetProcessor":true,"elfFile":"${workspaceFolder}/app_component/build/app_component.elf","stopAtEntry":false,"isSelfRelocatingApp":false,"relativeAddress":""}],"crossTriggerBreakpoints":{"isSelected":false,"breakpoints":[]}},"internalConsoleOptions":"openOnSessionStart","__configUri":"file:///home3/shared/chapman44/cheshire/app_component/_ide/launch.json"} 
2026-05-08 09:50:08 [info] : [Debug Manager] Disabling breakpoints in the tool to enable run mode for 'app_component_app_hw_1 [app_component]'. 
2026-05-08 09:50:08 [info] : [Debug Manager] Launch session has started on the configuration 'app_component_app_hw_1 [app_component]' 
2026-05-08 09:50:41 [info] : [Debug Manager] Launch session has terminated on the configuration 'app_component_app_hw_1 [app_component]' 
2026-05-08 09:50:41 [info] : [Debug Manager] Enabling breakpoints after running the application using 'app_component_app_hw_1 [app_component]'. 
2026-05-08 09:52:22 [info] : [Debug Manager] Successfully verified the target connection used  Local 
2026-05-08 09:52:22 [info] : [Debug Manager] Starting launch in 'run' mode using configuration: {"type":"tcf-debug","request":"launch","name":"app_component_app_hw_1","debugType":"baremetal-zu","attachToRunningTargetOptions":{"targetSetupMode":"standalone","executeScript":true,"scriptPath":""},"autoAttachProcessChildren":false,"target":{"targetConnectionId":"Local","peersIniPath":"../../_ide/.peers.ini","context":"ZUPlus"},"pathMap":[],"targetSetup":{"resetSystem":true,"programDevice":true,"partialBitstream":false,"skipRevisionCheck":false,"device":{"plDevice":"Auto Detect","psDevice":"Auto Detect"},"enableRPUSplitMode":false,"resetAPU":false,"resetRPU":false,"bitstreamFile":"${workspaceFolder}/app_component/_ide/bitstream/connect_top.bit","zuInitialization":{"isFsbl":true,"usingFSBL":{"initWithFSBL":true,"fsblFile":"${workspaceFolder}/platform/export/platform/sw/boot/fsbl.elf","fsblExitSymbol":"XFsbl_Exit"},"usingPsuInit":{"runPsuInit":true,"plPowerup":true,"psuInitTclFile":"${workspaceFolder}/app_component/_ide/psinit/psu_init.tcl"}},"zuTraceOptions":{"isSelected":false,"scratchAddress":"0x60000","scratchSize":"0x60000","traceOutputPath":""},"downloadElf":[{"core":"psu_cortexa53_0","resetProcessor":true,"elfFile":"${workspaceFolder}/app_component/build/app_component.elf","stopAtEntry":false,"isSelfRelocatingApp":false,"relativeAddress":""}],"crossTriggerBreakpoints":{"isSelected":false,"breakpoints":[]}},"internalConsoleOptions":"openOnSessionStart","__configUri":"file:///home3/shared/chapman44/cheshire/app_component/_ide/launch.json"} 
2026-05-08 09:52:22 [info] : [Debug Manager] Disabling breakpoints in the tool to enable run mode for 'app_component_app_hw_1 [app_component]'. 
2026-05-08 09:52:22 [info] : [Debug Manager] Launch session has started on the configuration 'app_component_app_hw_1 [app_component]' 
2026-05-08 09:52:58 [info] : [Debug Manager] Launch session has terminated on the configuration 'app_component_app_hw_1 [app_component]' 
2026-05-08 09:52:58 [info] : [Debug Manager] Enabling breakpoints after running the application using 'app_component_app_hw_1 [app_component]'. 
2026-05-08 09:53:16 [info] : [Platform Server] Generate platform output stream finished - platform. 
2026-05-08 09:53:18 [info] : [Build Server] Build output stream finished - app_component::. 
2026-05-08 09:54:59 [info] : [Debug Manager] Successfully verified the target connection used  Local 
2026-05-08 09:54:59 [info] : [Debug Manager] Starting launch in 'run' mode using configuration: {"type":"tcf-debug","request":"launch","name":"app_component_app_hw_1","debugType":"baremetal-zu","attachToRunningTargetOptions":{"targetSetupMode":"standalone","executeScript":true,"scriptPath":""},"autoAttachProcessChildren":false,"target":{"targetConnectionId":"Local","peersIniPath":"../../_ide/.peers.ini","context":"ZUPlus"},"pathMap":[],"targetSetup":{"resetSystem":true,"programDevice":true,"partialBitstream":false,"skipRevisionCheck":false,"device":{"plDevice":"Auto Detect","psDevice":"Auto Detect"},"enableRPUSplitMode":false,"resetAPU":false,"resetRPU":false,"bitstreamFile":"${workspaceFolder}/app_component/_ide/bitstream/connect_top.bit","zuInitialization":{"isFsbl":true,"usingFSBL":{"initWithFSBL":true,"fsblFile":"${workspaceFolder}/platform/export/platform/sw/boot/fsbl.elf","fsblExitSymbol":"XFsbl_Exit"},"usingPsuInit":{"runPsuInit":true,"plPowerup":true,"psuInitTclFile":"${workspaceFolder}/app_component/_ide/psinit/psu_init.tcl"}},"zuTraceOptions":{"isSelected":false,"scratchAddress":"0x60000","scratchSize":"0x60000","traceOutputPath":""},"downloadElf":[{"core":"psu_cortexa53_0","resetProcessor":true,"elfFile":"${workspaceFolder}/app_component/build/app_component.elf","stopAtEntry":false,"isSelfRelocatingApp":false,"relativeAddress":""}],"crossTriggerBreakpoints":{"isSelected":false,"breakpoints":[]}},"internalConsoleOptions":"openOnSessionStart","__configUri":"file:///home3/shared/chapman44/cheshire/app_component/_ide/launch.json"} 
2026-05-08 09:54:59 [info] : [Debug Manager] Disabling breakpoints in the tool to enable run mode for 'app_component_app_hw_1 [app_component]'. 
2026-05-08 09:54:59 [info] : [Debug Manager] Launch session has started on the configuration 'app_component_app_hw_1 [app_component]' 
2026-05-08 09:55:35 [info] : [Debug Manager] Launch session has terminated on the configuration 'app_component_app_hw_1 [app_component]' 
2026-05-08 09:55:35 [info] : [Debug Manager] Enabling breakpoints after running the application using 'app_component_app_hw_1 [app_component]'. 
2026-05-08 09:55:45 [info] : [Platform Server] Generate platform output stream finished - platform. 
2026-05-08 09:55:46 [info] : [Build Server] Build output stream finished - app_component::. 
2026-05-08 09:58:41 [info] : [Debug Manager] Successfully verified the target connection used  Local 
2026-05-08 09:58:41 [info] : [Debug Manager] Starting launch in 'run' mode using configuration: {"type":"tcf-debug","request":"launch","name":"app_component_app_hw_1","debugType":"baremetal-zu","attachToRunningTargetOptions":{"targetSetupMode":"standalone","executeScript":true,"scriptPath":""},"autoAttachProcessChildren":false,"target":{"targetConnectionId":"Local","peersIniPath":"../../_ide/.peers.ini","context":"ZUPlus"},"pathMap":[],"targetSetup":{"resetSystem":true,"programDevice":true,"partialBitstream":false,"skipRevisionCheck":false,"device":{"plDevice":"Auto Detect","psDevice":"Auto Detect"},"enableRPUSplitMode":false,"resetAPU":false,"resetRPU":false,"bitstreamFile":"${workspaceFolder}/app_component/_ide/bitstream/connect_top.bit","zuInitialization":{"isFsbl":true,"usingFSBL":{"initWithFSBL":true,"fsblFile":"${workspaceFolder}/platform/export/platform/sw/boot/fsbl.elf","fsblExitSymbol":"XFsbl_Exit"},"usingPsuInit":{"runPsuInit":true,"plPowerup":true,"psuInitTclFile":"${workspaceFolder}/app_component/_ide/psinit/psu_init.tcl"}},"zuTraceOptions":{"isSelected":false,"scratchAddress":"0x60000","scratchSize":"0x60000","traceOutputPath":""},"downloadElf":[{"core":"psu_cortexa53_0","resetProcessor":true,"elfFile":"${workspaceFolder}/app_component/build/app_component.elf","stopAtEntry":false,"isSelfRelocatingApp":false,"relativeAddress":""}],"crossTriggerBreakpoints":{"isSelected":false,"breakpoints":[]}},"internalConsoleOptions":"openOnSessionStart","__configUri":"file:///home3/shared/chapman44/cheshire/app_component/_ide/launch.json"} 
2026-05-08 09:58:41 [info] : [Debug Manager] Disabling breakpoints in the tool to enable run mode for 'app_component_app_hw_1 [app_component]'. 
2026-05-08 09:58:41 [info] : [Debug Manager] Launch session has started on the configuration 'app_component_app_hw_1 [app_component]' 
2026-05-08 09:59:01 [info] : [Debug Manager] Launch session has terminated on the configuration 'app_component_app_hw_1 [app_component]' 
2026-05-08 09:59:01 [info] : [Debug Manager] Enabling breakpoints after running the application using 'app_component_app_hw_1 [app_component]'. 
2026-05-08 09:59:10 [info] : [Platform Server] Generate platform output stream finished - platform. 
2026-05-08 09:59:11 [info] : [Build Server] Build output stream finished - app_component::. 
2026-05-08 10:00:50 [info] : [Debug Manager] Successfully verified the target connection used  Local 
2026-05-08 10:00:50 [info] : [Debug Manager] Starting launch in 'run' mode using configuration: {"type":"tcf-debug","request":"launch","name":"app_component_app_hw_1","debugType":"baremetal-zu","attachToRunningTargetOptions":{"targetSetupMode":"standalone","executeScript":true,"scriptPath":""},"autoAttachProcessChildren":false,"target":{"targetConnectionId":"Local","peersIniPath":"../../_ide/.peers.ini","context":"ZUPlus"},"pathMap":[],"targetSetup":{"resetSystem":true,"programDevice":true,"partialBitstream":false,"skipRevisionCheck":false,"device":{"plDevice":"Auto Detect","psDevice":"Auto Detect"},"enableRPUSplitMode":false,"resetAPU":false,"resetRPU":false,"bitstreamFile":"${workspaceFolder}/app_component/_ide/bitstream/connect_top.bit","zuInitialization":{"isFsbl":true,"usingFSBL":{"initWithFSBL":true,"fsblFile":"${workspaceFolder}/platform/export/platform/sw/boot/fsbl.elf","fsblExitSymbol":"XFsbl_Exit"},"usingPsuInit":{"runPsuInit":true,"plPowerup":true,"psuInitTclFile":"${workspaceFolder}/app_component/_ide/psinit/psu_init.tcl"}},"zuTraceOptions":{"isSelected":false,"scratchAddress":"0x60000","scratchSize":"0x60000","traceOutputPath":""},"downloadElf":[{"core":"psu_cortexa53_0","resetProcessor":true,"elfFile":"${workspaceFolder}/app_component/build/app_component.elf","stopAtEntry":false,"isSelfRelocatingApp":false,"relativeAddress":""}],"crossTriggerBreakpoints":{"isSelected":false,"breakpoints":[]}},"internalConsoleOptions":"openOnSessionStart","__configUri":"file:///home3/shared/chapman44/cheshire/app_component/_ide/launch.json"} 
2026-05-08 10:00:50 [info] : [Debug Manager] Disabling breakpoints in the tool to enable run mode for 'app_component_app_hw_1 [app_component]'. 
2026-05-08 10:00:50 [info] : [Debug Manager] Launch session has started on the configuration 'app_component_app_hw_1 [app_component]' 
2026-05-08 10:01:24 [info] : [Debug Manager] Launch session has terminated on the configuration 'app_component_app_hw_1 [app_component]' 
2026-05-08 10:01:24 [info] : [Debug Manager] Enabling breakpoints after running the application using 'app_component_app_hw_1 [app_component]'. 
2026-05-08 10:01:33 [info] : [Platform Server] Generate platform output stream finished - platform. 
2026-05-08 10:01:35 [info] : [Build Server] Build output stream finished - app_component::. 
2026-05-08 10:03:15 [info] : [Debug Manager] Successfully verified the target connection used  Local 
2026-05-08 10:03:15 [info] : [Debug Manager] Starting launch in 'run' mode using configuration: {"type":"tcf-debug","request":"launch","name":"app_component_app_hw_1","debugType":"baremetal-zu","attachToRunningTargetOptions":{"targetSetupMode":"standalone","executeScript":true,"scriptPath":""},"autoAttachProcessChildren":false,"target":{"targetConnectionId":"Local","peersIniPath":"../../_ide/.peers.ini","context":"ZUPlus"},"pathMap":[],"targetSetup":{"resetSystem":true,"programDevice":true,"partialBitstream":false,"skipRevisionCheck":false,"device":{"plDevice":"Auto Detect","psDevice":"Auto Detect"},"enableRPUSplitMode":false,"resetAPU":false,"resetRPU":false,"bitstreamFile":"${workspaceFolder}/app_component/_ide/bitstream/connect_top.bit","zuInitialization":{"isFsbl":true,"usingFSBL":{"initWithFSBL":true,"fsblFile":"${workspaceFolder}/platform/export/platform/sw/boot/fsbl.elf","fsblExitSymbol":"XFsbl_Exit"},"usingPsuInit":{"runPsuInit":true,"plPowerup":true,"psuInitTclFile":"${workspaceFolder}/app_component/_ide/psinit/psu_init.tcl"}},"zuTraceOptions":{"isSelected":false,"scratchAddress":"0x60000","scratchSize":"0x60000","traceOutputPath":""},"downloadElf":[{"core":"psu_cortexa53_0","resetProcessor":true,"elfFile":"${workspaceFolder}/app_component/build/app_component.elf","stopAtEntry":false,"isSelfRelocatingApp":false,"relativeAddress":""}],"crossTriggerBreakpoints":{"isSelected":false,"breakpoints":[]}},"internalConsoleOptions":"openOnSessionStart","__configUri":"file:///home3/shared/chapman44/cheshire/app_component/_ide/launch.json"} 
2026-05-08 10:03:15 [info] : [Debug Manager] Disabling breakpoints in the tool to enable run mode for 'app_component_app_hw_1 [app_component]'. 
2026-05-08 10:03:15 [info] : [Debug Manager] Launch session has started on the configuration 'app_component_app_hw_1 [app_component]' 
2026-05-08 10:03:38 [info] : [Debug Manager] Launch session has terminated on the configuration 'app_component_app_hw_1 [app_component]' 
2026-05-08 10:03:38 [info] : [Debug Manager] Enabling breakpoints after running the application using 'app_component_app_hw_1 [app_component]'. 
2026-05-08 10:03:53 [info] : [Platform Server] Generate platform output stream finished - platform. 
2026-05-08 10:03:54 [info] : [Build Server] Build output stream finished - app_component::. 
2026-05-08 10:05:35 [info] : [Debug Manager] Successfully verified the target connection used  Local 
2026-05-08 10:05:35 [info] : [Debug Manager] Starting launch in 'run' mode using configuration: {"type":"tcf-debug","request":"launch","name":"app_component_app_hw_1","debugType":"baremetal-zu","attachToRunningTargetOptions":{"targetSetupMode":"standalone","executeScript":true,"scriptPath":""},"autoAttachProcessChildren":false,"target":{"targetConnectionId":"Local","peersIniPath":"../../_ide/.peers.ini","context":"ZUPlus"},"pathMap":[],"targetSetup":{"resetSystem":true,"programDevice":true,"partialBitstream":false,"skipRevisionCheck":false,"device":{"plDevice":"Auto Detect","psDevice":"Auto Detect"},"enableRPUSplitMode":false,"resetAPU":false,"resetRPU":false,"bitstreamFile":"${workspaceFolder}/app_component/_ide/bitstream/connect_top.bit","zuInitialization":{"isFsbl":true,"usingFSBL":{"initWithFSBL":true,"fsblFile":"${workspaceFolder}/platform/export/platform/sw/boot/fsbl.elf","fsblExitSymbol":"XFsbl_Exit"},"usingPsuInit":{"runPsuInit":true,"plPowerup":true,"psuInitTclFile":"${workspaceFolder}/app_component/_ide/psinit/psu_init.tcl"}},"zuTraceOptions":{"isSelected":false,"scratchAddress":"0x60000","scratchSize":"0x60000","traceOutputPath":""},"downloadElf":[{"core":"psu_cortexa53_0","resetProcessor":true,"elfFile":"${workspaceFolder}/app_component/build/app_component.elf","stopAtEntry":false,"isSelfRelocatingApp":false,"relativeAddress":""}],"crossTriggerBreakpoints":{"isSelected":false,"breakpoints":[]}},"internalConsoleOptions":"openOnSessionStart","__configUri":"file:///home3/shared/chapman44/cheshire/app_component/_ide/launch.json"} 
2026-05-08 10:05:35 [info] : [Debug Manager] Disabling breakpoints in the tool to enable run mode for 'app_component_app_hw_1 [app_component]'. 
2026-05-08 10:05:35 [info] : [Debug Manager] Launch session has started on the configuration 'app_component_app_hw_1 [app_component]' 
2026-05-08 10:05:57 [info] : [Debug Manager] Launch session has terminated on the configuration 'app_component_app_hw_1 [app_component]' 
2026-05-08 10:05:57 [info] : [Debug Manager] Enabling breakpoints after running the application using 'app_component_app_hw_1 [app_component]'. 
2026-05-08 10:06:58 [info] : [Platform Server] Generate platform output stream finished - platform. 
2026-05-08 10:06:59 [info] : [Build Server] Build output stream finished - app_component::. 
2026-05-08 10:07:42 [info] : [Platform Server] Generate platform output stream finished - platform. 
2026-05-08 10:07:44 [info] : [Build Server] Build output stream finished - app_component::. 
2026-05-08 10:09:25 [info] : [Debug Manager] Successfully verified the target connection used  Local 
2026-05-08 10:09:25 [info] : [Debug Manager] Starting launch in 'run' mode using configuration: {"type":"tcf-debug","request":"launch","name":"app_component_app_hw_1","debugType":"baremetal-zu","attachToRunningTargetOptions":{"targetSetupMode":"standalone","executeScript":true,"scriptPath":""},"autoAttachProcessChildren":false,"target":{"targetConnectionId":"Local","peersIniPath":"../../_ide/.peers.ini","context":"ZUPlus"},"pathMap":[],"targetSetup":{"resetSystem":true,"programDevice":true,"partialBitstream":false,"skipRevisionCheck":false,"device":{"plDevice":"Auto Detect","psDevice":"Auto Detect"},"enableRPUSplitMode":false,"resetAPU":false,"resetRPU":false,"bitstreamFile":"${workspaceFolder}/app_component/_ide/bitstream/connect_top.bit","zuInitialization":{"isFsbl":true,"usingFSBL":{"initWithFSBL":true,"fsblFile":"${workspaceFolder}/platform/export/platform/sw/boot/fsbl.elf","fsblExitSymbol":"XFsbl_Exit"},"usingPsuInit":{"runPsuInit":true,"plPowerup":true,"psuInitTclFile":"${workspaceFolder}/app_component/_ide/psinit/psu_init.tcl"}},"zuTraceOptions":{"isSelected":false,"scratchAddress":"0x60000","scratchSize":"0x60000","traceOutputPath":""},"downloadElf":[{"core":"psu_cortexa53_0","resetProcessor":true,"elfFile":"${workspaceFolder}/app_component/build/app_component.elf","stopAtEntry":false,"isSelfRelocatingApp":false,"relativeAddress":""}],"crossTriggerBreakpoints":{"isSelected":false,"breakpoints":[]}},"internalConsoleOptions":"openOnSessionStart","__configUri":"file:///home3/shared/chapman44/cheshire/app_component/_ide/launch.json"} 
2026-05-08 10:09:25 [info] : [Debug Manager] Disabling breakpoints in the tool to enable run mode for 'app_component_app_hw_1 [app_component]'. 
2026-05-08 10:09:25 [info] : [Debug Manager] Launch session has started on the configuration 'app_component_app_hw_1 [app_component]' 
2026-05-08 10:09:51 [info] : [Debug Manager] Launch session has terminated on the configuration 'app_component_app_hw_1 [app_component]' 
2026-05-08 10:09:51 [info] : [Debug Manager] Enabling breakpoints after running the application using 'app_component_app_hw_1 [app_component]'. 
2026-05-08 10:09:54 [info] : [Platform Server] Generate platform output stream finished - platform. 
2026-05-08 10:09:55 [info] : [Build Server] Build output stream finished - app_component::. 
2026-05-08 10:10:07 [info] : [Platform Server] Generate platform output stream finished - platform. 
2026-05-08 10:10:08 [info] : [Build Server] Build output stream finished - app_component::. 
2026-05-08 10:11:47 [info] : [Debug Manager] Successfully verified the target connection used  Local 
2026-05-08 10:11:47 [info] : [Debug Manager] Starting launch in 'run' mode using configuration: {"type":"tcf-debug","request":"launch","name":"app_component_app_hw_1","debugType":"baremetal-zu","attachToRunningTargetOptions":{"targetSetupMode":"standalone","executeScript":true,"scriptPath":""},"autoAttachProcessChildren":false,"target":{"targetConnectionId":"Local","peersIniPath":"../../_ide/.peers.ini","context":"ZUPlus"},"pathMap":[],"targetSetup":{"resetSystem":true,"programDevice":true,"partialBitstream":false,"skipRevisionCheck":false,"device":{"plDevice":"Auto Detect","psDevice":"Auto Detect"},"enableRPUSplitMode":false,"resetAPU":false,"resetRPU":false,"bitstreamFile":"${workspaceFolder}/app_component/_ide/bitstream/connect_top.bit","zuInitialization":{"isFsbl":true,"usingFSBL":{"initWithFSBL":true,"fsblFile":"${workspaceFolder}/platform/export/platform/sw/boot/fsbl.elf","fsblExitSymbol":"XFsbl_Exit"},"usingPsuInit":{"runPsuInit":true,"plPowerup":true,"psuInitTclFile":"${workspaceFolder}/app_component/_ide/psinit/psu_init.tcl"}},"zuTraceOptions":{"isSelected":false,"scratchAddress":"0x60000","scratchSize":"0x60000","traceOutputPath":""},"downloadElf":[{"core":"psu_cortexa53_0","resetProcessor":true,"elfFile":"${workspaceFolder}/app_component/build/app_component.elf","stopAtEntry":false,"isSelfRelocatingApp":false,"relativeAddress":""}],"crossTriggerBreakpoints":{"isSelected":false,"breakpoints":[]}},"internalConsoleOptions":"openOnSessionStart","__configUri":"file:///home3/shared/chapman44/cheshire/app_component/_ide/launch.json"} 
2026-05-08 10:11:47 [info] : [Debug Manager] Disabling breakpoints in the tool to enable run mode for 'app_component_app_hw_1 [app_component]'. 
2026-05-08 10:11:47 [info] : [Debug Manager] Launch session has started on the configuration 'app_component_app_hw_1 [app_component]' 
2026-05-08 10:12:10 [info] : [Debug Manager] Launch session has terminated on the configuration 'app_component_app_hw_1 [app_component]' 
2026-05-08 10:12:10 [info] : [Debug Manager] Enabling breakpoints after running the application using 'app_component_app_hw_1 [app_component]'. 
2026-05-08 10:12:15 [info] : [Platform Server] Generate platform output stream finished - platform. 
2026-05-08 10:12:16 [info] : [Build Server] Build output stream finished - app_component::. 
2026-05-08 10:13:58 [info] : [Debug Manager] Successfully verified the target connection used  Local 
2026-05-08 10:13:58 [info] : [Debug Manager] Starting launch in 'run' mode using configuration: {"type":"tcf-debug","request":"launch","name":"app_component_app_hw_1","debugType":"baremetal-zu","attachToRunningTargetOptions":{"targetSetupMode":"standalone","executeScript":true,"scriptPath":""},"autoAttachProcessChildren":false,"target":{"targetConnectionId":"Local","peersIniPath":"../../_ide/.peers.ini","context":"ZUPlus"},"pathMap":[],"targetSetup":{"resetSystem":true,"programDevice":true,"partialBitstream":false,"skipRevisionCheck":false,"device":{"plDevice":"Auto Detect","psDevice":"Auto Detect"},"enableRPUSplitMode":false,"resetAPU":false,"resetRPU":false,"bitstreamFile":"${workspaceFolder}/app_component/_ide/bitstream/connect_top.bit","zuInitialization":{"isFsbl":true,"usingFSBL":{"initWithFSBL":true,"fsblFile":"${workspaceFolder}/platform/export/platform/sw/boot/fsbl.elf","fsblExitSymbol":"XFsbl_Exit"},"usingPsuInit":{"runPsuInit":true,"plPowerup":true,"psuInitTclFile":"${workspaceFolder}/app_component/_ide/psinit/psu_init.tcl"}},"zuTraceOptions":{"isSelected":false,"scratchAddress":"0x60000","scratchSize":"0x60000","traceOutputPath":""},"downloadElf":[{"core":"psu_cortexa53_0","resetProcessor":true,"elfFile":"${workspaceFolder}/app_component/build/app_component.elf","stopAtEntry":false,"isSelfRelocatingApp":false,"relativeAddress":""}],"crossTriggerBreakpoints":{"isSelected":false,"breakpoints":[]}},"internalConsoleOptions":"openOnSessionStart","__configUri":"file:///home3/shared/chapman44/cheshire/app_component/_ide/launch.json"} 
2026-05-08 10:13:58 [info] : [Debug Manager] Disabling breakpoints in the tool to enable run mode for 'app_component_app_hw_1 [app_component]'. 
2026-05-08 10:13:58 [info] : [Debug Manager] Launch session has started on the configuration 'app_component_app_hw_1 [app_component]' 
2026-05-08 10:14:14 [info] : [Debug Manager] Launch session has terminated on the configuration 'app_component_app_hw_1 [app_component]' 
2026-05-08 10:14:14 [info] : [Debug Manager] Enabling breakpoints after running the application using 'app_component_app_hw_1 [app_component]'. 
2026-05-08 10:15:56 [info] : [Debug Manager] Successfully verified the target connection used  Local 
2026-05-08 10:15:56 [info] : [Debug Manager] Starting launch in 'run' mode using configuration: {"type":"tcf-debug","request":"launch","name":"app_component_app_hw_1","debugType":"baremetal-zu","attachToRunningTargetOptions":{"targetSetupMode":"standalone","executeScript":true,"scriptPath":""},"autoAttachProcessChildren":false,"target":{"targetConnectionId":"Local","peersIniPath":"../../_ide/.peers.ini","context":"ZUPlus"},"pathMap":[],"targetSetup":{"resetSystem":true,"programDevice":true,"partialBitstream":false,"skipRevisionCheck":false,"device":{"plDevice":"Auto Detect","psDevice":"Auto Detect"},"enableRPUSplitMode":false,"resetAPU":false,"resetRPU":false,"bitstreamFile":"${workspaceFolder}/app_component/_ide/bitstream/connect_top.bit","zuInitialization":{"isFsbl":true,"usingFSBL":{"initWithFSBL":true,"fsblFile":"${workspaceFolder}/platform/export/platform/sw/boot/fsbl.elf","fsblExitSymbol":"XFsbl_Exit"},"usingPsuInit":{"runPsuInit":true,"plPowerup":true,"psuInitTclFile":"${workspaceFolder}/app_component/_ide/psinit/psu_init.tcl"}},"zuTraceOptions":{"isSelected":false,"scratchAddress":"0x60000","scratchSize":"0x60000","traceOutputPath":""},"downloadElf":[{"core":"psu_cortexa53_0","resetProcessor":true,"elfFile":"${workspaceFolder}/app_component/build/app_component.elf","stopAtEntry":false,"isSelfRelocatingApp":false,"relativeAddress":""}],"crossTriggerBreakpoints":{"isSelected":false,"breakpoints":[]}},"internalConsoleOptions":"openOnSessionStart","__configUri":"file:///home3/shared/chapman44/cheshire/app_component/_ide/launch.json"} 
2026-05-08 10:15:56 [info] : [Debug Manager] Disabling breakpoints in the tool to enable run mode for 'app_component_app_hw_1 [app_component]'. 
2026-05-08 10:15:56 [info] : [Debug Manager] Launch session has started on the configuration 'app_component_app_hw_1 [app_component]' 
2026-05-08 10:16:28 [info] : [Debug Manager] Launch session has terminated on the configuration 'app_component_app_hw_1 [app_component]' 
2026-05-08 10:16:28 [info] : [Debug Manager] Enabling breakpoints after running the application using 'app_component_app_hw_1 [app_component]'. 
2026-05-08 10:16:34 [info] : [Platform Server] Generate platform output stream finished - platform. 
2026-05-08 10:16:36 [info] : [Build Server] Build output stream finished - app_component::. 
2026-05-08 10:18:13 [info] : [Debug Manager] Successfully verified the target connection used  Local 
2026-05-08 10:18:13 [info] : [Debug Manager] Starting launch in 'run' mode using configuration: {"type":"tcf-debug","request":"launch","name":"app_component_app_hw_1","debugType":"baremetal-zu","attachToRunningTargetOptions":{"targetSetupMode":"standalone","executeScript":true,"scriptPath":""},"autoAttachProcessChildren":false,"target":{"targetConnectionId":"Local","peersIniPath":"../../_ide/.peers.ini","context":"ZUPlus"},"pathMap":[],"targetSetup":{"resetSystem":true,"programDevice":true,"partialBitstream":false,"skipRevisionCheck":false,"device":{"plDevice":"Auto Detect","psDevice":"Auto Detect"},"enableRPUSplitMode":false,"resetAPU":false,"resetRPU":false,"bitstreamFile":"${workspaceFolder}/app_component/_ide/bitstream/connect_top.bit","zuInitialization":{"isFsbl":true,"usingFSBL":{"initWithFSBL":true,"fsblFile":"${workspaceFolder}/platform/export/platform/sw/boot/fsbl.elf","fsblExitSymbol":"XFsbl_Exit"},"usingPsuInit":{"runPsuInit":true,"plPowerup":true,"psuInitTclFile":"${workspaceFolder}/app_component/_ide/psinit/psu_init.tcl"}},"zuTraceOptions":{"isSelected":false,"scratchAddress":"0x60000","scratchSize":"0x60000","traceOutputPath":""},"downloadElf":[{"core":"psu_cortexa53_0","resetProcessor":true,"elfFile":"${workspaceFolder}/app_component/build/app_component.elf","stopAtEntry":false,"isSelfRelocatingApp":false,"relativeAddress":""}],"crossTriggerBreakpoints":{"isSelected":false,"breakpoints":[]}},"internalConsoleOptions":"openOnSessionStart","__configUri":"file:///home3/shared/chapman44/cheshire/app_component/_ide/launch.json"} 
2026-05-08 10:18:13 [info] : [Debug Manager] Disabling breakpoints in the tool to enable run mode for 'app_component_app_hw_1 [app_component]'. 
2026-05-08 10:18:14 [info] : [Debug Manager] Launch session has started on the configuration 'app_component_app_hw_1 [app_component]' 
2026-05-08 10:18:34 [info] : [Debug Manager] Launch session has terminated on the configuration 'app_component_app_hw_1 [app_component]' 
2026-05-08 10:18:34 [info] : [Debug Manager] Enabling breakpoints after running the application using 'app_component_app_hw_1 [app_component]'. 
2026-05-08 10:18:45 [info] : [Platform Server] Generate platform output stream finished - platform. 
2026-05-08 10:18:46 [info] : [Build Server] Build output stream finished - app_component::. 
2026-05-08 10:20:27 [info] : [Debug Manager] Successfully verified the target connection used  Local 
2026-05-08 10:20:27 [info] : [Debug Manager] Starting launch in 'run' mode using configuration: {"type":"tcf-debug","request":"launch","name":"app_component_app_hw_1","debugType":"baremetal-zu","attachToRunningTargetOptions":{"targetSetupMode":"standalone","executeScript":true,"scriptPath":""},"autoAttachProcessChildren":false,"target":{"targetConnectionId":"Local","peersIniPath":"../../_ide/.peers.ini","context":"ZUPlus"},"pathMap":[],"targetSetup":{"resetSystem":true,"programDevice":true,"partialBitstream":false,"skipRevisionCheck":false,"device":{"plDevice":"Auto Detect","psDevice":"Auto Detect"},"enableRPUSplitMode":false,"resetAPU":false,"resetRPU":false,"bitstreamFile":"${workspaceFolder}/app_component/_ide/bitstream/connect_top.bit","zuInitialization":{"isFsbl":true,"usingFSBL":{"initWithFSBL":true,"fsblFile":"${workspaceFolder}/platform/export/platform/sw/boot/fsbl.elf","fsblExitSymbol":"XFsbl_Exit"},"usingPsuInit":{"runPsuInit":true,"plPowerup":true,"psuInitTclFile":"${workspaceFolder}/app_component/_ide/psinit/psu_init.tcl"}},"zuTraceOptions":{"isSelected":false,"scratchAddress":"0x60000","scratchSize":"0x60000","traceOutputPath":""},"downloadElf":[{"core":"psu_cortexa53_0","resetProcessor":true,"elfFile":"${workspaceFolder}/app_component/build/app_component.elf","stopAtEntry":false,"isSelfRelocatingApp":false,"relativeAddress":""}],"crossTriggerBreakpoints":{"isSelected":false,"breakpoints":[]}},"internalConsoleOptions":"openOnSessionStart","__configUri":"file:///home3/shared/chapman44/cheshire/app_component/_ide/launch.json"} 
2026-05-08 10:20:27 [info] : [Debug Manager] Disabling breakpoints in the tool to enable run mode for 'app_component_app_hw_1 [app_component]'. 
2026-05-08 10:20:28 [info] : [Debug Manager] Launch session has started on the configuration 'app_component_app_hw_1 [app_component]' 
2026-05-08 10:20:34 [info] : [Debug Manager] Launch session has terminated on the configuration 'app_component_app_hw_1 [app_component]' 
2026-05-08 10:20:34 [info] : [Debug Manager] Enabling breakpoints after running the application using 'app_component_app_hw_1 [app_component]'. 
2026-05-08 10:23:28 [info] : [Platform Server] Generate platform output stream finished - platform. 
2026-05-08 10:23:29 [info] : [Build Server] Build output stream finished - app_component::. 
2026-05-08 10:25:13 [info] : [Debug Manager] Successfully verified the target connection used  Local 
2026-05-08 10:25:13 [info] : [Debug Manager] Starting launch in 'run' mode using configuration: {"type":"tcf-debug","request":"launch","name":"app_component_app_hw_1","debugType":"baremetal-zu","attachToRunningTargetOptions":{"targetSetupMode":"standalone","executeScript":true,"scriptPath":""},"autoAttachProcessChildren":false,"target":{"targetConnectionId":"Local","peersIniPath":"../../_ide/.peers.ini","context":"ZUPlus"},"pathMap":[],"targetSetup":{"resetSystem":true,"programDevice":true,"partialBitstream":false,"skipRevisionCheck":false,"device":{"plDevice":"Auto Detect","psDevice":"Auto Detect"},"enableRPUSplitMode":false,"resetAPU":false,"resetRPU":false,"bitstreamFile":"${workspaceFolder}/app_component/_ide/bitstream/connect_top.bit","zuInitialization":{"isFsbl":true,"usingFSBL":{"initWithFSBL":true,"fsblFile":"${workspaceFolder}/platform/export/platform/sw/boot/fsbl.elf","fsblExitSymbol":"XFsbl_Exit"},"usingPsuInit":{"runPsuInit":true,"plPowerup":true,"psuInitTclFile":"${workspaceFolder}/app_component/_ide/psinit/psu_init.tcl"}},"zuTraceOptions":{"isSelected":false,"scratchAddress":"0x60000","scratchSize":"0x60000","traceOutputPath":""},"downloadElf":[{"core":"psu_cortexa53_0","resetProcessor":true,"elfFile":"${workspaceFolder}/app_component/build/app_component.elf","stopAtEntry":false,"isSelfRelocatingApp":false,"relativeAddress":""}],"crossTriggerBreakpoints":{"isSelected":false,"breakpoints":[]}},"internalConsoleOptions":"openOnSessionStart","__configUri":"file:///home3/shared/chapman44/cheshire/app_component/_ide/launch.json"} 
2026-05-08 10:25:13 [info] : [Debug Manager] Disabling breakpoints in the tool to enable run mode for 'app_component_app_hw_1 [app_component]'. 
2026-05-08 10:25:13 [info] : [Debug Manager] Launch session has started on the configuration 'app_component_app_hw_1 [app_component]' 
2026-05-08 10:26:31 [info] : [Debug Manager] Launch session has terminated on the configuration 'app_component_app_hw_1 [app_component]' 
2026-05-08 10:26:31 [info] : [Debug Manager] Enabling breakpoints after running the application using 'app_component_app_hw_1 [app_component]'. 
2026-05-08 10:26:36 [info] : [Platform Server] Generate platform output stream finished - platform. 
2026-05-08 10:26:37 [info] : [Build Server] Build output stream finished - app_component::. 
2026-05-08 10:28:17 [info] : [Debug Manager] Successfully verified the target connection used  Local 
2026-05-08 10:28:17 [info] : [Debug Manager] Starting launch in 'run' mode using configuration: {"type":"tcf-debug","request":"launch","name":"app_component_app_hw_1","debugType":"baremetal-zu","attachToRunningTargetOptions":{"targetSetupMode":"standalone","executeScript":true,"scriptPath":""},"autoAttachProcessChildren":false,"target":{"targetConnectionId":"Local","peersIniPath":"../../_ide/.peers.ini","context":"ZUPlus"},"pathMap":[],"targetSetup":{"resetSystem":true,"programDevice":true,"partialBitstream":false,"skipRevisionCheck":false,"device":{"plDevice":"Auto Detect","psDevice":"Auto Detect"},"enableRPUSplitMode":false,"resetAPU":false,"resetRPU":false,"bitstreamFile":"${workspaceFolder}/app_component/_ide/bitstream/connect_top.bit","zuInitialization":{"isFsbl":true,"usingFSBL":{"initWithFSBL":true,"fsblFile":"${workspaceFolder}/platform/export/platform/sw/boot/fsbl.elf","fsblExitSymbol":"XFsbl_Exit"},"usingPsuInit":{"runPsuInit":true,"plPowerup":true,"psuInitTclFile":"${workspaceFolder}/app_component/_ide/psinit/psu_init.tcl"}},"zuTraceOptions":{"isSelected":false,"scratchAddress":"0x60000","scratchSize":"0x60000","traceOutputPath":""},"downloadElf":[{"core":"psu_cortexa53_0","resetProcessor":true,"elfFile":"${workspaceFolder}/app_component/build/app_component.elf","stopAtEntry":false,"isSelfRelocatingApp":false,"relativeAddress":""}],"crossTriggerBreakpoints":{"isSelected":false,"breakpoints":[]}},"internalConsoleOptions":"openOnSessionStart","__configUri":"file:///home3/shared/chapman44/cheshire/app_component/_ide/launch.json"} 
2026-05-08 10:28:17 [info] : [Debug Manager] Disabling breakpoints in the tool to enable run mode for 'app_component_app_hw_1 [app_component]'. 
2026-05-08 10:28:17 [info] : [Debug Manager] Launch session has started on the configuration 'app_component_app_hw_1 [app_component]' 
2026-05-08 10:29:25 [info] : [Debug Manager] Launch session has terminated on the configuration 'app_component_app_hw_1 [app_component]' 
2026-05-08 10:29:25 [info] : [Debug Manager] Enabling breakpoints after running the application using 'app_component_app_hw_1 [app_component]'. 
2026-05-08 10:29:45 [info] : [Platform Server] Generate platform output stream finished - platform. 
2026-05-08 10:29:46 [info] : [Build Server] Build output stream finished - app_component::. 
2026-05-08 10:31:29 [info] : [Debug Manager] Successfully verified the target connection used  Local 
2026-05-08 10:31:29 [info] : [Debug Manager] Starting launch in 'run' mode using configuration: {"type":"tcf-debug","request":"launch","name":"app_component_app_hw_1","debugType":"baremetal-zu","attachToRunningTargetOptions":{"targetSetupMode":"standalone","executeScript":true,"scriptPath":""},"autoAttachProcessChildren":false,"target":{"targetConnectionId":"Local","peersIniPath":"../../_ide/.peers.ini","context":"ZUPlus"},"pathMap":[],"targetSetup":{"resetSystem":true,"programDevice":true,"partialBitstream":false,"skipRevisionCheck":false,"device":{"plDevice":"Auto Detect","psDevice":"Auto Detect"},"enableRPUSplitMode":false,"resetAPU":false,"resetRPU":false,"bitstreamFile":"${workspaceFolder}/app_component/_ide/bitstream/connect_top.bit","zuInitialization":{"isFsbl":true,"usingFSBL":{"initWithFSBL":true,"fsblFile":"${workspaceFolder}/platform/export/platform/sw/boot/fsbl.elf","fsblExitSymbol":"XFsbl_Exit"},"usingPsuInit":{"runPsuInit":true,"plPowerup":true,"psuInitTclFile":"${workspaceFolder}/app_component/_ide/psinit/psu_init.tcl"}},"zuTraceOptions":{"isSelected":false,"scratchAddress":"0x60000","scratchSize":"0x60000","traceOutputPath":""},"downloadElf":[{"core":"psu_cortexa53_0","resetProcessor":true,"elfFile":"${workspaceFolder}/app_component/build/app_component.elf","stopAtEntry":false,"isSelfRelocatingApp":false,"relativeAddress":""}],"crossTriggerBreakpoints":{"isSelected":false,"breakpoints":[]}},"internalConsoleOptions":"openOnSessionStart","__configUri":"file:///home3/shared/chapman44/cheshire/app_component/_ide/launch.json"} 
2026-05-08 10:31:29 [info] : [Debug Manager] Disabling breakpoints in the tool to enable run mode for 'app_component_app_hw_1 [app_component]'. 
2026-05-08 10:31:29 [info] : [Debug Manager] Launch session has started on the configuration 'app_component_app_hw_1 [app_component]' 
2026-05-08 10:31:46 [info] : [Debug Manager] Launch session has terminated on the configuration 'app_component_app_hw_1 [app_component]' 
2026-05-08 10:31:46 [info] : [Debug Manager] Enabling breakpoints after running the application using 'app_component_app_hw_1 [app_component]'. 
2026-05-08 10:34:01 [info] : [Platform Server] Generate platform output stream finished - platform. 
2026-05-08 10:34:02 [info] : [Build Server] Build output stream finished - app_component::. 
2026-05-08 10:35:43 [info] : [Debug Manager] Successfully verified the target connection used  Local 
2026-05-08 10:35:43 [info] : [Debug Manager] Starting launch in 'run' mode using configuration: {"type":"tcf-debug","request":"launch","name":"app_component_app_hw_1","debugType":"baremetal-zu","attachToRunningTargetOptions":{"targetSetupMode":"standalone","executeScript":true,"scriptPath":""},"autoAttachProcessChildren":false,"target":{"targetConnectionId":"Local","peersIniPath":"../../_ide/.peers.ini","context":"ZUPlus"},"pathMap":[],"targetSetup":{"resetSystem":true,"programDevice":true,"partialBitstream":false,"skipRevisionCheck":false,"device":{"plDevice":"Auto Detect","psDevice":"Auto Detect"},"enableRPUSplitMode":false,"resetAPU":false,"resetRPU":false,"bitstreamFile":"${workspaceFolder}/app_component/_ide/bitstream/connect_top.bit","zuInitialization":{"isFsbl":true,"usingFSBL":{"initWithFSBL":true,"fsblFile":"${workspaceFolder}/platform/export/platform/sw/boot/fsbl.elf","fsblExitSymbol":"XFsbl_Exit"},"usingPsuInit":{"runPsuInit":true,"plPowerup":true,"psuInitTclFile":"${workspaceFolder}/app_component/_ide/psinit/psu_init.tcl"}},"zuTraceOptions":{"isSelected":false,"scratchAddress":"0x60000","scratchSize":"0x60000","traceOutputPath":""},"downloadElf":[{"core":"psu_cortexa53_0","resetProcessor":true,"elfFile":"${workspaceFolder}/app_component/build/app_component.elf","stopAtEntry":false,"isSelfRelocatingApp":false,"relativeAddress":""}],"crossTriggerBreakpoints":{"isSelected":false,"breakpoints":[]}},"internalConsoleOptions":"openOnSessionStart","__configUri":"file:///home3/shared/chapman44/cheshire/app_component/_ide/launch.json"} 
2026-05-08 10:35:43 [info] : [Debug Manager] Disabling breakpoints in the tool to enable run mode for 'app_component_app_hw_1 [app_component]'. 
2026-05-08 10:35:43 [info] : [Debug Manager] Launch session has started on the configuration 'app_component_app_hw_1 [app_component]' 
2026-05-08 10:37:03 [info] : [Debug Manager] Launch session has terminated on the configuration 'app_component_app_hw_1 [app_component]' 
2026-05-08 10:37:03 [info] : [Debug Manager] Enabling breakpoints after running the application using 'app_component_app_hw_1 [app_component]'. 
2026-05-08 10:37:18 [info] : [Platform Server] Generate platform output stream finished - platform. 
2026-05-08 10:37:19 [info] : [Build Server] Build output stream finished - app_component::. 
2026-05-08 10:38:59 [info] : [Debug Manager] Successfully verified the target connection used  Local 
2026-05-08 10:38:59 [info] : [Debug Manager] Starting launch in 'run' mode using configuration: {"type":"tcf-debug","request":"launch","name":"app_component_app_hw_1","debugType":"baremetal-zu","attachToRunningTargetOptions":{"targetSetupMode":"standalone","executeScript":true,"scriptPath":""},"autoAttachProcessChildren":false,"target":{"targetConnectionId":"Local","peersIniPath":"../../_ide/.peers.ini","context":"ZUPlus"},"pathMap":[],"targetSetup":{"resetSystem":true,"programDevice":true,"partialBitstream":false,"skipRevisionCheck":false,"device":{"plDevice":"Auto Detect","psDevice":"Auto Detect"},"enableRPUSplitMode":false,"resetAPU":false,"resetRPU":false,"bitstreamFile":"${workspaceFolder}/app_component/_ide/bitstream/connect_top.bit","zuInitialization":{"isFsbl":true,"usingFSBL":{"initWithFSBL":true,"fsblFile":"${workspaceFolder}/platform/export/platform/sw/boot/fsbl.elf","fsblExitSymbol":"XFsbl_Exit"},"usingPsuInit":{"runPsuInit":true,"plPowerup":true,"psuInitTclFile":"${workspaceFolder}/app_component/_ide/psinit/psu_init.tcl"}},"zuTraceOptions":{"isSelected":false,"scratchAddress":"0x60000","scratchSize":"0x60000","traceOutputPath":""},"downloadElf":[{"core":"psu_cortexa53_0","resetProcessor":true,"elfFile":"${workspaceFolder}/app_component/build/app_component.elf","stopAtEntry":false,"isSelfRelocatingApp":false,"relativeAddress":""}],"crossTriggerBreakpoints":{"isSelected":false,"breakpoints":[]}},"internalConsoleOptions":"openOnSessionStart","__configUri":"file:///home3/shared/chapman44/cheshire/app_component/_ide/launch.json"} 
2026-05-08 10:38:59 [info] : [Debug Manager] Disabling breakpoints in the tool to enable run mode for 'app_component_app_hw_1 [app_component]'. 
2026-05-08 10:39:00 [info] : [Debug Manager] Launch session has started on the configuration 'app_component_app_hw_1 [app_component]' 
2026-05-08 10:40:12 [info] : [Debug Manager] Launch session has terminated on the configuration 'app_component_app_hw_1 [app_component]' 
2026-05-08 10:40:12 [info] : [Debug Manager] Enabling breakpoints after running the application using 'app_component_app_hw_1 [app_component]'. 
2026-05-08 10:41:01 [info] : [Platform Server] Generate platform output stream finished - platform. 
2026-05-08 10:41:02 [info] : [Build Server] Build output stream finished - app_component::. 
2026-05-08 10:42:58 [info] : [Debug Manager] Successfully verified the target connection used  Local 
2026-05-08 10:42:58 [info] : [Debug Manager] Starting launch in 'run' mode using configuration: {"type":"tcf-debug","request":"launch","name":"app_component_app_hw_1","debugType":"baremetal-zu","attachToRunningTargetOptions":{"targetSetupMode":"standalone","executeScript":true,"scriptPath":""},"autoAttachProcessChildren":false,"target":{"targetConnectionId":"Local","peersIniPath":"../../_ide/.peers.ini","context":"ZUPlus"},"pathMap":[],"targetSetup":{"resetSystem":true,"programDevice":true,"partialBitstream":false,"skipRevisionCheck":false,"device":{"plDevice":"Auto Detect","psDevice":"Auto Detect"},"enableRPUSplitMode":false,"resetAPU":false,"resetRPU":false,"bitstreamFile":"${workspaceFolder}/app_component/_ide/bitstream/connect_top.bit","zuInitialization":{"isFsbl":true,"usingFSBL":{"initWithFSBL":true,"fsblFile":"${workspaceFolder}/platform/export/platform/sw/boot/fsbl.elf","fsblExitSymbol":"XFsbl_Exit"},"usingPsuInit":{"runPsuInit":true,"plPowerup":true,"psuInitTclFile":"${workspaceFolder}/app_component/_ide/psinit/psu_init.tcl"}},"zuTraceOptions":{"isSelected":false,"scratchAddress":"0x60000","scratchSize":"0x60000","traceOutputPath":""},"downloadElf":[{"core":"psu_cortexa53_0","resetProcessor":true,"elfFile":"${workspaceFolder}/app_component/build/app_component.elf","stopAtEntry":false,"isSelfRelocatingApp":false,"relativeAddress":""}],"crossTriggerBreakpoints":{"isSelected":false,"breakpoints":[]}},"internalConsoleOptions":"openOnSessionStart","__configUri":"file:///home3/shared/chapman44/cheshire/app_component/_ide/launch.json"} 
2026-05-08 10:42:58 [info] : [Debug Manager] Disabling breakpoints in the tool to enable run mode for 'app_component_app_hw_1 [app_component]'. 
2026-05-08 10:42:58 [info] : [Debug Manager] Launch session has started on the configuration 'app_component_app_hw_1 [app_component]' 
2026-05-08 10:43:05 [info] : [Debug Manager] Launch session has terminated on the configuration 'app_component_app_hw_1 [app_component]' 
2026-05-08 10:43:05 [info] : [Debug Manager] Enabling breakpoints after running the application using 'app_component_app_hw_1 [app_component]'. 
2026-05-08 10:43:49 [info] : [Platform Server] Generate platform output stream finished - platform. 
2026-05-08 10:43:50 [info] : [Build Server] Build output stream finished - app_component::. 
2026-05-08 10:45:36 [info] : [Debug Manager] Successfully verified the target connection used  Local 
2026-05-08 10:45:36 [info] : [Debug Manager] Starting launch in 'run' mode using configuration: {"type":"tcf-debug","request":"launch","name":"app_component_app_hw_1","debugType":"baremetal-zu","attachToRunningTargetOptions":{"targetSetupMode":"standalone","executeScript":true,"scriptPath":""},"autoAttachProcessChildren":false,"target":{"targetConnectionId":"Local","peersIniPath":"../../_ide/.peers.ini","context":"ZUPlus"},"pathMap":[],"targetSetup":{"resetSystem":true,"programDevice":true,"partialBitstream":false,"skipRevisionCheck":false,"device":{"plDevice":"Auto Detect","psDevice":"Auto Detect"},"enableRPUSplitMode":false,"resetAPU":false,"resetRPU":false,"bitstreamFile":"${workspaceFolder}/app_component/_ide/bitstream/connect_top.bit","zuInitialization":{"isFsbl":true,"usingFSBL":{"initWithFSBL":true,"fsblFile":"${workspaceFolder}/platform/export/platform/sw/boot/fsbl.elf","fsblExitSymbol":"XFsbl_Exit"},"usingPsuInit":{"runPsuInit":true,"plPowerup":true,"psuInitTclFile":"${workspaceFolder}/app_component/_ide/psinit/psu_init.tcl"}},"zuTraceOptions":{"isSelected":false,"scratchAddress":"0x60000","scratchSize":"0x60000","traceOutputPath":""},"downloadElf":[{"core":"psu_cortexa53_0","resetProcessor":true,"elfFile":"${workspaceFolder}/app_component/build/app_component.elf","stopAtEntry":false,"isSelfRelocatingApp":false,"relativeAddress":""}],"crossTriggerBreakpoints":{"isSelected":false,"breakpoints":[]}},"internalConsoleOptions":"openOnSessionStart","__configUri":"file:///home3/shared/chapman44/cheshire/app_component/_ide/launch.json"} 
2026-05-08 10:45:36 [info] : [Debug Manager] Disabling breakpoints in the tool to enable run mode for 'app_component_app_hw_1 [app_component]'. 
2026-05-08 10:45:36 [info] : [Debug Manager] Launch session has started on the configuration 'app_component_app_hw_1 [app_component]' 
2026-05-08 10:46:33 [info] : [Debug Manager] Launch session has terminated on the configuration 'app_component_app_hw_1 [app_component]' 
2026-05-08 10:46:33 [info] : [Debug Manager] Enabling breakpoints after running the application using 'app_component_app_hw_1 [app_component]'. 
2026-05-08 10:46:54 [info] : [Platform Server] Generate platform output stream finished - platform. 
2026-05-08 10:46:55 [info] : [Build Server] Build output stream finished - app_component::. 
2026-05-08 10:48:37 [info] : [Debug Manager] Successfully verified the target connection used  Local 
2026-05-08 10:48:37 [info] : [Debug Manager] Starting launch in 'run' mode using configuration: {"type":"tcf-debug","request":"launch","name":"app_component_app_hw_1","debugType":"baremetal-zu","attachToRunningTargetOptions":{"targetSetupMode":"standalone","executeScript":true,"scriptPath":""},"autoAttachProcessChildren":false,"target":{"targetConnectionId":"Local","peersIniPath":"../../_ide/.peers.ini","context":"ZUPlus"},"pathMap":[],"targetSetup":{"resetSystem":true,"programDevice":true,"partialBitstream":false,"skipRevisionCheck":false,"device":{"plDevice":"Auto Detect","psDevice":"Auto Detect"},"enableRPUSplitMode":false,"resetAPU":false,"resetRPU":false,"bitstreamFile":"${workspaceFolder}/app_component/_ide/bitstream/connect_top.bit","zuInitialization":{"isFsbl":true,"usingFSBL":{"initWithFSBL":true,"fsblFile":"${workspaceFolder}/platform/export/platform/sw/boot/fsbl.elf","fsblExitSymbol":"XFsbl_Exit"},"usingPsuInit":{"runPsuInit":true,"plPowerup":true,"psuInitTclFile":"${workspaceFolder}/app_component/_ide/psinit/psu_init.tcl"}},"zuTraceOptions":{"isSelected":false,"scratchAddress":"0x60000","scratchSize":"0x60000","traceOutputPath":""},"downloadElf":[{"core":"psu_cortexa53_0","resetProcessor":true,"elfFile":"${workspaceFolder}/app_component/build/app_component.elf","stopAtEntry":false,"isSelfRelocatingApp":false,"relativeAddress":""}],"crossTriggerBreakpoints":{"isSelected":false,"breakpoints":[]}},"internalConsoleOptions":"openOnSessionStart","__configUri":"file:///home3/shared/chapman44/cheshire/app_component/_ide/launch.json"} 
2026-05-08 10:48:37 [info] : [Debug Manager] Disabling breakpoints in the tool to enable run mode for 'app_component_app_hw_1 [app_component]'. 
2026-05-08 10:48:38 [info] : [Debug Manager] Launch session has started on the configuration 'app_component_app_hw_1 [app_component]' 
2026-05-08 10:51:28 [info] : [Debug Manager] Launch session has terminated on the configuration 'app_component_app_hw_1 [app_component]' 
2026-05-08 10:51:28 [info] : [Debug Manager] Enabling breakpoints after running the application using 'app_component_app_hw_1 [app_component]'. 
2026-05-08 10:51:53 [info] : [Platform Server] Generate platform output stream finished - platform. 
2026-05-08 10:51:54 [info] : [Build Server] Build output stream finished - app_component::. 
2026-05-08 10:53:35 [info] : [Debug Manager] Successfully verified the target connection used  Local 
2026-05-08 10:53:35 [info] : [Debug Manager] Starting launch in 'run' mode using configuration: {"type":"tcf-debug","request":"launch","name":"app_component_app_hw_1","debugType":"baremetal-zu","attachToRunningTargetOptions":{"targetSetupMode":"standalone","executeScript":true,"scriptPath":""},"autoAttachProcessChildren":false,"target":{"targetConnectionId":"Local","peersIniPath":"../../_ide/.peers.ini","context":"ZUPlus"},"pathMap":[],"targetSetup":{"resetSystem":true,"programDevice":true,"partialBitstream":false,"skipRevisionCheck":false,"device":{"plDevice":"Auto Detect","psDevice":"Auto Detect"},"enableRPUSplitMode":false,"resetAPU":false,"resetRPU":false,"bitstreamFile":"${workspaceFolder}/app_component/_ide/bitstream/connect_top.bit","zuInitialization":{"isFsbl":true,"usingFSBL":{"initWithFSBL":true,"fsblFile":"${workspaceFolder}/platform/export/platform/sw/boot/fsbl.elf","fsblExitSymbol":"XFsbl_Exit"},"usingPsuInit":{"runPsuInit":true,"plPowerup":true,"psuInitTclFile":"${workspaceFolder}/app_component/_ide/psinit/psu_init.tcl"}},"zuTraceOptions":{"isSelected":false,"scratchAddress":"0x60000","scratchSize":"0x60000","traceOutputPath":""},"downloadElf":[{"core":"psu_cortexa53_0","resetProcessor":true,"elfFile":"${workspaceFolder}/app_component/build/app_component.elf","stopAtEntry":false,"isSelfRelocatingApp":false,"relativeAddress":""}],"crossTriggerBreakpoints":{"isSelected":false,"breakpoints":[]}},"internalConsoleOptions":"openOnSessionStart","__configUri":"file:///home3/shared/chapman44/cheshire/app_component/_ide/launch.json"} 
2026-05-08 10:53:35 [info] : [Debug Manager] Disabling breakpoints in the tool to enable run mode for 'app_component_app_hw_1 [app_component]'. 
2026-05-08 10:53:35 [info] : [Debug Manager] Launch session has started on the configuration 'app_component_app_hw_1 [app_component]' 
2026-05-08 10:53:59 [info] : [Debug Manager] Launch session has terminated on the configuration 'app_component_app_hw_1 [app_component]' 
2026-05-08 10:53:59 [info] : [Debug Manager] Enabling breakpoints after running the application using 'app_component_app_hw_1 [app_component]'. 
2026-05-08 10:54:02 [info] : [Platform Server] Generate platform output stream finished - platform. 
2026-05-08 10:54:03 [info] : [Build Server] Build output stream finished - app_component::. 
2026-05-08 10:55:43 [info] : [Debug Manager] Successfully verified the target connection used  Local 
2026-05-08 10:55:43 [info] : [Debug Manager] Starting launch in 'run' mode using configuration: {"type":"tcf-debug","request":"launch","name":"app_component_app_hw_1","debugType":"baremetal-zu","attachToRunningTargetOptions":{"targetSetupMode":"standalone","executeScript":true,"scriptPath":""},"autoAttachProcessChildren":false,"target":{"targetConnectionId":"Local","peersIniPath":"../../_ide/.peers.ini","context":"ZUPlus"},"pathMap":[],"targetSetup":{"resetSystem":true,"programDevice":true,"partialBitstream":false,"skipRevisionCheck":false,"device":{"plDevice":"Auto Detect","psDevice":"Auto Detect"},"enableRPUSplitMode":false,"resetAPU":false,"resetRPU":false,"bitstreamFile":"${workspaceFolder}/app_component/_ide/bitstream/connect_top.bit","zuInitialization":{"isFsbl":true,"usingFSBL":{"initWithFSBL":true,"fsblFile":"${workspaceFolder}/platform/export/platform/sw/boot/fsbl.elf","fsblExitSymbol":"XFsbl_Exit"},"usingPsuInit":{"runPsuInit":true,"plPowerup":true,"psuInitTclFile":"${workspaceFolder}/app_component/_ide/psinit/psu_init.tcl"}},"zuTraceOptions":{"isSelected":false,"scratchAddress":"0x60000","scratchSize":"0x60000","traceOutputPath":""},"downloadElf":[{"core":"psu_cortexa53_0","resetProcessor":true,"elfFile":"${workspaceFolder}/app_component/build/app_component.elf","stopAtEntry":false,"isSelfRelocatingApp":false,"relativeAddress":""}],"crossTriggerBreakpoints":{"isSelected":false,"breakpoints":[]}},"internalConsoleOptions":"openOnSessionStart","__configUri":"file:///home3/shared/chapman44/cheshire/app_component/_ide/launch.json"} 
2026-05-08 10:55:43 [info] : [Debug Manager] Disabling breakpoints in the tool to enable run mode for 'app_component_app_hw_1 [app_component]'. 
2026-05-08 10:55:44 [info] : [Debug Manager] Launch session has started on the configuration 'app_component_app_hw_1 [app_component]' 
2026-05-08 10:56:04 [info] : [Debug Manager] Launch session has terminated on the configuration 'app_component_app_hw_1 [app_component]' 
2026-05-08 10:56:04 [info] : [Debug Manager] Enabling breakpoints after running the application using 'app_component_app_hw_1 [app_component]'. 
2026-05-08 10:56:23 [info] : [Platform Server] Generate platform output stream finished - platform. 
2026-05-08 10:56:24 [info] : [Build Server] Build output stream finished - app_component::. 
2026-05-08 10:56:38 [info] : [Platform Server] Generate platform output stream finished - platform. 
2026-05-08 10:56:39 [info] : [Build Server] Build output stream finished - app_component::. 
2026-05-08 10:58:30 [info] : [Debug Manager] Successfully verified the target connection used  Local 
2026-05-08 10:58:30 [info] : [Debug Manager] Starting launch in 'run' mode using configuration: {"type":"tcf-debug","request":"launch","name":"app_component_app_hw_1","debugType":"baremetal-zu","attachToRunningTargetOptions":{"targetSetupMode":"standalone","executeScript":true,"scriptPath":""},"autoAttachProcessChildren":false,"target":{"targetConnectionId":"Local","peersIniPath":"../../_ide/.peers.ini","context":"ZUPlus"},"pathMap":[],"targetSetup":{"resetSystem":true,"programDevice":true,"partialBitstream":false,"skipRevisionCheck":false,"device":{"plDevice":"Auto Detect","psDevice":"Auto Detect"},"enableRPUSplitMode":false,"resetAPU":false,"resetRPU":false,"bitstreamFile":"${workspaceFolder}/app_component/_ide/bitstream/connect_top.bit","zuInitialization":{"isFsbl":true,"usingFSBL":{"initWithFSBL":true,"fsblFile":"${workspaceFolder}/platform/export/platform/sw/boot/fsbl.elf","fsblExitSymbol":"XFsbl_Exit"},"usingPsuInit":{"runPsuInit":true,"plPowerup":true,"psuInitTclFile":"${workspaceFolder}/app_component/_ide/psinit/psu_init.tcl"}},"zuTraceOptions":{"isSelected":false,"scratchAddress":"0x60000","scratchSize":"0x60000","traceOutputPath":""},"downloadElf":[{"core":"psu_cortexa53_0","resetProcessor":true,"elfFile":"${workspaceFolder}/app_component/build/app_component.elf","stopAtEntry":false,"isSelfRelocatingApp":false,"relativeAddress":""}],"crossTriggerBreakpoints":{"isSelected":false,"breakpoints":[]}},"internalConsoleOptions":"openOnSessionStart","__configUri":"file:///home3/shared/chapman44/cheshire/app_component/_ide/launch.json"} 
2026-05-08 10:58:30 [info] : [Debug Manager] Disabling breakpoints in the tool to enable run mode for 'app_component_app_hw_1 [app_component]'. 
2026-05-08 10:58:30 [info] : [Debug Manager] Launch session has started on the configuration 'app_component_app_hw_1 [app_component]' 
2026-05-08 10:58:52 [info] : [Debug Manager] Launch session has terminated on the configuration 'app_component_app_hw_1 [app_component]' 
2026-05-08 10:58:52 [info] : [Debug Manager] Enabling breakpoints after running the application using 'app_component_app_hw_1 [app_component]'. 
2026-05-08 10:58:55 [info] : [Platform Server] Generate platform output stream finished - platform. 
2026-05-08 10:58:56 [info] : [Build Server] Build output stream finished - app_component::. 
2026-05-08 11:00:38 [info] : [Debug Manager] Successfully verified the target connection used  Local 
2026-05-08 11:00:38 [info] : [Debug Manager] Starting launch in 'run' mode using configuration: {"type":"tcf-debug","request":"launch","name":"app_component_app_hw_1","debugType":"baremetal-zu","attachToRunningTargetOptions":{"targetSetupMode":"standalone","executeScript":true,"scriptPath":""},"autoAttachProcessChildren":false,"target":{"targetConnectionId":"Local","peersIniPath":"../../_ide/.peers.ini","context":"ZUPlus"},"pathMap":[],"targetSetup":{"resetSystem":true,"programDevice":true,"partialBitstream":false,"skipRevisionCheck":false,"device":{"plDevice":"Auto Detect","psDevice":"Auto Detect"},"enableRPUSplitMode":false,"resetAPU":false,"resetRPU":false,"bitstreamFile":"${workspaceFolder}/app_component/_ide/bitstream/connect_top.bit","zuInitialization":{"isFsbl":true,"usingFSBL":{"initWithFSBL":true,"fsblFile":"${workspaceFolder}/platform/export/platform/sw/boot/fsbl.elf","fsblExitSymbol":"XFsbl_Exit"},"usingPsuInit":{"runPsuInit":true,"plPowerup":true,"psuInitTclFile":"${workspaceFolder}/app_component/_ide/psinit/psu_init.tcl"}},"zuTraceOptions":{"isSelected":false,"scratchAddress":"0x60000","scratchSize":"0x60000","traceOutputPath":""},"downloadElf":[{"core":"psu_cortexa53_0","resetProcessor":true,"elfFile":"${workspaceFolder}/app_component/build/app_component.elf","stopAtEntry":false,"isSelfRelocatingApp":false,"relativeAddress":""}],"crossTriggerBreakpoints":{"isSelected":false,"breakpoints":[]}},"internalConsoleOptions":"openOnSessionStart","__configUri":"file:///home3/shared/chapman44/cheshire/app_component/_ide/launch.json"} 
2026-05-08 11:00:38 [info] : [Debug Manager] Disabling breakpoints in the tool to enable run mode for 'app_component_app_hw_1 [app_component]'. 
2026-05-08 11:00:38 [info] : [Debug Manager] Launch session has started on the configuration 'app_component_app_hw_1 [app_component]' 
2026-05-08 11:02:14 [info] : [Debug Manager] Launch session has terminated on the configuration 'app_component_app_hw_1 [app_component]' 
2026-05-08 11:02:14 [info] : [Debug Manager] Enabling breakpoints after running the application using 'app_component_app_hw_1 [app_component]'. 
2026-05-08 11:12:15 [info] : [Platform Server] Generate platform output stream finished - platform. 
2026-05-08 11:12:16 [info] : [Build Server] Build output stream finished - app_component::. 
2026-05-08 11:12:47 [info] : [Platform Server] Generate platform output stream finished - platform. 
2026-05-08 11:12:49 [info] : [Build Server] Build output stream finished - app_component::. 
2026-05-08 11:13:53 [info] : [Platform Server] Generate platform output stream finished - platform. 
2026-05-08 11:13:54 [info] : [Build Server] Build output stream finished - app_component::. 
2026-05-08 11:14:36 [info] : [Platform Server] Generate platform output stream finished - platform. 
2026-05-08 11:14:37 [info] : [Build Server] Build output stream finished - app_component::. 
2026-05-08 11:16:18 [info] : [Debug Manager] Successfully verified the target connection used  Local 
2026-05-08 11:16:18 [info] : [Debug Manager] Starting launch in 'run' mode using configuration: {"type":"tcf-debug","request":"launch","name":"app_component_app_hw_1","debugType":"baremetal-zu","attachToRunningTargetOptions":{"targetSetupMode":"standalone","executeScript":true,"scriptPath":""},"autoAttachProcessChildren":false,"target":{"targetConnectionId":"Local","peersIniPath":"../../_ide/.peers.ini","context":"ZUPlus"},"pathMap":[],"targetSetup":{"resetSystem":true,"programDevice":true,"partialBitstream":false,"skipRevisionCheck":false,"device":{"plDevice":"Auto Detect","psDevice":"Auto Detect"},"enableRPUSplitMode":false,"resetAPU":false,"resetRPU":false,"bitstreamFile":"${workspaceFolder}/app_component/_ide/bitstream/connect_top.bit","zuInitialization":{"isFsbl":true,"usingFSBL":{"initWithFSBL":true,"fsblFile":"${workspaceFolder}/platform/export/platform/sw/boot/fsbl.elf","fsblExitSymbol":"XFsbl_Exit"},"usingPsuInit":{"runPsuInit":true,"plPowerup":true,"psuInitTclFile":"${workspaceFolder}/app_component/_ide/psinit/psu_init.tcl"}},"zuTraceOptions":{"isSelected":false,"scratchAddress":"0x60000","scratchSize":"0x60000","traceOutputPath":""},"downloadElf":[{"core":"psu_cortexa53_0","resetProcessor":true,"elfFile":"${workspaceFolder}/app_component/build/app_component.elf","stopAtEntry":false,"isSelfRelocatingApp":false,"relativeAddress":""}],"crossTriggerBreakpoints":{"isSelected":false,"breakpoints":[]}},"internalConsoleOptions":"openOnSessionStart","__configUri":"file:///home3/shared/chapman44/cheshire/app_component/_ide/launch.json"} 
2026-05-08 11:16:18 [info] : [Debug Manager] Disabling breakpoints in the tool to enable run mode for 'app_component_app_hw_1 [app_component]'. 
2026-05-08 11:16:18 [info] : [Debug Manager] Launch session has started on the configuration 'app_component_app_hw_1 [app_component]' 
2026-05-08 11:18:09 [info] : [Debug Manager] Launch session has terminated on the configuration 'app_component_app_hw_1 [app_component]' 
2026-05-08 11:18:09 [info] : [Debug Manager] Enabling breakpoints after running the application using 'app_component_app_hw_1 [app_component]'. 
2026-05-08 11:18:35 [info] : [Platform Server] Generate platform output stream finished - platform. 
2026-05-08 11:18:36 [info] : [Build Server] Build output stream finished - app_component::. 
2026-05-08 11:21:22 [info] : [Platform Server] Generate platform output stream finished - platform. 
2026-05-08 11:21:23 [info] : [Build Server] Build output stream finished - app_component::. 
2026-05-08 11:22:04 [info] : [Platform Server] Generate platform output stream finished - platform. 
2026-05-08 11:22:05 [info] : [Build Server] Build output stream finished - app_component::. 
2026-05-08 11:22:31 [info] : [Platform Server] Generate platform output stream finished - platform. 
2026-05-08 11:22:32 [info] : [Build Server] Build output stream finished - app_component::. 
2026-05-08 11:24:33 [info] : [Platform Server] Generate platform output stream finished - platform. 
2026-05-08 11:24:34 [info] : [Build Server] Build output stream finished - app_component::. 
2026-05-08 11:25:01 [info] : [Platform Server] Generate platform output stream finished - platform. 
2026-05-08 11:25:02 [info] : [Build Server] Build output stream finished - app_component::. 
2026-05-08 11:25:15 [info] : [Platform Server] Generate platform output stream finished - platform. 
2026-05-08 11:25:16 [info] : [Build Server] Build output stream finished - app_component::. 
2026-05-08 11:26:47 [info] : [Platform Server] Generate platform output stream finished - platform. 
2026-05-08 11:26:48 [info] : [Build Server] Build output stream finished - app_component::. 
2026-05-08 11:27:49 [info] : [Platform Server] Generate platform output stream finished - platform. 
2026-05-08 11:27:50 [info] : [Build Server] Build output stream finished - app_component::. 
2026-05-08 11:29:36 [info] : [Platform Server] Generate platform output stream finished - platform. 
2026-05-08 11:29:37 [info] : [Build Server] Build output stream finished - app_component::. 
2026-05-08 11:30:50 [info] : [Platform Server] Generate platform output stream finished - platform. 
2026-05-08 11:30:51 [info] : [Build Server] Build output stream finished - app_component::. 
2026-05-08 11:32:34 [info] : [Debug Manager] Successfully verified the target connection used  Local 
2026-05-08 11:32:34 [info] : [Debug Manager] Starting launch in 'run' mode using configuration: {"type":"tcf-debug","request":"launch","name":"app_component_app_hw_1","debugType":"baremetal-zu","attachToRunningTargetOptions":{"targetSetupMode":"standalone","executeScript":true,"scriptPath":""},"autoAttachProcessChildren":false,"target":{"targetConnectionId":"Local","peersIniPath":"../../_ide/.peers.ini","context":"ZUPlus"},"pathMap":[],"targetSetup":{"resetSystem":true,"programDevice":true,"partialBitstream":false,"skipRevisionCheck":false,"device":{"plDevice":"Auto Detect","psDevice":"Auto Detect"},"enableRPUSplitMode":false,"resetAPU":false,"resetRPU":false,"bitstreamFile":"${workspaceFolder}/app_component/_ide/bitstream/connect_top.bit","zuInitialization":{"isFsbl":true,"usingFSBL":{"initWithFSBL":true,"fsblFile":"${workspaceFolder}/platform/export/platform/sw/boot/fsbl.elf","fsblExitSymbol":"XFsbl_Exit"},"usingPsuInit":{"runPsuInit":true,"plPowerup":true,"psuInitTclFile":"${workspaceFolder}/app_component/_ide/psinit/psu_init.tcl"}},"zuTraceOptions":{"isSelected":false,"scratchAddress":"0x60000","scratchSize":"0x60000","traceOutputPath":""},"downloadElf":[{"core":"psu_cortexa53_0","resetProcessor":true,"elfFile":"${workspaceFolder}/app_component/build/app_component.elf","stopAtEntry":false,"isSelfRelocatingApp":false,"relativeAddress":""}],"crossTriggerBreakpoints":{"isSelected":false,"breakpoints":[]}},"internalConsoleOptions":"openOnSessionStart","__configUri":"file:///home3/shared/chapman44/cheshire/app_component/_ide/launch.json"} 
2026-05-08 11:32:34 [info] : [Debug Manager] Disabling breakpoints in the tool to enable run mode for 'app_component_app_hw_1 [app_component]'. 
2026-05-08 11:32:34 [info] : [Debug Manager] Launch session has started on the configuration 'app_component_app_hw_1 [app_component]' 
2026-05-08 11:33:39 [info] : [Debug Manager] Launch session has terminated on the configuration 'app_component_app_hw_1 [app_component]' 
2026-05-08 11:33:39 [info] : [Debug Manager] Enabling breakpoints after running the application using 'app_component_app_hw_1 [app_component]'. 
2026-05-08 11:35:20 [info] : [Debug Manager] Successfully verified the target connection used  Local 
2026-05-08 11:35:20 [info] : [Debug Manager] Starting launch in 'run' mode using configuration: {"type":"tcf-debug","request":"launch","name":"app_component_app_hw_1","debugType":"baremetal-zu","attachToRunningTargetOptions":{"targetSetupMode":"standalone","executeScript":true,"scriptPath":""},"autoAttachProcessChildren":false,"target":{"targetConnectionId":"Local","peersIniPath":"../../_ide/.peers.ini","context":"ZUPlus"},"pathMap":[],"targetSetup":{"resetSystem":true,"programDevice":true,"partialBitstream":false,"skipRevisionCheck":false,"device":{"plDevice":"Auto Detect","psDevice":"Auto Detect"},"enableRPUSplitMode":false,"resetAPU":false,"resetRPU":false,"bitstreamFile":"${workspaceFolder}/app_component/_ide/bitstream/connect_top.bit","zuInitialization":{"isFsbl":true,"usingFSBL":{"initWithFSBL":true,"fsblFile":"${workspaceFolder}/platform/export/platform/sw/boot/fsbl.elf","fsblExitSymbol":"XFsbl_Exit"},"usingPsuInit":{"runPsuInit":true,"plPowerup":true,"psuInitTclFile":"${workspaceFolder}/app_component/_ide/psinit/psu_init.tcl"}},"zuTraceOptions":{"isSelected":false,"scratchAddress":"0x60000","scratchSize":"0x60000","traceOutputPath":""},"downloadElf":[{"core":"psu_cortexa53_0","resetProcessor":true,"elfFile":"${workspaceFolder}/app_component/build/app_component.elf","stopAtEntry":false,"isSelfRelocatingApp":false,"relativeAddress":""}],"crossTriggerBreakpoints":{"isSelected":false,"breakpoints":[]}},"internalConsoleOptions":"openOnSessionStart","__configUri":"file:///home3/shared/chapman44/cheshire/app_component/_ide/launch.json"} 
2026-05-08 11:35:20 [info] : [Debug Manager] Disabling breakpoints in the tool to enable run mode for 'app_component_app_hw_1 [app_component]'. 
2026-05-08 11:35:20 [info] : [Debug Manager] Launch session has started on the configuration 'app_component_app_hw_1 [app_component]' 
2026-05-08 11:35:32 [info] : [Debug Manager] Launch session has terminated on the configuration 'app_component_app_hw_1 [app_component]' 
2026-05-08 11:35:32 [info] : [Debug Manager] Enabling breakpoints after running the application using 'app_component_app_hw_1 [app_component]'. 
2026-05-08 11:36:59 [info] : [Platform Server] Generate platform output stream finished - platform. 
2026-05-08 11:37:00 [info] : [Build Server] Build output stream finished - app_component::. 
2026-05-08 11:38:40 [info] : [Debug Manager] Successfully verified the target connection used  Local 
2026-05-08 11:38:40 [info] : [Debug Manager] Starting launch in 'run' mode using configuration: {"type":"tcf-debug","request":"launch","name":"app_component_app_hw_1","debugType":"baremetal-zu","attachToRunningTargetOptions":{"targetSetupMode":"standalone","executeScript":true,"scriptPath":""},"autoAttachProcessChildren":false,"target":{"targetConnectionId":"Local","peersIniPath":"../../_ide/.peers.ini","context":"ZUPlus"},"pathMap":[],"targetSetup":{"resetSystem":true,"programDevice":true,"partialBitstream":false,"skipRevisionCheck":false,"device":{"plDevice":"Auto Detect","psDevice":"Auto Detect"},"enableRPUSplitMode":false,"resetAPU":false,"resetRPU":false,"bitstreamFile":"${workspaceFolder}/app_component/_ide/bitstream/connect_top.bit","zuInitialization":{"isFsbl":true,"usingFSBL":{"initWithFSBL":true,"fsblFile":"${workspaceFolder}/platform/export/platform/sw/boot/fsbl.elf","fsblExitSymbol":"XFsbl_Exit"},"usingPsuInit":{"runPsuInit":true,"plPowerup":true,"psuInitTclFile":"${workspaceFolder}/app_component/_ide/psinit/psu_init.tcl"}},"zuTraceOptions":{"isSelected":false,"scratchAddress":"0x60000","scratchSize":"0x60000","traceOutputPath":""},"downloadElf":[{"core":"psu_cortexa53_0","resetProcessor":true,"elfFile":"${workspaceFolder}/app_component/build/app_component.elf","stopAtEntry":false,"isSelfRelocatingApp":false,"relativeAddress":""}],"crossTriggerBreakpoints":{"isSelected":false,"breakpoints":[]}},"internalConsoleOptions":"openOnSessionStart","__configUri":"file:///home3/shared/chapman44/cheshire/app_component/_ide/launch.json"} 
2026-05-08 11:38:40 [info] : [Debug Manager] Disabling breakpoints in the tool to enable run mode for 'app_component_app_hw_1 [app_component]'. 
2026-05-08 11:38:40 [info] : [Debug Manager] Launch session has started on the configuration 'app_component_app_hw_1 [app_component]' 
2026-05-08 11:39:46 [info] : [Debug Manager] Launch session has terminated on the configuration 'app_component_app_hw_1 [app_component]' 
2026-05-08 11:39:46 [info] : [Debug Manager] Enabling breakpoints after running the application using 'app_component_app_hw_1 [app_component]'. 
2026-05-08 11:44:35 [info] : [Platform Server] Generate platform output stream finished - platform. 
2026-05-08 11:44:36 [info] : [Build Server] Build output stream finished - app_component::. 
2026-05-08 11:46:17 [info] : [Debug Manager] Successfully verified the target connection used  Local 
2026-05-08 11:46:17 [info] : [Debug Manager] Starting launch in 'run' mode using configuration: {"type":"tcf-debug","request":"launch","name":"app_component_app_hw_1","debugType":"baremetal-zu","attachToRunningTargetOptions":{"targetSetupMode":"standalone","executeScript":true,"scriptPath":""},"autoAttachProcessChildren":false,"target":{"targetConnectionId":"Local","peersIniPath":"../../_ide/.peers.ini","context":"ZUPlus"},"pathMap":[],"targetSetup":{"resetSystem":true,"programDevice":true,"partialBitstream":false,"skipRevisionCheck":false,"device":{"plDevice":"Auto Detect","psDevice":"Auto Detect"},"enableRPUSplitMode":false,"resetAPU":false,"resetRPU":false,"bitstreamFile":"${workspaceFolder}/app_component/_ide/bitstream/connect_top.bit","zuInitialization":{"isFsbl":true,"usingFSBL":{"initWithFSBL":true,"fsblFile":"${workspaceFolder}/platform/export/platform/sw/boot/fsbl.elf","fsblExitSymbol":"XFsbl_Exit"},"usingPsuInit":{"runPsuInit":true,"plPowerup":true,"psuInitTclFile":"${workspaceFolder}/app_component/_ide/psinit/psu_init.tcl"}},"zuTraceOptions":{"isSelected":false,"scratchAddress":"0x60000","scratchSize":"0x60000","traceOutputPath":""},"downloadElf":[{"core":"psu_cortexa53_0","resetProcessor":true,"elfFile":"${workspaceFolder}/app_component/build/app_component.elf","stopAtEntry":false,"isSelfRelocatingApp":false,"relativeAddress":""}],"crossTriggerBreakpoints":{"isSelected":false,"breakpoints":[]}},"internalConsoleOptions":"openOnSessionStart","__configUri":"file:///home3/shared/chapman44/cheshire/app_component/_ide/launch.json"} 
2026-05-08 11:46:17 [info] : [Debug Manager] Disabling breakpoints in the tool to enable run mode for 'app_component_app_hw_1 [app_component]'. 
2026-05-08 11:46:17 [info] : [Debug Manager] Launch session has started on the configuration 'app_component_app_hw_1 [app_component]' 
2026-05-08 11:47:11 [info] : [Debug Manager] Launch session has terminated on the configuration 'app_component_app_hw_1 [app_component]' 
2026-05-08 11:47:11 [info] : [Debug Manager] Enabling breakpoints after running the application using 'app_component_app_hw_1 [app_component]'. 
2026-05-08 11:48:53 [info] : [Debug Manager] Successfully verified the target connection used  Local 
2026-05-08 11:48:53 [info] : [Debug Manager] Starting launch in 'run' mode using configuration: {"type":"tcf-debug","request":"launch","name":"app_component_app_hw_1","debugType":"baremetal-zu","attachToRunningTargetOptions":{"targetSetupMode":"standalone","executeScript":true,"scriptPath":""},"autoAttachProcessChildren":false,"target":{"targetConnectionId":"Local","peersIniPath":"../../_ide/.peers.ini","context":"ZUPlus"},"pathMap":[],"targetSetup":{"resetSystem":true,"programDevice":true,"partialBitstream":false,"skipRevisionCheck":false,"device":{"plDevice":"Auto Detect","psDevice":"Auto Detect"},"enableRPUSplitMode":false,"resetAPU":false,"resetRPU":false,"bitstreamFile":"${workspaceFolder}/app_component/_ide/bitstream/connect_top.bit","zuInitialization":{"isFsbl":true,"usingFSBL":{"initWithFSBL":true,"fsblFile":"${workspaceFolder}/platform/export/platform/sw/boot/fsbl.elf","fsblExitSymbol":"XFsbl_Exit"},"usingPsuInit":{"runPsuInit":true,"plPowerup":true,"psuInitTclFile":"${workspaceFolder}/app_component/_ide/psinit/psu_init.tcl"}},"zuTraceOptions":{"isSelected":false,"scratchAddress":"0x60000","scratchSize":"0x60000","traceOutputPath":""},"downloadElf":[{"core":"psu_cortexa53_0","resetProcessor":true,"elfFile":"${workspaceFolder}/app_component/build/app_component.elf","stopAtEntry":false,"isSelfRelocatingApp":false,"relativeAddress":""}],"crossTriggerBreakpoints":{"isSelected":false,"breakpoints":[]}},"internalConsoleOptions":"openOnSessionStart","__configUri":"file:///home3/shared/chapman44/cheshire/app_component/_ide/launch.json"} 
2026-05-08 11:48:53 [info] : [Debug Manager] Disabling breakpoints in the tool to enable run mode for 'app_component_app_hw_1 [app_component]'. 
2026-05-08 11:48:54 [info] : [Debug Manager] Launch session has started on the configuration 'app_component_app_hw_1 [app_component]' 
2026-05-08 11:49:07 [info] : [Debug Manager] Launch session has terminated on the configuration 'app_component_app_hw_1 [app_component]' 
2026-05-08 11:49:07 [info] : [Debug Manager] Enabling breakpoints after running the application using 'app_component_app_hw_1 [app_component]'. 
2026-05-08 11:49:22 [info] : [Platform Server] Generate platform output stream finished - platform. 
2026-05-08 11:49:23 [info] : [Build Server] Build output stream finished - app_component::. 
2026-05-08 11:51:05 [info] : [Debug Manager] Successfully verified the target connection used  Local 
2026-05-08 11:51:05 [info] : [Debug Manager] Starting launch in 'run' mode using configuration: {"type":"tcf-debug","request":"launch","name":"app_component_app_hw_1","debugType":"baremetal-zu","attachToRunningTargetOptions":{"targetSetupMode":"standalone","executeScript":true,"scriptPath":""},"autoAttachProcessChildren":false,"target":{"targetConnectionId":"Local","peersIniPath":"../../_ide/.peers.ini","context":"ZUPlus"},"pathMap":[],"targetSetup":{"resetSystem":true,"programDevice":true,"partialBitstream":false,"skipRevisionCheck":false,"device":{"plDevice":"Auto Detect","psDevice":"Auto Detect"},"enableRPUSplitMode":false,"resetAPU":false,"resetRPU":false,"bitstreamFile":"${workspaceFolder}/app_component/_ide/bitstream/connect_top.bit","zuInitialization":{"isFsbl":true,"usingFSBL":{"initWithFSBL":true,"fsblFile":"${workspaceFolder}/platform/export/platform/sw/boot/fsbl.elf","fsblExitSymbol":"XFsbl_Exit"},"usingPsuInit":{"runPsuInit":true,"plPowerup":true,"psuInitTclFile":"${workspaceFolder}/app_component/_ide/psinit/psu_init.tcl"}},"zuTraceOptions":{"isSelected":false,"scratchAddress":"0x60000","scratchSize":"0x60000","traceOutputPath":""},"downloadElf":[{"core":"psu_cortexa53_0","resetProcessor":true,"elfFile":"${workspaceFolder}/app_component/build/app_component.elf","stopAtEntry":false,"isSelfRelocatingApp":false,"relativeAddress":""}],"crossTriggerBreakpoints":{"isSelected":false,"breakpoints":[]}},"internalConsoleOptions":"openOnSessionStart","__configUri":"file:///home3/shared/chapman44/cheshire/app_component/_ide/launch.json"} 
2026-05-08 11:51:05 [info] : [Debug Manager] Disabling breakpoints in the tool to enable run mode for 'app_component_app_hw_1 [app_component]'. 
2026-05-08 11:51:05 [info] : [Debug Manager] Launch session has started on the configuration 'app_component_app_hw_1 [app_component]' 
2026-05-08 11:52:33 [info] : [Debug Manager] Launch session has terminated on the configuration 'app_component_app_hw_1 [app_component]' 
2026-05-08 11:52:33 [info] : [Debug Manager] Enabling breakpoints after running the application using 'app_component_app_hw_1 [app_component]'. 
2026-05-08 11:55:18 [info] : [Debug Manager] Successfully verified the target connection used  Local 
2026-05-08 11:55:18 [info] : [Debug Manager] Starting launch in 'run' mode using configuration: {"type":"tcf-debug","request":"launch","name":"app_component_app_hw_1","debugType":"baremetal-zu","attachToRunningTargetOptions":{"targetSetupMode":"standalone","executeScript":true,"scriptPath":""},"autoAttachProcessChildren":false,"target":{"targetConnectionId":"Local","peersIniPath":"../../_ide/.peers.ini","context":"ZUPlus"},"pathMap":[],"targetSetup":{"resetSystem":true,"programDevice":true,"partialBitstream":false,"skipRevisionCheck":false,"device":{"plDevice":"Auto Detect","psDevice":"Auto Detect"},"enableRPUSplitMode":false,"resetAPU":false,"resetRPU":false,"bitstreamFile":"${workspaceFolder}/app_component/_ide/bitstream/connect_top.bit","zuInitialization":{"isFsbl":true,"usingFSBL":{"initWithFSBL":true,"fsblFile":"${workspaceFolder}/platform/export/platform/sw/boot/fsbl.elf","fsblExitSymbol":"XFsbl_Exit"},"usingPsuInit":{"runPsuInit":true,"plPowerup":true,"psuInitTclFile":"${workspaceFolder}/app_component/_ide/psinit/psu_init.tcl"}},"zuTraceOptions":{"isSelected":false,"scratchAddress":"0x60000","scratchSize":"0x60000","traceOutputPath":""},"downloadElf":[{"core":"psu_cortexa53_0","resetProcessor":true,"elfFile":"${workspaceFolder}/app_component/build/app_component.elf","stopAtEntry":false,"isSelfRelocatingApp":false,"relativeAddress":""}],"crossTriggerBreakpoints":{"isSelected":false,"breakpoints":[]}},"internalConsoleOptions":"openOnSessionStart","__configUri":"file:///home3/shared/chapman44/cheshire/app_component/_ide/launch.json"} 
2026-05-08 11:55:18 [info] : [Debug Manager] Disabling breakpoints in the tool to enable run mode for 'app_component_app_hw_1 [app_component]'. 
2026-05-08 11:55:18 [info] : [Debug Manager] Launch session has started on the configuration 'app_component_app_hw_1 [app_component]' 
2026-05-08 11:56:57 [info] : [Debug Manager] Launch session has terminated on the configuration 'app_component_app_hw_1 [app_component]' 
2026-05-08 11:56:57 [info] : [Debug Manager] Enabling breakpoints after running the application using 'app_component_app_hw_1 [app_component]'. 
2026-05-08 11:58:30 [info] : [Platform Server] Generate platform output stream finished - platform. 
2026-05-08 11:58:31 [info] : [Build Server] Build output stream finished - app_component::. 
2026-05-08 12:00:14 [info] : [Debug Manager] Successfully verified the target connection used  Local 
2026-05-08 12:00:14 [info] : [Debug Manager] Starting launch in 'run' mode using configuration: {"type":"tcf-debug","request":"launch","name":"app_component_app_hw_1","debugType":"baremetal-zu","attachToRunningTargetOptions":{"targetSetupMode":"standalone","executeScript":true,"scriptPath":""},"autoAttachProcessChildren":false,"target":{"targetConnectionId":"Local","peersIniPath":"../../_ide/.peers.ini","context":"ZUPlus"},"pathMap":[],"targetSetup":{"resetSystem":true,"programDevice":true,"partialBitstream":false,"skipRevisionCheck":false,"device":{"plDevice":"Auto Detect","psDevice":"Auto Detect"},"enableRPUSplitMode":false,"resetAPU":false,"resetRPU":false,"bitstreamFile":"${workspaceFolder}/app_component/_ide/bitstream/connect_top.bit","zuInitialization":{"isFsbl":true,"usingFSBL":{"initWithFSBL":true,"fsblFile":"${workspaceFolder}/platform/export/platform/sw/boot/fsbl.elf","fsblExitSymbol":"XFsbl_Exit"},"usingPsuInit":{"runPsuInit":true,"plPowerup":true,"psuInitTclFile":"${workspaceFolder}/app_component/_ide/psinit/psu_init.tcl"}},"zuTraceOptions":{"isSelected":false,"scratchAddress":"0x60000","scratchSize":"0x60000","traceOutputPath":""},"downloadElf":[{"core":"psu_cortexa53_0","resetProcessor":true,"elfFile":"${workspaceFolder}/app_component/build/app_component.elf","stopAtEntry":false,"isSelfRelocatingApp":false,"relativeAddress":""}],"crossTriggerBreakpoints":{"isSelected":false,"breakpoints":[]}},"internalConsoleOptions":"openOnSessionStart","__configUri":"file:///home3/shared/chapman44/cheshire/app_component/_ide/launch.json"} 
2026-05-08 12:00:14 [info] : [Debug Manager] Disabling breakpoints in the tool to enable run mode for 'app_component_app_hw_1 [app_component]'. 
2026-05-08 12:00:15 [info] : [Debug Manager] Launch session has started on the configuration 'app_component_app_hw_1 [app_component]' 
2026-05-08 12:00:22 [info] : [Debug Manager] Launch session has terminated on the configuration 'app_component_app_hw_1 [app_component]' 
2026-05-08 12:00:22 [info] : [Debug Manager] Enabling breakpoints after running the application using 'app_component_app_hw_1 [app_component]'. 
2026-05-08 12:01:30 [info] : [Platform Server] Generate platform output stream finished - platform. 
2026-05-08 12:01:31 [info] : [Build Server] Build output stream finished - app_component::. 
2026-05-08 12:03:12 [info] : [Debug Manager] Successfully verified the target connection used  Local 
2026-05-08 12:03:12 [info] : [Debug Manager] Starting launch in 'run' mode using configuration: {"type":"tcf-debug","request":"launch","name":"app_component_app_hw_1","debugType":"baremetal-zu","attachToRunningTargetOptions":{"targetSetupMode":"standalone","executeScript":true,"scriptPath":""},"autoAttachProcessChildren":false,"target":{"targetConnectionId":"Local","peersIniPath":"../../_ide/.peers.ini","context":"ZUPlus"},"pathMap":[],"targetSetup":{"resetSystem":true,"programDevice":true,"partialBitstream":false,"skipRevisionCheck":false,"device":{"plDevice":"Auto Detect","psDevice":"Auto Detect"},"enableRPUSplitMode":false,"resetAPU":false,"resetRPU":false,"bitstreamFile":"${workspaceFolder}/app_component/_ide/bitstream/connect_top.bit","zuInitialization":{"isFsbl":true,"usingFSBL":{"initWithFSBL":true,"fsblFile":"${workspaceFolder}/platform/export/platform/sw/boot/fsbl.elf","fsblExitSymbol":"XFsbl_Exit"},"usingPsuInit":{"runPsuInit":true,"plPowerup":true,"psuInitTclFile":"${workspaceFolder}/app_component/_ide/psinit/psu_init.tcl"}},"zuTraceOptions":{"isSelected":false,"scratchAddress":"0x60000","scratchSize":"0x60000","traceOutputPath":""},"downloadElf":[{"core":"psu_cortexa53_0","resetProcessor":true,"elfFile":"${workspaceFolder}/app_component/build/app_component.elf","stopAtEntry":false,"isSelfRelocatingApp":false,"relativeAddress":""}],"crossTriggerBreakpoints":{"isSelected":false,"breakpoints":[]}},"internalConsoleOptions":"openOnSessionStart","__configUri":"file:///home3/shared/chapman44/cheshire/app_component/_ide/launch.json"} 
2026-05-08 12:03:12 [info] : [Debug Manager] Disabling breakpoints in the tool to enable run mode for 'app_component_app_hw_1 [app_component]'. 
2026-05-08 12:03:13 [info] : [Debug Manager] Launch session has started on the configuration 'app_component_app_hw_1 [app_component]' 
2026-05-08 12:03:34 [info] : [Debug Manager] Launch session has terminated on the configuration 'app_component_app_hw_1 [app_component]' 
2026-05-08 12:03:34 [info] : [Debug Manager] Enabling breakpoints after running the application using 'app_component_app_hw_1 [app_component]'. 
2026-05-08 12:04:30 [info] : [Platform Server] Generate platform output stream finished - platform. 
2026-05-08 12:04:31 [info] : [Build Server] Build output stream finished - app_component::. 
2026-05-08 12:06:12 [info] : [Debug Manager] Successfully verified the target connection used  Local 
2026-05-08 12:06:12 [info] : [Debug Manager] Starting launch in 'run' mode using configuration: {"type":"tcf-debug","request":"launch","name":"app_component_app_hw_1","debugType":"baremetal-zu","attachToRunningTargetOptions":{"targetSetupMode":"standalone","executeScript":true,"scriptPath":""},"autoAttachProcessChildren":false,"target":{"targetConnectionId":"Local","peersIniPath":"../../_ide/.peers.ini","context":"ZUPlus"},"pathMap":[],"targetSetup":{"resetSystem":true,"programDevice":true,"partialBitstream":false,"skipRevisionCheck":false,"device":{"plDevice":"Auto Detect","psDevice":"Auto Detect"},"enableRPUSplitMode":false,"resetAPU":false,"resetRPU":false,"bitstreamFile":"${workspaceFolder}/app_component/_ide/bitstream/connect_top.bit","zuInitialization":{"isFsbl":true,"usingFSBL":{"initWithFSBL":true,"fsblFile":"${workspaceFolder}/platform/export/platform/sw/boot/fsbl.elf","fsblExitSymbol":"XFsbl_Exit"},"usingPsuInit":{"runPsuInit":true,"plPowerup":true,"psuInitTclFile":"${workspaceFolder}/app_component/_ide/psinit/psu_init.tcl"}},"zuTraceOptions":{"isSelected":false,"scratchAddress":"0x60000","scratchSize":"0x60000","traceOutputPath":""},"downloadElf":[{"core":"psu_cortexa53_0","resetProcessor":true,"elfFile":"${workspaceFolder}/app_component/build/app_component.elf","stopAtEntry":false,"isSelfRelocatingApp":false,"relativeAddress":""}],"crossTriggerBreakpoints":{"isSelected":false,"breakpoints":[]}},"internalConsoleOptions":"openOnSessionStart","__configUri":"file:///home3/shared/chapman44/cheshire/app_component/_ide/launch.json"} 
2026-05-08 12:06:12 [info] : [Debug Manager] Disabling breakpoints in the tool to enable run mode for 'app_component_app_hw_1 [app_component]'. 
2026-05-08 12:06:12 [info] : [Debug Manager] Launch session has started on the configuration 'app_component_app_hw_1 [app_component]' 
2026-05-08 12:07:01 [info] : [Debug Manager] Launch session has terminated on the configuration 'app_component_app_hw_1 [app_component]' 
2026-05-08 12:07:01 [info] : [Debug Manager] Enabling breakpoints after running the application using 'app_component_app_hw_1 [app_component]'. 
2026-05-08 12:07:11 [info] : [Platform Server] Generate platform output stream finished - platform. 
2026-05-08 12:07:13 [info] : [Build Server] Build output stream finished - app_component::. 
2026-05-08 12:42:45 [info] : [Platform Server] Generate platform output stream finished - platform. 
2026-05-08 12:42:46 [info] : [Build Server] Build output stream finished - app_component::. 
2026-05-08 12:44:28 [info] : [Debug Manager] Successfully verified the target connection used  Local 
2026-05-08 12:44:28 [info] : [Debug Manager] Starting launch in 'run' mode using configuration: {"type":"tcf-debug","request":"launch","name":"app_component_app_hw_1","debugType":"baremetal-zu","attachToRunningTargetOptions":{"targetSetupMode":"standalone","executeScript":true,"scriptPath":""},"autoAttachProcessChildren":false,"target":{"targetConnectionId":"Local","peersIniPath":"../../_ide/.peers.ini","context":"ZUPlus"},"pathMap":[],"targetSetup":{"resetSystem":true,"programDevice":true,"partialBitstream":false,"skipRevisionCheck":false,"device":{"plDevice":"Auto Detect","psDevice":"Auto Detect"},"enableRPUSplitMode":false,"resetAPU":false,"resetRPU":false,"bitstreamFile":"${workspaceFolder}/app_component/_ide/bitstream/connect_top.bit","zuInitialization":{"isFsbl":true,"usingFSBL":{"initWithFSBL":true,"fsblFile":"${workspaceFolder}/platform/export/platform/sw/boot/fsbl.elf","fsblExitSymbol":"XFsbl_Exit"},"usingPsuInit":{"runPsuInit":true,"plPowerup":true,"psuInitTclFile":"${workspaceFolder}/app_component/_ide/psinit/psu_init.tcl"}},"zuTraceOptions":{"isSelected":false,"scratchAddress":"0x60000","scratchSize":"0x60000","traceOutputPath":""},"downloadElf":[{"core":"psu_cortexa53_0","resetProcessor":true,"elfFile":"${workspaceFolder}/app_component/build/app_component.elf","stopAtEntry":false,"isSelfRelocatingApp":false,"relativeAddress":""}],"crossTriggerBreakpoints":{"isSelected":false,"breakpoints":[]}},"internalConsoleOptions":"openOnSessionStart","__configUri":"file:///home3/shared/chapman44/cheshire/app_component/_ide/launch.json"} 
2026-05-08 12:44:28 [info] : [Debug Manager] Disabling breakpoints in the tool to enable run mode for 'app_component_app_hw_1 [app_component]'. 
2026-05-08 12:44:28 [info] : [Debug Manager] Launch session has started on the configuration 'app_component_app_hw_1 [app_component]' 
2026-05-08 12:45:08 [info] : [Debug Manager] Launch session has terminated on the configuration 'app_component_app_hw_1 [app_component]' 
2026-05-08 12:45:08 [info] : [Debug Manager] Enabling breakpoints after running the application using 'app_component_app_hw_1 [app_component]'. 
2026-05-08 12:45:51 [info] : [Platform Server] Generate platform output stream finished - platform. 
2026-05-08 12:45:53 [info] : [Build Server] Build output stream finished - app_component::. 
2026-05-08 12:46:13 [info] : [Platform Server] Generate platform output stream finished - platform. 
2026-05-08 12:46:14 [info] : [Build Server] Build output stream finished - app_component::. 
2026-05-08 12:48:12 [info] : [Debug Manager] Successfully verified the target connection used  Local 
2026-05-08 12:48:12 [info] : [Debug Manager] Starting launch in 'run' mode using configuration: {"type":"tcf-debug","request":"launch","name":"app_component_app_hw_1","debugType":"baremetal-zu","attachToRunningTargetOptions":{"targetSetupMode":"standalone","executeScript":true,"scriptPath":""},"autoAttachProcessChildren":false,"target":{"targetConnectionId":"Local","peersIniPath":"../../_ide/.peers.ini","context":"ZUPlus"},"pathMap":[],"targetSetup":{"resetSystem":true,"programDevice":true,"partialBitstream":false,"skipRevisionCheck":false,"device":{"plDevice":"Auto Detect","psDevice":"Auto Detect"},"enableRPUSplitMode":false,"resetAPU":false,"resetRPU":false,"bitstreamFile":"${workspaceFolder}/app_component/_ide/bitstream/connect_top.bit","zuInitialization":{"isFsbl":true,"usingFSBL":{"initWithFSBL":true,"fsblFile":"${workspaceFolder}/platform/export/platform/sw/boot/fsbl.elf","fsblExitSymbol":"XFsbl_Exit"},"usingPsuInit":{"runPsuInit":true,"plPowerup":true,"psuInitTclFile":"${workspaceFolder}/app_component/_ide/psinit/psu_init.tcl"}},"zuTraceOptions":{"isSelected":false,"scratchAddress":"0x60000","scratchSize":"0x60000","traceOutputPath":""},"downloadElf":[{"core":"psu_cortexa53_0","resetProcessor":true,"elfFile":"${workspaceFolder}/app_component/build/app_component.elf","stopAtEntry":false,"isSelfRelocatingApp":false,"relativeAddress":""}],"crossTriggerBreakpoints":{"isSelected":false,"breakpoints":[]}},"internalConsoleOptions":"openOnSessionStart","__configUri":"file:///home3/shared/chapman44/cheshire/app_component/_ide/launch.json"} 
2026-05-08 12:48:12 [info] : [Debug Manager] Disabling breakpoints in the tool to enable run mode for 'app_component_app_hw_1 [app_component]'. 
2026-05-08 12:48:13 [info] : [Debug Manager] Launch session has started on the configuration 'app_component_app_hw_1 [app_component]' 
2026-05-08 12:48:17 [info] : [Debug Manager] Launch session has terminated on the configuration 'app_component_app_hw_1 [app_component]' 
2026-05-08 12:48:17 [info] : [Debug Manager] Enabling breakpoints after running the application using 'app_component_app_hw_1 [app_component]'. 
2026-05-08 12:49:10 [info] : [Platform Server] Generate platform output stream finished - platform. 
2026-05-08 12:49:11 [info] : [Build Server] Build output stream finished - app_component::. 
2026-05-08 12:50:51 [info] : [Debug Manager] Successfully verified the target connection used  Local 
2026-05-08 12:50:51 [info] : [Debug Manager] Starting launch in 'run' mode using configuration: {"type":"tcf-debug","request":"launch","name":"app_component_app_hw_1","debugType":"baremetal-zu","attachToRunningTargetOptions":{"targetSetupMode":"standalone","executeScript":true,"scriptPath":""},"autoAttachProcessChildren":false,"target":{"targetConnectionId":"Local","peersIniPath":"../../_ide/.peers.ini","context":"ZUPlus"},"pathMap":[],"targetSetup":{"resetSystem":true,"programDevice":true,"partialBitstream":false,"skipRevisionCheck":false,"device":{"plDevice":"Auto Detect","psDevice":"Auto Detect"},"enableRPUSplitMode":false,"resetAPU":false,"resetRPU":false,"bitstreamFile":"${workspaceFolder}/app_component/_ide/bitstream/connect_top.bit","zuInitialization":{"isFsbl":true,"usingFSBL":{"initWithFSBL":true,"fsblFile":"${workspaceFolder}/platform/export/platform/sw/boot/fsbl.elf","fsblExitSymbol":"XFsbl_Exit"},"usingPsuInit":{"runPsuInit":true,"plPowerup":true,"psuInitTclFile":"${workspaceFolder}/app_component/_ide/psinit/psu_init.tcl"}},"zuTraceOptions":{"isSelected":false,"scratchAddress":"0x60000","scratchSize":"0x60000","traceOutputPath":""},"downloadElf":[{"core":"psu_cortexa53_0","resetProcessor":true,"elfFile":"${workspaceFolder}/app_component/build/app_component.elf","stopAtEntry":false,"isSelfRelocatingApp":false,"relativeAddress":""}],"crossTriggerBreakpoints":{"isSelected":false,"breakpoints":[]}},"internalConsoleOptions":"openOnSessionStart","__configUri":"file:///home3/shared/chapman44/cheshire/app_component/_ide/launch.json"} 
2026-05-08 12:50:51 [info] : [Debug Manager] Disabling breakpoints in the tool to enable run mode for 'app_component_app_hw_1 [app_component]'. 
2026-05-08 12:50:51 [info] : [Debug Manager] Launch session has started on the configuration 'app_component_app_hw_1 [app_component]' 
2026-05-08 12:51:01 [info] : [Debug Manager] Launch session has terminated on the configuration 'app_component_app_hw_1 [app_component]' 
2026-05-08 12:51:01 [info] : [Debug Manager] Enabling breakpoints after running the application using 'app_component_app_hw_1 [app_component]'. 
2026-05-08 12:51:05 [info] : [Platform Server] Generate platform output stream finished - platform. 
2026-05-08 12:51:06 [info] : [Build Server] Build output stream finished - app_component::. 
2026-05-08 12:52:51 [info] : [Debug Manager] Successfully verified the target connection used  Local 
2026-05-08 12:52:51 [info] : [Debug Manager] Starting launch in 'run' mode using configuration: {"type":"tcf-debug","request":"launch","name":"app_component_app_hw_1","debugType":"baremetal-zu","attachToRunningTargetOptions":{"targetSetupMode":"standalone","executeScript":true,"scriptPath":""},"autoAttachProcessChildren":false,"target":{"targetConnectionId":"Local","peersIniPath":"../../_ide/.peers.ini","context":"ZUPlus"},"pathMap":[],"targetSetup":{"resetSystem":true,"programDevice":true,"partialBitstream":false,"skipRevisionCheck":false,"device":{"plDevice":"Auto Detect","psDevice":"Auto Detect"},"enableRPUSplitMode":false,"resetAPU":false,"resetRPU":false,"bitstreamFile":"${workspaceFolder}/app_component/_ide/bitstream/connect_top.bit","zuInitialization":{"isFsbl":true,"usingFSBL":{"initWithFSBL":true,"fsblFile":"${workspaceFolder}/platform/export/platform/sw/boot/fsbl.elf","fsblExitSymbol":"XFsbl_Exit"},"usingPsuInit":{"runPsuInit":true,"plPowerup":true,"psuInitTclFile":"${workspaceFolder}/app_component/_ide/psinit/psu_init.tcl"}},"zuTraceOptions":{"isSelected":false,"scratchAddress":"0x60000","scratchSize":"0x60000","traceOutputPath":""},"downloadElf":[{"core":"psu_cortexa53_0","resetProcessor":true,"elfFile":"${workspaceFolder}/app_component/build/app_component.elf","stopAtEntry":false,"isSelfRelocatingApp":false,"relativeAddress":""}],"crossTriggerBreakpoints":{"isSelected":false,"breakpoints":[]}},"internalConsoleOptions":"openOnSessionStart","__configUri":"file:///home3/shared/chapman44/cheshire/app_component/_ide/launch.json"} 
2026-05-08 12:52:51 [info] : [Debug Manager] Disabling breakpoints in the tool to enable run mode for 'app_component_app_hw_1 [app_component]'. 
2026-05-08 12:52:51 [info] : [Debug Manager] Launch session has started on the configuration 'app_component_app_hw_1 [app_component]' 
2026-05-08 12:53:05 [info] : [Debug Manager] Launch session has terminated on the configuration 'app_component_app_hw_1 [app_component]' 
2026-05-08 12:53:05 [info] : [Debug Manager] Enabling breakpoints after running the application using 'app_component_app_hw_1 [app_component]'. 
2026-05-08 12:53:34 [info] : [Platform Server] Generate platform output stream finished - platform. 
2026-05-08 12:53:35 [info] : [Build Server] Build output stream finished - app_component::. 
2026-05-08 12:55:16 [info] : [Debug Manager] Successfully verified the target connection used  Local 
2026-05-08 12:55:16 [info] : [Debug Manager] Starting launch in 'run' mode using configuration: {"type":"tcf-debug","request":"launch","name":"app_component_app_hw_1","debugType":"baremetal-zu","attachToRunningTargetOptions":{"targetSetupMode":"standalone","executeScript":true,"scriptPath":""},"autoAttachProcessChildren":false,"target":{"targetConnectionId":"Local","peersIniPath":"../../_ide/.peers.ini","context":"ZUPlus"},"pathMap":[],"targetSetup":{"resetSystem":true,"programDevice":true,"partialBitstream":false,"skipRevisionCheck":false,"device":{"plDevice":"Auto Detect","psDevice":"Auto Detect"},"enableRPUSplitMode":false,"resetAPU":false,"resetRPU":false,"bitstreamFile":"${workspaceFolder}/app_component/_ide/bitstream/connect_top.bit","zuInitialization":{"isFsbl":true,"usingFSBL":{"initWithFSBL":true,"fsblFile":"${workspaceFolder}/platform/export/platform/sw/boot/fsbl.elf","fsblExitSymbol":"XFsbl_Exit"},"usingPsuInit":{"runPsuInit":true,"plPowerup":true,"psuInitTclFile":"${workspaceFolder}/app_component/_ide/psinit/psu_init.tcl"}},"zuTraceOptions":{"isSelected":false,"scratchAddress":"0x60000","scratchSize":"0x60000","traceOutputPath":""},"downloadElf":[{"core":"psu_cortexa53_0","resetProcessor":true,"elfFile":"${workspaceFolder}/app_component/build/app_component.elf","stopAtEntry":false,"isSelfRelocatingApp":false,"relativeAddress":""}],"crossTriggerBreakpoints":{"isSelected":false,"breakpoints":[]}},"internalConsoleOptions":"openOnSessionStart","__configUri":"file:///home3/shared/chapman44/cheshire/app_component/_ide/launch.json"} 
2026-05-08 12:55:16 [info] : [Debug Manager] Disabling breakpoints in the tool to enable run mode for 'app_component_app_hw_1 [app_component]'. 
2026-05-08 12:55:17 [info] : [Debug Manager] Launch session has started on the configuration 'app_component_app_hw_1 [app_component]' 
2026-05-08 12:55:22 [info] : [Debug Manager] Launch session has terminated on the configuration 'app_component_app_hw_1 [app_component]' 
2026-05-08 12:55:22 [info] : [Debug Manager] Enabling breakpoints after running the application using 'app_component_app_hw_1 [app_component]'. 
2026-05-08 12:56:31 [info] : [Platform Server] Generate platform output stream finished - platform. 
2026-05-08 12:56:32 [info] : [Build Server] Build output stream finished - app_component::. 
2026-05-08 12:58:13 [info] : [Debug Manager] Successfully verified the target connection used  Local 
2026-05-08 12:58:13 [info] : [Debug Manager] Starting launch in 'run' mode using configuration: {"type":"tcf-debug","request":"launch","name":"app_component_app_hw_1","debugType":"baremetal-zu","attachToRunningTargetOptions":{"targetSetupMode":"standalone","executeScript":true,"scriptPath":""},"autoAttachProcessChildren":false,"target":{"targetConnectionId":"Local","peersIniPath":"../../_ide/.peers.ini","context":"ZUPlus"},"pathMap":[],"targetSetup":{"resetSystem":true,"programDevice":true,"partialBitstream":false,"skipRevisionCheck":false,"device":{"plDevice":"Auto Detect","psDevice":"Auto Detect"},"enableRPUSplitMode":false,"resetAPU":false,"resetRPU":false,"bitstreamFile":"${workspaceFolder}/app_component/_ide/bitstream/connect_top.bit","zuInitialization":{"isFsbl":true,"usingFSBL":{"initWithFSBL":true,"fsblFile":"${workspaceFolder}/platform/export/platform/sw/boot/fsbl.elf","fsblExitSymbol":"XFsbl_Exit"},"usingPsuInit":{"runPsuInit":true,"plPowerup":true,"psuInitTclFile":"${workspaceFolder}/app_component/_ide/psinit/psu_init.tcl"}},"zuTraceOptions":{"isSelected":false,"scratchAddress":"0x60000","scratchSize":"0x60000","traceOutputPath":""},"downloadElf":[{"core":"psu_cortexa53_0","resetProcessor":true,"elfFile":"${workspaceFolder}/app_component/build/app_component.elf","stopAtEntry":false,"isSelfRelocatingApp":false,"relativeAddress":""}],"crossTriggerBreakpoints":{"isSelected":false,"breakpoints":[]}},"internalConsoleOptions":"openOnSessionStart","__configUri":"file:///home3/shared/chapman44/cheshire/app_component/_ide/launch.json"} 
2026-05-08 12:58:13 [info] : [Debug Manager] Disabling breakpoints in the tool to enable run mode for 'app_component_app_hw_1 [app_component]'. 
2026-05-08 12:58:13 [info] : [Debug Manager] Launch session has started on the configuration 'app_component_app_hw_1 [app_component]' 
2026-05-08 12:58:40 [info] : [Debug Manager] Launch session has terminated on the configuration 'app_component_app_hw_1 [app_component]' 
2026-05-08 12:58:40 [info] : [Debug Manager] Enabling breakpoints after running the application using 'app_component_app_hw_1 [app_component]'. 
2026-05-08 13:00:35 [info] : [Platform Server] Generate platform output stream finished - platform. 
2026-05-08 13:00:36 [info] : [Build Server] Build output stream finished - app_component::. 
2026-05-08 13:02:24 [info] : [Debug Manager] Successfully verified the target connection used  Local 
2026-05-08 13:02:24 [info] : [Debug Manager] Starting launch in 'run' mode using configuration: {"type":"tcf-debug","request":"launch","name":"app_component_app_hw_1","debugType":"baremetal-zu","attachToRunningTargetOptions":{"targetSetupMode":"standalone","executeScript":true,"scriptPath":""},"autoAttachProcessChildren":false,"target":{"targetConnectionId":"Local","peersIniPath":"../../_ide/.peers.ini","context":"ZUPlus"},"pathMap":[],"targetSetup":{"resetSystem":true,"programDevice":true,"partialBitstream":false,"skipRevisionCheck":false,"device":{"plDevice":"Auto Detect","psDevice":"Auto Detect"},"enableRPUSplitMode":false,"resetAPU":false,"resetRPU":false,"bitstreamFile":"${workspaceFolder}/app_component/_ide/bitstream/connect_top.bit","zuInitialization":{"isFsbl":true,"usingFSBL":{"initWithFSBL":true,"fsblFile":"${workspaceFolder}/platform/export/platform/sw/boot/fsbl.elf","fsblExitSymbol":"XFsbl_Exit"},"usingPsuInit":{"runPsuInit":true,"plPowerup":true,"psuInitTclFile":"${workspaceFolder}/app_component/_ide/psinit/psu_init.tcl"}},"zuTraceOptions":{"isSelected":false,"scratchAddress":"0x60000","scratchSize":"0x60000","traceOutputPath":""},"downloadElf":[{"core":"psu_cortexa53_0","resetProcessor":true,"elfFile":"${workspaceFolder}/app_component/build/app_component.elf","stopAtEntry":false,"isSelfRelocatingApp":false,"relativeAddress":""}],"crossTriggerBreakpoints":{"isSelected":false,"breakpoints":[]}},"internalConsoleOptions":"openOnSessionStart","__configUri":"file:///home3/shared/chapman44/cheshire/app_component/_ide/launch.json"} 
2026-05-08 13:02:24 [info] : [Debug Manager] Disabling breakpoints in the tool to enable run mode for 'app_component_app_hw_1 [app_component]'. 
2026-05-08 13:02:24 [info] : [Debug Manager] Launch session has started on the configuration 'app_component_app_hw_1 [app_component]' 
2026-05-08 13:02:43 [info] : [Debug Manager] Launch session has terminated on the configuration 'app_component_app_hw_1 [app_component]' 
2026-05-08 13:02:43 [info] : [Debug Manager] Enabling breakpoints after running the application using 'app_component_app_hw_1 [app_component]'. 
2026-05-08 13:03:03 [info] : [Platform Server] Generate platform output stream finished - platform. 
2026-05-08 13:03:05 [info] : [Build Server] Build output stream finished - app_component::. 
2026-05-08 13:04:48 [info] : [Debug Manager] Successfully verified the target connection used  Local 
2026-05-08 13:04:48 [info] : [Debug Manager] Starting launch in 'run' mode using configuration: {"type":"tcf-debug","request":"launch","name":"app_component_app_hw_1","debugType":"baremetal-zu","attachToRunningTargetOptions":{"targetSetupMode":"standalone","executeScript":true,"scriptPath":""},"autoAttachProcessChildren":false,"target":{"targetConnectionId":"Local","peersIniPath":"../../_ide/.peers.ini","context":"ZUPlus"},"pathMap":[],"targetSetup":{"resetSystem":true,"programDevice":true,"partialBitstream":false,"skipRevisionCheck":false,"device":{"plDevice":"Auto Detect","psDevice":"Auto Detect"},"enableRPUSplitMode":false,"resetAPU":false,"resetRPU":false,"bitstreamFile":"${workspaceFolder}/app_component/_ide/bitstream/connect_top.bit","zuInitialization":{"isFsbl":true,"usingFSBL":{"initWithFSBL":true,"fsblFile":"${workspaceFolder}/platform/export/platform/sw/boot/fsbl.elf","fsblExitSymbol":"XFsbl_Exit"},"usingPsuInit":{"runPsuInit":true,"plPowerup":true,"psuInitTclFile":"${workspaceFolder}/app_component/_ide/psinit/psu_init.tcl"}},"zuTraceOptions":{"isSelected":false,"scratchAddress":"0x60000","scratchSize":"0x60000","traceOutputPath":""},"downloadElf":[{"core":"psu_cortexa53_0","resetProcessor":true,"elfFile":"${workspaceFolder}/app_component/build/app_component.elf","stopAtEntry":false,"isSelfRelocatingApp":false,"relativeAddress":""}],"crossTriggerBreakpoints":{"isSelected":false,"breakpoints":[]}},"internalConsoleOptions":"openOnSessionStart","__configUri":"file:///home3/shared/chapman44/cheshire/app_component/_ide/launch.json"} 
2026-05-08 13:04:48 [info] : [Debug Manager] Disabling breakpoints in the tool to enable run mode for 'app_component_app_hw_1 [app_component]'. 
2026-05-08 13:04:48 [info] : [Debug Manager] Launch session has started on the configuration 'app_component_app_hw_1 [app_component]' 
2026-05-08 13:04:54 [info] : [Debug Manager] Launch session has terminated on the configuration 'app_component_app_hw_1 [app_component]' 
2026-05-08 13:04:54 [info] : [Debug Manager] Enabling breakpoints after running the application using 'app_component_app_hw_1 [app_component]'. 
2026-05-08 13:08:40 [info] : [Platform Server] Generate platform output stream finished - platform. 
2026-05-08 13:08:41 [info] : [Build Server] Build output stream finished - app_component::. 
2026-05-08 13:10:22 [info] : [Debug Manager] Successfully verified the target connection used  Local 
2026-05-08 13:10:22 [info] : [Debug Manager] Starting launch in 'run' mode using configuration: {"type":"tcf-debug","request":"launch","name":"app_component_app_hw_1","debugType":"baremetal-zu","attachToRunningTargetOptions":{"targetSetupMode":"standalone","executeScript":true,"scriptPath":""},"autoAttachProcessChildren":false,"target":{"targetConnectionId":"Local","peersIniPath":"../../_ide/.peers.ini","context":"ZUPlus"},"pathMap":[],"targetSetup":{"resetSystem":true,"programDevice":true,"partialBitstream":false,"skipRevisionCheck":false,"device":{"plDevice":"Auto Detect","psDevice":"Auto Detect"},"enableRPUSplitMode":false,"resetAPU":false,"resetRPU":false,"bitstreamFile":"${workspaceFolder}/app_component/_ide/bitstream/connect_top.bit","zuInitialization":{"isFsbl":true,"usingFSBL":{"initWithFSBL":true,"fsblFile":"${workspaceFolder}/platform/export/platform/sw/boot/fsbl.elf","fsblExitSymbol":"XFsbl_Exit"},"usingPsuInit":{"runPsuInit":true,"plPowerup":true,"psuInitTclFile":"${workspaceFolder}/app_component/_ide/psinit/psu_init.tcl"}},"zuTraceOptions":{"isSelected":false,"scratchAddress":"0x60000","scratchSize":"0x60000","traceOutputPath":""},"downloadElf":[{"core":"psu_cortexa53_0","resetProcessor":true,"elfFile":"${workspaceFolder}/app_component/build/app_component.elf","stopAtEntry":false,"isSelfRelocatingApp":false,"relativeAddress":""}],"crossTriggerBreakpoints":{"isSelected":false,"breakpoints":[]}},"internalConsoleOptions":"openOnSessionStart","__configUri":"file:///home3/shared/chapman44/cheshire/app_component/_ide/launch.json"} 
2026-05-08 13:10:22 [info] : [Debug Manager] Disabling breakpoints in the tool to enable run mode for 'app_component_app_hw_1 [app_component]'. 
2026-05-08 13:10:22 [info] : [Debug Manager] Launch session has started on the configuration 'app_component_app_hw_1 [app_component]' 
2026-05-08 13:10:32 [info] : [Debug Manager] Launch session has terminated on the configuration 'app_component_app_hw_1 [app_component]' 
2026-05-08 13:10:32 [info] : [Debug Manager] Enabling breakpoints after running the application using 'app_component_app_hw_1 [app_component]'. 
2026-05-08 13:11:52 [info] : [Platform Server] Generate platform output stream finished - platform. 
2026-05-08 13:11:53 [info] : [Build Server] Build output stream finished - app_component::. 
2026-05-08 13:13:27 [info] : [Platform Server] Generate platform output stream finished - platform. 
2026-05-08 13:13:28 [info] : [Build Server] Build output stream finished - app_component::. 
2026-05-08 13:15:14 [info] : [Debug Manager] Successfully verified the target connection used  Local 
2026-05-08 13:15:14 [info] : [Debug Manager] Starting launch in 'run' mode using configuration: {"type":"tcf-debug","request":"launch","name":"app_component_app_hw_1","debugType":"baremetal-zu","attachToRunningTargetOptions":{"targetSetupMode":"standalone","executeScript":true,"scriptPath":""},"autoAttachProcessChildren":false,"target":{"targetConnectionId":"Local","peersIniPath":"../../_ide/.peers.ini","context":"ZUPlus"},"pathMap":[],"targetSetup":{"resetSystem":true,"programDevice":true,"partialBitstream":false,"skipRevisionCheck":false,"device":{"plDevice":"Auto Detect","psDevice":"Auto Detect"},"enableRPUSplitMode":false,"resetAPU":false,"resetRPU":false,"bitstreamFile":"${workspaceFolder}/app_component/_ide/bitstream/connect_top.bit","zuInitialization":{"isFsbl":true,"usingFSBL":{"initWithFSBL":true,"fsblFile":"${workspaceFolder}/platform/export/platform/sw/boot/fsbl.elf","fsblExitSymbol":"XFsbl_Exit"},"usingPsuInit":{"runPsuInit":true,"plPowerup":true,"psuInitTclFile":"${workspaceFolder}/app_component/_ide/psinit/psu_init.tcl"}},"zuTraceOptions":{"isSelected":false,"scratchAddress":"0x60000","scratchSize":"0x60000","traceOutputPath":""},"downloadElf":[{"core":"psu_cortexa53_0","resetProcessor":true,"elfFile":"${workspaceFolder}/app_component/build/app_component.elf","stopAtEntry":false,"isSelfRelocatingApp":false,"relativeAddress":""}],"crossTriggerBreakpoints":{"isSelected":false,"breakpoints":[]}},"internalConsoleOptions":"openOnSessionStart","__configUri":"file:///home3/shared/chapman44/cheshire/app_component/_ide/launch.json"} 
2026-05-08 13:15:14 [info] : [Debug Manager] Disabling breakpoints in the tool to enable run mode for 'app_component_app_hw_1 [app_component]'. 
2026-05-08 13:15:15 [info] : [Debug Manager] Launch session has started on the configuration 'app_component_app_hw_1 [app_component]' 
2026-05-08 13:16:08 [info] : [Debug Manager] Launch session has terminated on the configuration 'app_component_app_hw_1 [app_component]' 
2026-05-08 13:16:08 [info] : [Debug Manager] Enabling breakpoints after running the application using 'app_component_app_hw_1 [app_component]'. 
2026-05-08 13:16:49 [info] : [Platform Server] Generate platform output stream finished - platform. 
2026-05-08 13:16:50 [info] : [Build Server] Build output stream finished - app_component::. 
2026-05-08 13:18:30 [info] : [Debug Manager] Successfully verified the target connection used  Local 
2026-05-08 13:18:30 [info] : [Debug Manager] Starting launch in 'run' mode using configuration: {"type":"tcf-debug","request":"launch","name":"app_component_app_hw_1","debugType":"baremetal-zu","attachToRunningTargetOptions":{"targetSetupMode":"standalone","executeScript":true,"scriptPath":""},"autoAttachProcessChildren":false,"target":{"targetConnectionId":"Local","peersIniPath":"../../_ide/.peers.ini","context":"ZUPlus"},"pathMap":[],"targetSetup":{"resetSystem":true,"programDevice":true,"partialBitstream":false,"skipRevisionCheck":false,"device":{"plDevice":"Auto Detect","psDevice":"Auto Detect"},"enableRPUSplitMode":false,"resetAPU":false,"resetRPU":false,"bitstreamFile":"${workspaceFolder}/app_component/_ide/bitstream/connect_top.bit","zuInitialization":{"isFsbl":true,"usingFSBL":{"initWithFSBL":true,"fsblFile":"${workspaceFolder}/platform/export/platform/sw/boot/fsbl.elf","fsblExitSymbol":"XFsbl_Exit"},"usingPsuInit":{"runPsuInit":true,"plPowerup":true,"psuInitTclFile":"${workspaceFolder}/app_component/_ide/psinit/psu_init.tcl"}},"zuTraceOptions":{"isSelected":false,"scratchAddress":"0x60000","scratchSize":"0x60000","traceOutputPath":""},"downloadElf":[{"core":"psu_cortexa53_0","resetProcessor":true,"elfFile":"${workspaceFolder}/app_component/build/app_component.elf","stopAtEntry":false,"isSelfRelocatingApp":false,"relativeAddress":""}],"crossTriggerBreakpoints":{"isSelected":false,"breakpoints":[]}},"internalConsoleOptions":"openOnSessionStart","__configUri":"file:///home3/shared/chapman44/cheshire/app_component/_ide/launch.json"} 
2026-05-08 13:18:30 [info] : [Debug Manager] Disabling breakpoints in the tool to enable run mode for 'app_component_app_hw_1 [app_component]'. 
2026-05-08 13:18:31 [info] : [Debug Manager] Launch session has started on the configuration 'app_component_app_hw_1 [app_component]' 
2026-05-08 13:18:51 [info] : [Debug Manager] Launch session has terminated on the configuration 'app_component_app_hw_1 [app_component]' 
2026-05-08 13:18:51 [info] : [Debug Manager] Enabling breakpoints after running the application using 'app_component_app_hw_1 [app_component]'. 
2026-05-08 13:20:33 [info] : [Debug Manager] Successfully verified the target connection used  Local 
2026-05-08 13:20:33 [info] : [Debug Manager] Starting launch in 'run' mode using configuration: {"type":"tcf-debug","request":"launch","name":"app_component_app_hw_1","debugType":"baremetal-zu","attachToRunningTargetOptions":{"targetSetupMode":"standalone","executeScript":true,"scriptPath":""},"autoAttachProcessChildren":false,"target":{"targetConnectionId":"Local","peersIniPath":"../../_ide/.peers.ini","context":"ZUPlus"},"pathMap":[],"targetSetup":{"resetSystem":true,"programDevice":true,"partialBitstream":false,"skipRevisionCheck":false,"device":{"plDevice":"Auto Detect","psDevice":"Auto Detect"},"enableRPUSplitMode":false,"resetAPU":false,"resetRPU":false,"bitstreamFile":"${workspaceFolder}/app_component/_ide/bitstream/connect_top.bit","zuInitialization":{"isFsbl":true,"usingFSBL":{"initWithFSBL":true,"fsblFile":"${workspaceFolder}/platform/export/platform/sw/boot/fsbl.elf","fsblExitSymbol":"XFsbl_Exit"},"usingPsuInit":{"runPsuInit":true,"plPowerup":true,"psuInitTclFile":"${workspaceFolder}/app_component/_ide/psinit/psu_init.tcl"}},"zuTraceOptions":{"isSelected":false,"scratchAddress":"0x60000","scratchSize":"0x60000","traceOutputPath":""},"downloadElf":[{"core":"psu_cortexa53_0","resetProcessor":true,"elfFile":"${workspaceFolder}/app_component/build/app_component.elf","stopAtEntry":false,"isSelfRelocatingApp":false,"relativeAddress":""}],"crossTriggerBreakpoints":{"isSelected":false,"breakpoints":[]}},"internalConsoleOptions":"openOnSessionStart","__configUri":"file:///home3/shared/chapman44/cheshire/app_component/_ide/launch.json"} 
2026-05-08 13:20:33 [info] : [Debug Manager] Disabling breakpoints in the tool to enable run mode for 'app_component_app_hw_1 [app_component]'. 
2026-05-08 13:20:33 [info] : [Debug Manager] Launch session has started on the configuration 'app_component_app_hw_1 [app_component]' 
2026-05-08 13:20:59 [info] : [Debug Manager] Launch session has terminated on the configuration 'app_component_app_hw_1 [app_component]' 
2026-05-08 13:20:59 [info] : [Debug Manager] Enabling breakpoints after running the application using 'app_component_app_hw_1 [app_component]'. 
2026-05-08 13:21:28 [info] : [Platform Server] Generate platform output stream finished - platform. 
2026-05-08 13:21:29 [info] : [Build Server] Build output stream finished - app_component::. 
2026-05-08 13:23:16 [info] : [Debug Manager] Successfully verified the target connection used  Local 
2026-05-08 13:23:16 [info] : [Debug Manager] Starting launch in 'run' mode using configuration: {"type":"tcf-debug","request":"launch","name":"app_component_app_hw_1","debugType":"baremetal-zu","attachToRunningTargetOptions":{"targetSetupMode":"standalone","executeScript":true,"scriptPath":""},"autoAttachProcessChildren":false,"target":{"targetConnectionId":"Local","peersIniPath":"../../_ide/.peers.ini","context":"ZUPlus"},"pathMap":[],"targetSetup":{"resetSystem":true,"programDevice":true,"partialBitstream":false,"skipRevisionCheck":false,"device":{"plDevice":"Auto Detect","psDevice":"Auto Detect"},"enableRPUSplitMode":false,"resetAPU":false,"resetRPU":false,"bitstreamFile":"${workspaceFolder}/app_component/_ide/bitstream/connect_top.bit","zuInitialization":{"isFsbl":true,"usingFSBL":{"initWithFSBL":true,"fsblFile":"${workspaceFolder}/platform/export/platform/sw/boot/fsbl.elf","fsblExitSymbol":"XFsbl_Exit"},"usingPsuInit":{"runPsuInit":true,"plPowerup":true,"psuInitTclFile":"${workspaceFolder}/app_component/_ide/psinit/psu_init.tcl"}},"zuTraceOptions":{"isSelected":false,"scratchAddress":"0x60000","scratchSize":"0x60000","traceOutputPath":""},"downloadElf":[{"core":"psu_cortexa53_0","resetProcessor":true,"elfFile":"${workspaceFolder}/app_component/build/app_component.elf","stopAtEntry":false,"isSelfRelocatingApp":false,"relativeAddress":""}],"crossTriggerBreakpoints":{"isSelected":false,"breakpoints":[]}},"internalConsoleOptions":"openOnSessionStart","__configUri":"file:///home3/shared/chapman44/cheshire/app_component/_ide/launch.json"} 
2026-05-08 13:23:16 [info] : [Debug Manager] Disabling breakpoints in the tool to enable run mode for 'app_component_app_hw_1 [app_component]'. 
2026-05-08 13:23:16 [info] : [Debug Manager] Launch session has started on the configuration 'app_component_app_hw_1 [app_component]' 
2026-05-08 13:23:24 [info] : [Debug Manager] Launch session has terminated on the configuration 'app_component_app_hw_1 [app_component]' 
2026-05-08 13:23:24 [info] : [Debug Manager] Enabling breakpoints after running the application using 'app_component_app_hw_1 [app_component]'. 
2026-05-08 13:23:40 [info] : [Platform Server] Generate platform output stream finished - platform. 
2026-05-08 13:23:41 [info] : [Build Server] Build output stream finished - app_component::. 
2026-05-08 13:25:32 [info] : [Debug Manager] Successfully verified the target connection used  Local 
2026-05-08 13:25:32 [info] : [Debug Manager] Starting launch in 'run' mode using configuration: {"type":"tcf-debug","request":"launch","name":"app_component_app_hw_1","debugType":"baremetal-zu","attachToRunningTargetOptions":{"targetSetupMode":"standalone","executeScript":true,"scriptPath":""},"autoAttachProcessChildren":false,"target":{"targetConnectionId":"Local","peersIniPath":"../../_ide/.peers.ini","context":"ZUPlus"},"pathMap":[],"targetSetup":{"resetSystem":true,"programDevice":true,"partialBitstream":false,"skipRevisionCheck":false,"device":{"plDevice":"Auto Detect","psDevice":"Auto Detect"},"enableRPUSplitMode":false,"resetAPU":false,"resetRPU":false,"bitstreamFile":"${workspaceFolder}/app_component/_ide/bitstream/connect_top.bit","zuInitialization":{"isFsbl":true,"usingFSBL":{"initWithFSBL":true,"fsblFile":"${workspaceFolder}/platform/export/platform/sw/boot/fsbl.elf","fsblExitSymbol":"XFsbl_Exit"},"usingPsuInit":{"runPsuInit":true,"plPowerup":true,"psuInitTclFile":"${workspaceFolder}/app_component/_ide/psinit/psu_init.tcl"}},"zuTraceOptions":{"isSelected":false,"scratchAddress":"0x60000","scratchSize":"0x60000","traceOutputPath":""},"downloadElf":[{"core":"psu_cortexa53_0","resetProcessor":true,"elfFile":"${workspaceFolder}/app_component/build/app_component.elf","stopAtEntry":false,"isSelfRelocatingApp":false,"relativeAddress":""}],"crossTriggerBreakpoints":{"isSelected":false,"breakpoints":[]}},"internalConsoleOptions":"openOnSessionStart","__configUri":"file:///home3/shared/chapman44/cheshire/app_component/_ide/launch.json"} 
2026-05-08 13:25:32 [info] : [Debug Manager] Disabling breakpoints in the tool to enable run mode for 'app_component_app_hw_1 [app_component]'. 
2026-05-08 13:25:32 [info] : [Debug Manager] Launch session has started on the configuration 'app_component_app_hw_1 [app_component]' 
2026-05-08 13:25:38 [info] : [Debug Manager] Launch session has terminated on the configuration 'app_component_app_hw_1 [app_component]' 
2026-05-08 13:25:38 [info] : [Debug Manager] Enabling breakpoints after running the application using 'app_component_app_hw_1 [app_component]'. 
2026-05-08 13:25:49 [info] : [Platform Server] Generate platform output stream finished - platform. 
2026-05-08 13:25:50 [info] : [Build Server] Build output stream finished - app_component::. 
2026-05-08 13:27:58 [info] : [Debug Manager] Successfully verified the target connection used  Local 
2026-05-08 13:27:58 [info] : [Debug Manager] Starting launch in 'run' mode using configuration: {"type":"tcf-debug","request":"launch","name":"app_component_app_hw_1","debugType":"baremetal-zu","attachToRunningTargetOptions":{"targetSetupMode":"standalone","executeScript":true,"scriptPath":""},"autoAttachProcessChildren":false,"target":{"targetConnectionId":"Local","peersIniPath":"../../_ide/.peers.ini","context":"ZUPlus"},"pathMap":[],"targetSetup":{"resetSystem":true,"programDevice":true,"partialBitstream":false,"skipRevisionCheck":false,"device":{"plDevice":"Auto Detect","psDevice":"Auto Detect"},"enableRPUSplitMode":false,"resetAPU":false,"resetRPU":false,"bitstreamFile":"${workspaceFolder}/app_component/_ide/bitstream/connect_top.bit","zuInitialization":{"isFsbl":true,"usingFSBL":{"initWithFSBL":true,"fsblFile":"${workspaceFolder}/platform/export/platform/sw/boot/fsbl.elf","fsblExitSymbol":"XFsbl_Exit"},"usingPsuInit":{"runPsuInit":true,"plPowerup":true,"psuInitTclFile":"${workspaceFolder}/app_component/_ide/psinit/psu_init.tcl"}},"zuTraceOptions":{"isSelected":false,"scratchAddress":"0x60000","scratchSize":"0x60000","traceOutputPath":""},"downloadElf":[{"core":"psu_cortexa53_0","resetProcessor":true,"elfFile":"${workspaceFolder}/app_component/build/app_component.elf","stopAtEntry":false,"isSelfRelocatingApp":false,"relativeAddress":""}],"crossTriggerBreakpoints":{"isSelected":false,"breakpoints":[]}},"internalConsoleOptions":"openOnSessionStart","__configUri":"file:///home3/shared/chapman44/cheshire/app_component/_ide/launch.json"} 
2026-05-08 13:27:58 [info] : [Debug Manager] Disabling breakpoints in the tool to enable run mode for 'app_component_app_hw_1 [app_component]'. 
2026-05-08 13:27:58 [info] : [Debug Manager] Launch session has started on the configuration 'app_component_app_hw_1 [app_component]' 
2026-05-08 13:28:03 [info] : [Debug Manager] Launch session has terminated on the configuration 'app_component_app_hw_1 [app_component]' 
2026-05-08 13:28:03 [info] : [Debug Manager] Enabling breakpoints after running the application using 'app_component_app_hw_1 [app_component]'. 
2026-05-08 13:29:43 [info] : [Platform Server] Generate platform output stream finished - platform. 
2026-05-08 13:29:44 [info] : [Build Server] Build output stream finished - app_component::. 
2026-05-08 13:31:26 [info] : [Debug Manager] Successfully verified the target connection used  Local 
2026-05-08 13:31:26 [info] : [Debug Manager] Starting launch in 'run' mode using configuration: {"type":"tcf-debug","request":"launch","name":"app_component_app_hw_1","debugType":"baremetal-zu","attachToRunningTargetOptions":{"targetSetupMode":"standalone","executeScript":true,"scriptPath":""},"autoAttachProcessChildren":false,"target":{"targetConnectionId":"Local","peersIniPath":"../../_ide/.peers.ini","context":"ZUPlus"},"pathMap":[],"targetSetup":{"resetSystem":true,"programDevice":true,"partialBitstream":false,"skipRevisionCheck":false,"device":{"plDevice":"Auto Detect","psDevice":"Auto Detect"},"enableRPUSplitMode":false,"resetAPU":false,"resetRPU":false,"bitstreamFile":"${workspaceFolder}/app_component/_ide/bitstream/connect_top.bit","zuInitialization":{"isFsbl":true,"usingFSBL":{"initWithFSBL":true,"fsblFile":"${workspaceFolder}/platform/export/platform/sw/boot/fsbl.elf","fsblExitSymbol":"XFsbl_Exit"},"usingPsuInit":{"runPsuInit":true,"plPowerup":true,"psuInitTclFile":"${workspaceFolder}/app_component/_ide/psinit/psu_init.tcl"}},"zuTraceOptions":{"isSelected":false,"scratchAddress":"0x60000","scratchSize":"0x60000","traceOutputPath":""},"downloadElf":[{"core":"psu_cortexa53_0","resetProcessor":true,"elfFile":"${workspaceFolder}/app_component/build/app_component.elf","stopAtEntry":false,"isSelfRelocatingApp":false,"relativeAddress":""}],"crossTriggerBreakpoints":{"isSelected":false,"breakpoints":[]}},"internalConsoleOptions":"openOnSessionStart","__configUri":"file:///home3/shared/chapman44/cheshire/app_component/_ide/launch.json"} 
2026-05-08 13:31:26 [info] : [Debug Manager] Disabling breakpoints in the tool to enable run mode for 'app_component_app_hw_1 [app_component]'. 
2026-05-08 13:31:26 [info] : [Debug Manager] Launch session has started on the configuration 'app_component_app_hw_1 [app_component]' 
2026-05-08 13:31:34 [info] : [Debug Manager] Launch session has terminated on the configuration 'app_component_app_hw_1 [app_component]' 
2026-05-08 13:31:34 [info] : [Debug Manager] Enabling breakpoints after running the application using 'app_component_app_hw_1 [app_component]'. 
2026-05-08 13:32:03 [info] : [Platform Server] Generate platform output stream finished - platform. 
2026-05-08 13:32:04 [info] : [Build Server] Build output stream finished - app_component::. 
2026-05-08 13:33:45 [info] : [Debug Manager] Successfully verified the target connection used  Local 
2026-05-08 13:33:45 [info] : [Debug Manager] Starting launch in 'run' mode using configuration: {"type":"tcf-debug","request":"launch","name":"app_component_app_hw_1","debugType":"baremetal-zu","attachToRunningTargetOptions":{"targetSetupMode":"standalone","executeScript":true,"scriptPath":""},"autoAttachProcessChildren":false,"target":{"targetConnectionId":"Local","peersIniPath":"../../_ide/.peers.ini","context":"ZUPlus"},"pathMap":[],"targetSetup":{"resetSystem":true,"programDevice":true,"partialBitstream":false,"skipRevisionCheck":false,"device":{"plDevice":"Auto Detect","psDevice":"Auto Detect"},"enableRPUSplitMode":false,"resetAPU":false,"resetRPU":false,"bitstreamFile":"${workspaceFolder}/app_component/_ide/bitstream/connect_top.bit","zuInitialization":{"isFsbl":true,"usingFSBL":{"initWithFSBL":true,"fsblFile":"${workspaceFolder}/platform/export/platform/sw/boot/fsbl.elf","fsblExitSymbol":"XFsbl_Exit"},"usingPsuInit":{"runPsuInit":true,"plPowerup":true,"psuInitTclFile":"${workspaceFolder}/app_component/_ide/psinit/psu_init.tcl"}},"zuTraceOptions":{"isSelected":false,"scratchAddress":"0x60000","scratchSize":"0x60000","traceOutputPath":""},"downloadElf":[{"core":"psu_cortexa53_0","resetProcessor":true,"elfFile":"${workspaceFolder}/app_component/build/app_component.elf","stopAtEntry":false,"isSelfRelocatingApp":false,"relativeAddress":""}],"crossTriggerBreakpoints":{"isSelected":false,"breakpoints":[]}},"internalConsoleOptions":"openOnSessionStart","__configUri":"file:///home3/shared/chapman44/cheshire/app_component/_ide/launch.json"} 
2026-05-08 13:33:45 [info] : [Debug Manager] Disabling breakpoints in the tool to enable run mode for 'app_component_app_hw_1 [app_component]'. 
2026-05-08 13:33:45 [info] : [Debug Manager] Launch session has started on the configuration 'app_component_app_hw_1 [app_component]' 
2026-05-08 13:33:56 [info] : [Debug Manager] Launch session has terminated on the configuration 'app_component_app_hw_1 [app_component]' 
2026-05-08 13:33:56 [info] : [Debug Manager] Enabling breakpoints after running the application using 'app_component_app_hw_1 [app_component]'. 
2026-05-08 13:34:43 [info] : [Platform Server] Generate platform output stream finished - platform. 
2026-05-08 13:34:44 [info] : [Build Server] Build output stream finished - app_component::. 
2026-05-08 13:36:24 [info] : [Debug Manager] Successfully verified the target connection used  Local 
2026-05-08 13:36:24 [info] : [Debug Manager] Starting launch in 'run' mode using configuration: {"type":"tcf-debug","request":"launch","name":"app_component_app_hw_1","debugType":"baremetal-zu","attachToRunningTargetOptions":{"targetSetupMode":"standalone","executeScript":true,"scriptPath":""},"autoAttachProcessChildren":false,"target":{"targetConnectionId":"Local","peersIniPath":"../../_ide/.peers.ini","context":"ZUPlus"},"pathMap":[],"targetSetup":{"resetSystem":true,"programDevice":true,"partialBitstream":false,"skipRevisionCheck":false,"device":{"plDevice":"Auto Detect","psDevice":"Auto Detect"},"enableRPUSplitMode":false,"resetAPU":false,"resetRPU":false,"bitstreamFile":"${workspaceFolder}/app_component/_ide/bitstream/connect_top.bit","zuInitialization":{"isFsbl":true,"usingFSBL":{"initWithFSBL":true,"fsblFile":"${workspaceFolder}/platform/export/platform/sw/boot/fsbl.elf","fsblExitSymbol":"XFsbl_Exit"},"usingPsuInit":{"runPsuInit":true,"plPowerup":true,"psuInitTclFile":"${workspaceFolder}/app_component/_ide/psinit/psu_init.tcl"}},"zuTraceOptions":{"isSelected":false,"scratchAddress":"0x60000","scratchSize":"0x60000","traceOutputPath":""},"downloadElf":[{"core":"psu_cortexa53_0","resetProcessor":true,"elfFile":"${workspaceFolder}/app_component/build/app_component.elf","stopAtEntry":false,"isSelfRelocatingApp":false,"relativeAddress":""}],"crossTriggerBreakpoints":{"isSelected":false,"breakpoints":[]}},"internalConsoleOptions":"openOnSessionStart","__configUri":"file:///home3/shared/chapman44/cheshire/app_component/_ide/launch.json"} 
2026-05-08 13:36:24 [info] : [Debug Manager] Disabling breakpoints in the tool to enable run mode for 'app_component_app_hw_1 [app_component]'. 
2026-05-08 13:36:25 [info] : [Debug Manager] Launch session has started on the configuration 'app_component_app_hw_1 [app_component]' 
2026-05-08 13:37:06 [info] : [Debug Manager] Launch session has terminated on the configuration 'app_component_app_hw_1 [app_component]' 
2026-05-08 13:37:06 [info] : [Debug Manager] Enabling breakpoints after running the application using 'app_component_app_hw_1 [app_component]'. 
2026-05-08 13:37:22 [info] : [Platform Server] Generate platform output stream finished - platform. 
2026-05-08 13:37:24 [info] : [Build Server] Build output stream finished - app_component::. 
2026-05-08 13:41:13 [info] : [Debug Manager] Successfully verified the target connection used  Local 
2026-05-08 13:41:13 [info] : [Debug Manager] Starting launch in 'run' mode using configuration: {"type":"tcf-debug","request":"launch","name":"app_component_app_hw_1","debugType":"baremetal-zu","attachToRunningTargetOptions":{"targetSetupMode":"standalone","executeScript":true,"scriptPath":""},"autoAttachProcessChildren":false,"target":{"targetConnectionId":"Local","peersIniPath":"../../_ide/.peers.ini","context":"ZUPlus"},"pathMap":[],"targetSetup":{"resetSystem":true,"programDevice":true,"partialBitstream":false,"skipRevisionCheck":false,"device":{"plDevice":"Auto Detect","psDevice":"Auto Detect"},"enableRPUSplitMode":false,"resetAPU":false,"resetRPU":false,"bitstreamFile":"${workspaceFolder}/app_component/_ide/bitstream/connect_top.bit","zuInitialization":{"isFsbl":true,"usingFSBL":{"initWithFSBL":true,"fsblFile":"${workspaceFolder}/platform/export/platform/sw/boot/fsbl.elf","fsblExitSymbol":"XFsbl_Exit"},"usingPsuInit":{"runPsuInit":true,"plPowerup":true,"psuInitTclFile":"${workspaceFolder}/app_component/_ide/psinit/psu_init.tcl"}},"zuTraceOptions":{"isSelected":false,"scratchAddress":"0x60000","scratchSize":"0x60000","traceOutputPath":""},"downloadElf":[{"core":"psu_cortexa53_0","resetProcessor":true,"elfFile":"${workspaceFolder}/app_component/build/app_component.elf","stopAtEntry":false,"isSelfRelocatingApp":false,"relativeAddress":""}],"crossTriggerBreakpoints":{"isSelected":false,"breakpoints":[]}},"internalConsoleOptions":"openOnSessionStart","__configUri":"file:///home3/shared/chapman44/cheshire/app_component/_ide/launch.json"} 
2026-05-08 13:41:13 [info] : [Debug Manager] Disabling breakpoints in the tool to enable run mode for 'app_component_app_hw_1 [app_component]'. 
2026-05-08 13:41:13 [info] : [Debug Manager] Launch session has started on the configuration 'app_component_app_hw_1 [app_component]' 
2026-05-08 13:41:20 [info] : [Debug Manager] Launch session has terminated on the configuration 'app_component_app_hw_1 [app_component]' 
2026-05-08 13:41:20 [info] : [Debug Manager] Enabling breakpoints after running the application using 'app_component_app_hw_1 [app_component]'. 
2026-05-08 13:45:56 [info] : [Platform Server] Generate platform output stream finished - platform. 
2026-05-08 13:45:57 [info] : [Build Server] Build output stream finished - app_component::. 
2026-05-08 13:48:06 [info] : [Debug Manager] Successfully verified the target connection used  Local 
2026-05-08 13:48:06 [info] : [Debug Manager] Starting launch in 'run' mode using configuration: {"type":"tcf-debug","request":"launch","name":"app_component_app_hw_1","debugType":"baremetal-zu","attachToRunningTargetOptions":{"targetSetupMode":"standalone","executeScript":true,"scriptPath":""},"autoAttachProcessChildren":false,"target":{"targetConnectionId":"Local","peersIniPath":"../../_ide/.peers.ini","context":"ZUPlus"},"pathMap":[],"targetSetup":{"resetSystem":true,"programDevice":true,"partialBitstream":false,"skipRevisionCheck":false,"device":{"plDevice":"Auto Detect","psDevice":"Auto Detect"},"enableRPUSplitMode":false,"resetAPU":false,"resetRPU":false,"bitstreamFile":"${workspaceFolder}/app_component/_ide/bitstream/connect_top.bit","zuInitialization":{"isFsbl":true,"usingFSBL":{"initWithFSBL":true,"fsblFile":"${workspaceFolder}/platform/export/platform/sw/boot/fsbl.elf","fsblExitSymbol":"XFsbl_Exit"},"usingPsuInit":{"runPsuInit":true,"plPowerup":true,"psuInitTclFile":"${workspaceFolder}/app_component/_ide/psinit/psu_init.tcl"}},"zuTraceOptions":{"isSelected":false,"scratchAddress":"0x60000","scratchSize":"0x60000","traceOutputPath":""},"downloadElf":[{"core":"psu_cortexa53_0","resetProcessor":true,"elfFile":"${workspaceFolder}/app_component/build/app_component.elf","stopAtEntry":false,"isSelfRelocatingApp":false,"relativeAddress":""}],"crossTriggerBreakpoints":{"isSelected":false,"breakpoints":[]}},"internalConsoleOptions":"openOnSessionStart","__configUri":"file:///home3/shared/chapman44/cheshire/app_component/_ide/launch.json"} 
2026-05-08 13:48:06 [info] : [Debug Manager] Disabling breakpoints in the tool to enable run mode for 'app_component_app_hw_1 [app_component]'. 
2026-05-08 13:48:07 [info] : [Debug Manager] Launch session has started on the configuration 'app_component_app_hw_1 [app_component]' 
2026-05-08 13:48:09 [info] : [Debug Manager] Launch session has terminated on the configuration 'app_component_app_hw_1 [app_component]' 
2026-05-08 13:48:09 [info] : [Debug Manager] Enabling breakpoints after running the application using 'app_component_app_hw_1 [app_component]'. 
2026-05-08 13:48:47 [info] : [Platform Server] Generate platform output stream finished - platform. 
2026-05-08 13:48:48 [info] : [Build Server] Build output stream finished - app_component::. 
2026-05-08 13:50:31 [info] : [Debug Manager] Successfully verified the target connection used  Local 
2026-05-08 13:50:31 [info] : [Debug Manager] Starting launch in 'run' mode using configuration: {"type":"tcf-debug","request":"launch","name":"app_component_app_hw_1","debugType":"baremetal-zu","attachToRunningTargetOptions":{"targetSetupMode":"standalone","executeScript":true,"scriptPath":""},"autoAttachProcessChildren":false,"target":{"targetConnectionId":"Local","peersIniPath":"../../_ide/.peers.ini","context":"ZUPlus"},"pathMap":[],"targetSetup":{"resetSystem":true,"programDevice":true,"partialBitstream":false,"skipRevisionCheck":false,"device":{"plDevice":"Auto Detect","psDevice":"Auto Detect"},"enableRPUSplitMode":false,"resetAPU":false,"resetRPU":false,"bitstreamFile":"${workspaceFolder}/app_component/_ide/bitstream/connect_top.bit","zuInitialization":{"isFsbl":true,"usingFSBL":{"initWithFSBL":true,"fsblFile":"${workspaceFolder}/platform/export/platform/sw/boot/fsbl.elf","fsblExitSymbol":"XFsbl_Exit"},"usingPsuInit":{"runPsuInit":true,"plPowerup":true,"psuInitTclFile":"${workspaceFolder}/app_component/_ide/psinit/psu_init.tcl"}},"zuTraceOptions":{"isSelected":false,"scratchAddress":"0x60000","scratchSize":"0x60000","traceOutputPath":""},"downloadElf":[{"core":"psu_cortexa53_0","resetProcessor":true,"elfFile":"${workspaceFolder}/app_component/build/app_component.elf","stopAtEntry":false,"isSelfRelocatingApp":false,"relativeAddress":""}],"crossTriggerBreakpoints":{"isSelected":false,"breakpoints":[]}},"internalConsoleOptions":"openOnSessionStart","__configUri":"file:///home3/shared/chapman44/cheshire/app_component/_ide/launch.json"} 
2026-05-08 13:50:31 [info] : [Debug Manager] Disabling breakpoints in the tool to enable run mode for 'app_component_app_hw_1 [app_component]'. 
2026-05-08 13:50:31 [info] : [Debug Manager] Launch session has started on the configuration 'app_component_app_hw_1 [app_component]' 
2026-05-08 13:51:34 [info] : [Debug Manager] Launch session has terminated on the configuration 'app_component_app_hw_1 [app_component]' 
2026-05-08 13:51:34 [info] : [Debug Manager] Enabling breakpoints after running the application using 'app_component_app_hw_1 [app_component]'. 
2026-05-08 14:03:37 [info] : [Platform Server] Generate platform output stream finished - platform. 
2026-05-08 14:03:38 [info] : [Build Server] Build output stream finished - app_component::. 
2026-05-08 14:05:33 [info] : [Debug Manager] Successfully verified the target connection used  Local 
2026-05-08 14:05:33 [info] : [Debug Manager] Starting launch in 'run' mode using configuration: {"type":"tcf-debug","request":"launch","name":"app_component_app_hw_1","debugType":"baremetal-zu","attachToRunningTargetOptions":{"targetSetupMode":"standalone","executeScript":true,"scriptPath":""},"autoAttachProcessChildren":false,"target":{"targetConnectionId":"Local","peersIniPath":"../../_ide/.peers.ini","context":"ZUPlus"},"pathMap":[],"targetSetup":{"resetSystem":true,"programDevice":true,"partialBitstream":false,"skipRevisionCheck":false,"device":{"plDevice":"Auto Detect","psDevice":"Auto Detect"},"enableRPUSplitMode":false,"resetAPU":false,"resetRPU":false,"bitstreamFile":"${workspaceFolder}/app_component/_ide/bitstream/connect_top.bit","zuInitialization":{"isFsbl":true,"usingFSBL":{"initWithFSBL":true,"fsblFile":"${workspaceFolder}/platform/export/platform/sw/boot/fsbl.elf","fsblExitSymbol":"XFsbl_Exit"},"usingPsuInit":{"runPsuInit":true,"plPowerup":true,"psuInitTclFile":"${workspaceFolder}/app_component/_ide/psinit/psu_init.tcl"}},"zuTraceOptions":{"isSelected":false,"scratchAddress":"0x60000","scratchSize":"0x60000","traceOutputPath":""},"downloadElf":[{"core":"psu_cortexa53_0","resetProcessor":true,"elfFile":"${workspaceFolder}/app_component/build/app_component.elf","stopAtEntry":false,"isSelfRelocatingApp":false,"relativeAddress":""}],"crossTriggerBreakpoints":{"isSelected":false,"breakpoints":[]}},"internalConsoleOptions":"openOnSessionStart","__configUri":"file:///home3/shared/chapman44/cheshire/app_component/_ide/launch.json"} 
2026-05-08 14:05:33 [info] : [Debug Manager] Disabling breakpoints in the tool to enable run mode for 'app_component_app_hw_1 [app_component]'. 
2026-05-08 14:05:33 [info] : [Debug Manager] Launch session has started on the configuration 'app_component_app_hw_1 [app_component]' 
2026-05-08 14:07:43 [info] : [Debug Manager] Launch session has terminated on the configuration 'app_component_app_hw_1 [app_component]' 
2026-05-08 14:07:43 [info] : [Debug Manager] Enabling breakpoints after running the application using 'app_component_app_hw_1 [app_component]'. 
2026-05-08 14:23:47 [info] : [Platform Server] Generate platform output stream finished - platform. 
2026-05-08 14:23:48 [info] : [Build Server] Build output stream finished - app_component::. 
2026-05-08 14:25:31 [info] : [Debug Manager] Successfully verified the target connection used  Local 
2026-05-08 14:25:31 [info] : [Debug Manager] Starting launch in 'run' mode using configuration: {"type":"tcf-debug","request":"launch","name":"app_component_app_hw_1","debugType":"baremetal-zu","attachToRunningTargetOptions":{"targetSetupMode":"standalone","executeScript":true,"scriptPath":""},"autoAttachProcessChildren":false,"target":{"targetConnectionId":"Local","peersIniPath":"../../_ide/.peers.ini","context":"ZUPlus"},"pathMap":[],"targetSetup":{"resetSystem":true,"programDevice":true,"partialBitstream":false,"skipRevisionCheck":false,"device":{"plDevice":"Auto Detect","psDevice":"Auto Detect"},"enableRPUSplitMode":false,"resetAPU":false,"resetRPU":false,"bitstreamFile":"${workspaceFolder}/app_component/_ide/bitstream/connect_top.bit","zuInitialization":{"isFsbl":true,"usingFSBL":{"initWithFSBL":true,"fsblFile":"${workspaceFolder}/platform/export/platform/sw/boot/fsbl.elf","fsblExitSymbol":"XFsbl_Exit"},"usingPsuInit":{"runPsuInit":true,"plPowerup":true,"psuInitTclFile":"${workspaceFolder}/app_component/_ide/psinit/psu_init.tcl"}},"zuTraceOptions":{"isSelected":false,"scratchAddress":"0x60000","scratchSize":"0x60000","traceOutputPath":""},"downloadElf":[{"core":"psu_cortexa53_0","resetProcessor":true,"elfFile":"${workspaceFolder}/app_component/build/app_component.elf","stopAtEntry":false,"isSelfRelocatingApp":false,"relativeAddress":""}],"crossTriggerBreakpoints":{"isSelected":false,"breakpoints":[]}},"internalConsoleOptions":"openOnSessionStart","__configUri":"file:///home3/shared/chapman44/cheshire/app_component/_ide/launch.json"} 
2026-05-08 14:25:31 [info] : [Debug Manager] Disabling breakpoints in the tool to enable run mode for 'app_component_app_hw_1 [app_component]'. 
2026-05-08 14:25:32 [info] : [Debug Manager] Launch session has started on the configuration 'app_component_app_hw_1 [app_component]' 
2026-05-08 14:25:40 [info] : [Debug Manager] Launch session has terminated on the configuration 'app_component_app_hw_1 [app_component]' 
2026-05-08 14:25:40 [info] : [Debug Manager] Enabling breakpoints after running the application using 'app_component_app_hw_1 [app_component]'. 
