09:06:45 INFO  : updated workspace path: /home3/shared/chapman44/cheshire
09:06:45 INFO  : created .gitignore file for the project /home3/shared/chapman44/cheshire
09:06:45 INFO  : bash, -c, empyro repo -st   /home3/CAD/Vitis2025_2/2025.2/Vitis/data/embeddedsw
09:06:46 INFO  : [INFO]: Initializing repositories
09:06:46 INFO  : [INFO]: Successfully set the EmbeddedSW path, refer .repo.yaml for more details.
09:06:46 INFO  : Successfully created repository data at /home3/shared/chapman44/cheshire/_ide/.wsdata
09:06:46 INFO  : bash, -c, empyro get_template_data -d /tmp/rigel_lopper_chapman449839830296157116205 -r /home3/shared/chapman44/cheshire/_ide/.wsdata/.repo.yaml
09:06:46 INFO  : Embedded Template List generated successfully
09:07:25 INFO  : Using sdt generation script from /home3/CAD/Vitis2025_2/2025.2/Vitis/vitis-server/scripts/platformutil.tcl
09:07:25 INFO  : bash, -c, sdtgen /home3/CAD/Vitis2025_2/2025.2/Vitis/vitis-server/scripts/platformutil.tcl /home3/shared/chapman44/cheshire/target/xilinx/build/zcu102.cheshire/connect_top.xsa /home3/shared/chapman44/cheshire/.rigel_lopper_temp_platform/connect_top/hw/sdt
09:07:33 INFO  : INFO: /home3/shared/chapman44/cheshire/.rigel_lopper_temp_platform/connect_top/hw/sdt exists. Files will be overwritten
09:07:33 INFO  : -xsa /home3/shared/chapman44/cheshire/target/xilinx/build/zcu102.cheshire/connect_top.xsa
09:07:33 INFO  : -dir /home3/shared/chapman44/cheshire/.rigel_lopper_temp_platform/connect_top/hw/sdt
09:07:33 INFO  : -board_dts 
09:07:33 INFO  : -include_dts 
09:07:33 INFO  : -repo /home3/CAD/Vitis2025_2/2025.2/data/system-device-tree-xlnx
09:07:33 INFO  : -zocl disable
09:07:33 INFO  : INFO: [Hsi 55-2053] elapsed time for repository (/home3/CAD/Vitis2025_2/2025.2/data/embeddedsw) loading 0 seconds
09:07:33 INFO  : hsi::open_hw_design: Time (s): cpu = 00:00:06 ; elapsed = 00:00:06 . Memory (MB): peak = 871.457 ; gain = 168.594 ; free physical = 56307 ; free virtual = 110169
09:07:33 INFO  : SDT generated successfully
09:07:33 INFO  : Lopper command for cpu List generation: lopper --enhanced --werror -f -O /home3/shared/chapman44/cheshire/.rigel_lopper -i lop-cpu-oslist.dts /home3/shared/chapman44/cheshire/.rigel_lopper_temp_platform/connect_top/hw/sdt/system-top.dts
09:07:33 INFO  : bash, -c, lopper --enhanced --werror -f -O /home3/shared/chapman44/cheshire/.rigel_lopper -i lop-cpu-oslist.dts /home3/shared/chapman44/cheshire/.rigel_lopper_temp_platform/connect_top/hw/sdt/system-top.dts
09:07:35 INFO  : CPU List generated successfully
09:07:59 INFO  : Platform platform creation started.
09:07:59 INFO  : Lopper command for cpu List generation: lopper --enhanced --werror -f -O /home3/shared/chapman44/cheshire/.rigel_lopper -i lop-cpu-oslist.dts /home3/shared/chapman44/cheshire/platform/hw/sdt/system-top.dts
09:07:59 INFO  : bash, -c, lopper --enhanced --werror -f -O /home3/shared/chapman44/cheshire/.rigel_lopper -i lop-cpu-oslist.dts /home3/shared/chapman44/cheshire/platform/hw/sdt/system-top.dts
09:08:00 INFO  : CPU List generated successfully
09:08:00 INFO  : SDT generated successfully.
09:08:00 INFO  : ZYNQMP: Using the QEMU args from install at  : /home3/CAD/Vitis2025_2/2025.2/Vitis/data/emulation/platforms/zynqmp/sw/a53_linux/qemu/qemu_args.txt
09:08:00 INFO  : ZYNQMP: Using the PMUQEMU args from install at  : /home3/CAD/Vitis2025_2/2025.2/Vitis/data/emulation/platforms/zynqmp/sw/a53_linux/qemu/pmu_args.txt
09:08:00 INFO  : ZYNQMP: Using the QEMU args from install at  : /home3/CAD/Vitis2025_2/2025.2/Vitis/data/emulation/platforms/zynqmp/sw/a53_standalone/qemu/qemu_args.txt
09:08:00 INFO  : ZYNQMP: Using the QEMU args from install at  : /home3/CAD/Vitis2025_2/2025.2/Vitis/data/emulation/platforms/zynqmp/sw/a53_standalone/qemu/qemu_args.txt
09:08:00 INFO  : ZYNQMP: Using the PMUQEMU args from install at  : /home3/CAD/Vitis2025_2/2025.2/Vitis/data/emulation/platforms/zynqmp/sw/a53_standalone/qemu/pmu_args.txt
09:08:00 INFO  : ZYNQMP: Using the PMUQEMU args from install at  : /home3/CAD/Vitis2025_2/2025.2/Vitis/data/emulation/platforms/zynqmp/sw/a53_standalone/qemu/pmu_args.txt
09:08:00 INFO  : lopper command to generate BSP :empyro create_bsp -w /home3/shared/chapman44/cheshire/platform/zynqmp_fsbl/zynqmp_fsbl_bsp -p psu_cortexa53_0 -o standalone -s /home3/shared/chapman44/cheshire/platform/hw/sdt/system-top.dts -t zynqmp_fsbl -r /home3/shared/chapman44/cheshire/_ide/.wsdata/.repo.yaml
09:08:00 INFO  : lopper command to generate BSP :empyro create_bsp -w /home3/shared/chapman44/cheshire/platform/psu_cortexa53_0/standalone_psu_cortexa53_0/bsp -p psu_cortexa53_0 -o standalone -s /home3/shared/chapman44/cheshire/platform/hw/sdt/system-top.dts -t empty_application -r /home3/shared/chapman44/cheshire/_ide/.wsdata/.repo.yaml
09:08:00 INFO  : bash, -c, empyro create_bsp -w /home3/shared/chapman44/cheshire/platform/psu_cortexa53_0/standalone_psu_cortexa53_0/bsp -p psu_cortexa53_0 -o standalone -s /home3/shared/chapman44/cheshire/platform/hw/sdt/system-top.dts -t empty_application -r /home3/shared/chapman44/cheshire/_ide/.wsdata/.repo.yaml
09:08:00 INFO  : bash, -c, empyro create_bsp -w /home3/shared/chapman44/cheshire/platform/zynqmp_fsbl/zynqmp_fsbl_bsp -p psu_cortexa53_0 -o standalone -s /home3/shared/chapman44/cheshire/platform/hw/sdt/system-top.dts -t zynqmp_fsbl -r /home3/shared/chapman44/cheshire/_ide/.wsdata/.repo.yaml
09:08:14 INFO  : [INFO]: Starting domain creation
09:08:14 INFO  : [INFO]: Generating Domain-specific DTS for psu_cortexa53_0
09:08:14 INFO  : [INFO]: Generating required metadata from domain specific DT
09:08:14 INFO  : [INFO]: Successfully created Domain at /home3/shared/chapman44/cheshire/platform/psu_cortexa53_0/standalone_psu_cortexa53_0/bsp
09:08:14 INFO  : Successfully Generated Domain /home3/shared/chapman44/cheshire/platform/psu_cortexa53_0/standalone_psu_cortexa53_0/bsp
09:08:14 INFO  : Domain standalone_psu_cortexa53_0 added successfully.
09:08:17 INFO  : [INFO]: Starting domain creation
09:08:17 INFO  : [INFO]: Generating Domain-specific DTS for psu_cortexa53_0
09:08:17 INFO  : [INFO]: Generating required metadata from domain specific DT
09:08:17 INFO  : CMake Warning at libsrc/xilsecure/src/CMakeLists.txt:31 (message):
09:08:17 INFO  :   XilSecure library requires xilmailbox library in client mode.
09:08:17 INFO  : 
09:08:17 INFO  : 
09:08:17 INFO  : [INFO]: Successfully created Domain at /home3/shared/chapman44/cheshire/platform/zynqmp_fsbl/zynqmp_fsbl_bsp
09:08:17 INFO  : Successfully Generated Domain /home3/shared/chapman44/cheshire/platform/zynqmp_fsbl/zynqmp_fsbl_bsp
09:08:17 INFO  : lopper command to create baremetal application :empyro create_app --src_dir /home3/shared/chapman44/cheshire/platform/zynqmp_fsbl -t zynqmp_fsbl -d /home3/shared/chapman44/cheshire/platform/zynqmp_fsbl/zynqmp_fsbl_bsp -n fsbl -r /home3/shared/chapman44/cheshire/_ide/.wsdata/.repo.yaml
09:08:17 INFO  : bash, -c, empyro validate_bsp -t zynqmp_fsbl -d /home3/shared/chapman44/cheshire/platform/zynqmp_fsbl/zynqmp_fsbl_bsp -r /home3/shared/chapman44/cheshire/_ide/.wsdata/.repo.yaml
09:08:18 INFO  : Successfully validated template zynqmp_fsbl
09:08:18 INFO  : bash, -c, empyro create_app --src_dir /home3/shared/chapman44/cheshire/platform/zynqmp_fsbl -t zynqmp_fsbl -d /home3/shared/chapman44/cheshire/platform/zynqmp_fsbl/zynqmp_fsbl_bsp -n fsbl -r /home3/shared/chapman44/cheshire/_ide/.wsdata/.repo.yaml
09:08:19 INFO  : [INFO]: Generating Linker script for zynqmp_fsbl
09:08:19 INFO  : [INFO]: Successfully Created Application sources at /home3/shared/chapman44/cheshire/platform/zynqmp_fsbl
09:08:19 INFO  : Successfully created Application /home3/shared/chapman44/cheshire/platform/zynqmp_fsbl
09:08:19 INFO  : Platform FSBL Boot domain added successfully.
09:08:19 INFO  : created .gitignore file for the project /home3/shared/chapman44/cheshire/platform
09:08:19 INFO  : Platform creation finished successfully.
09:08:19 INFO  : Platform Quick Build initiated.
09:08:20 INFO  : Generating Export directory
09:08:20 INFO  : Generated platform metadata for creating application(s) based on platform platform.
09:10:41 INFO  : bash, -c, lopper -O  . /home3/shared/chapman44/cheshire/platform/hw/sdt/system-top.dts -- baremetal_getsupported_comp_xlnx psu_cortexa53_0 /home3/shared/chapman44/cheshire/_ide/.wsdata/.repo.yaml
09:10:42 INFO  : Supported Library List generated.
09:10:45 INFO  : Generating BSP for the domain /home3/shared/chapman44/cheshire/platform/psu_cortexa53_0/standalone_psu_cortexa53_0/bsp
09:10:45 INFO  : lopper command to reconfigure BSP :empyro reconfig_bsp -d /home3/shared/chapman44/cheshire/platform/psu_cortexa53_0/standalone_psu_cortexa53_0/bsp
09:10:45 INFO  : bash, -c, empyro reconfig_bsp -d /home3/shared/chapman44/cheshire/platform/psu_cortexa53_0/standalone_psu_cortexa53_0/bsp
09:10:45 INFO  : Domain reconfigured successfully
09:10:45 INFO  : Adding Library to the given BSP /home3/shared/chapman44/cheshire/platform/psu_cortexa53_0/standalone_psu_cortexa53_0/bsp
09:10:45 INFO  : bash, -c, empyro config_bsp -d /home3/shared/chapman44/cheshire/platform/psu_cortexa53_0/standalone_psu_cortexa53_0/bsp -al  xilffs /home3/CAD/Vitis2025_2/2025.2/Vitis/data/embeddedsw/lib/sw_services/xilffs_v5_5 -r /home3/shared/chapman44/cheshire/_ide/.wsdata/.repo.yaml
09:10:47 INFO  : [INFO]: Adding xilffs ...
09:10:47 INFO  : [INFO]: Successfully added xilffs
09:10:47 INFO  : Library added to BSP successfully
09:10:47 INFO  : bash, -c, lopper -O  . /home3/shared/chapman44/cheshire/platform/hw/sdt/system-top.dts -- baremetal_getsupported_comp_xlnx psu_cortexa53_0 /home3/shared/chapman44/cheshire/_ide/.wsdata/.repo.yaml
09:10:48 INFO  : Supported Library List generated.
09:11:22 INFO  : BSP build will be initiated for Domain zynqmp_fsbl
09:11:22 INFO  : BSP build will be initiated for Domain standalone_psu_cortexa53_0
09:11:22 INFO  : Generating BSP for the domain /home3/shared/chapman44/cheshire/platform/psu_cortexa53_0/standalone_psu_cortexa53_0/bsp
09:11:22 INFO  : Generating BSP for the domain /home3/shared/chapman44/cheshire/platform/zynqmp_fsbl/zynqmp_fsbl_bsp
09:11:22 INFO  : lopper command to reconfigure BSP :empyro reconfig_bsp -d /home3/shared/chapman44/cheshire/platform/psu_cortexa53_0/standalone_psu_cortexa53_0/bsp
09:11:22 INFO  : lopper command to reconfigure BSP :empyro reconfig_bsp -d /home3/shared/chapman44/cheshire/platform/zynqmp_fsbl/zynqmp_fsbl_bsp
09:11:22 INFO  : bash, -c, empyro reconfig_bsp -d /home3/shared/chapman44/cheshire/platform/psu_cortexa53_0/standalone_psu_cortexa53_0/bsp
09:11:22 INFO  : bash, -c, empyro reconfig_bsp -d /home3/shared/chapman44/cheshire/platform/zynqmp_fsbl/zynqmp_fsbl_bsp
09:11:23 INFO  : Domain reconfigured successfully
09:11:23 INFO  : Generating BSP for the domain /home3/shared/chapman44/cheshire/platform/psu_cortexa53_0/standalone_psu_cortexa53_0/bsp
09:11:23 INFO  : lopper command to build BSP :empyro build_bsp -d /home3/shared/chapman44/cheshire/platform/psu_cortexa53_0/standalone_psu_cortexa53_0/bsp
09:11:23 INFO  : bash, -c, empyro build_bsp -d /home3/shared/chapman44/cheshire/platform/psu_cortexa53_0/standalone_psu_cortexa53_0/bsp
09:11:23 INFO  : Domain reconfigured successfully
09:11:23 INFO  : Generating BSP for the domain /home3/shared/chapman44/cheshire/platform/zynqmp_fsbl/zynqmp_fsbl_bsp
09:11:23 INFO  : lopper command to build BSP :empyro build_bsp -d /home3/shared/chapman44/cheshire/platform/zynqmp_fsbl/zynqmp_fsbl_bsp
09:11:23 INFO  : bash, -c, empyro build_bsp -d /home3/shared/chapman44/cheshire/platform/zynqmp_fsbl/zynqmp_fsbl_bsp
09:11:26 INFO  : Domain build successfully
09:11:26 INFO  : Domain build successfully
09:11:26 INFO  : Generating Boot ELFs
09:11:26 INFO  : lopper command to retarget baremetal application :empyro retarget_app -s /home3/shared/chapman44/cheshire/platform/zynqmp_fsbl -d /home3/shared/chapman44/cheshire/platform/zynqmp_fsbl/zynqmp_fsbl_bsp -b /home3/shared/chapman44/cheshire/platform/zynqmp_fsbl/build
09:11:26 INFO  : bash, -c, empyro retarget_app -s /home3/shared/chapman44/cheshire/platform/zynqmp_fsbl -d /home3/shared/chapman44/cheshire/platform/zynqmp_fsbl/zynqmp_fsbl_bsp -b /home3/shared/chapman44/cheshire/platform/zynqmp_fsbl/build
09:11:26 INFO  : [INFO]: Retargeting app
09:11:26 INFO  : [INFO]: Updating link libraries based on new domain
09:11:26 INFO  : Successfully retargeted Application /home3/shared/chapman44/cheshire/platform/zynqmp_fsbl
09:11:26 INFO  : lopper command to build baremetal application :empyro build_app --src_dir /home3/shared/chapman44/cheshire/platform/zynqmp_fsbl --build_dir /home3/shared/chapman44/cheshire/platform/zynqmp_fsbl/build
09:11:26 INFO  : bash, -c, empyro build_app --src_dir /home3/shared/chapman44/cheshire/platform/zynqmp_fsbl --build_dir /home3/shared/chapman44/cheshire/platform/zynqmp_fsbl/build
09:11:30 INFO  : Successfully building the baremetal application/home3/shared/chapman44/cheshire/platform/zynqmp_fsbl/build
09:11:30 INFO  : Generating Export directory
09:11:30 INFO  : Platform Build Finished successfully.
09:11:39 INFO  : bash, -c, empyro validate_bsp -t empty_application -d /home3/shared/chapman44/cheshire/platform/export/platform/sw/standalone_psu_cortexa53_0 -r /home3/shared/chapman44/cheshire/_ide/.wsdata/.repo.yaml
09:11:39 INFO  : Successfully validated template empty_application
09:11:50 INFO  : lopper command to create baremetal application :empyro create_app --src_dir /home3/shared/chapman44/cheshire/app_component/src -t empty_application -d /home3/shared/chapman44/cheshire/platform/export/platform/sw/standalone_psu_cortexa53_0 -n app_component -r /home3/shared/chapman44/cheshire/_ide/.wsdata/.repo.yaml
09:11:50 INFO  : bash, -c, empyro validate_bsp -t empty_application -d /home3/shared/chapman44/cheshire/platform/export/platform/sw/standalone_psu_cortexa53_0 -r /home3/shared/chapman44/cheshire/_ide/.wsdata/.repo.yaml
09:11:51 INFO  : Successfully validated template empty_application
09:11:51 INFO  : bash, -c, empyro create_app --src_dir /home3/shared/chapman44/cheshire/app_component/src -t empty_application -d /home3/shared/chapman44/cheshire/platform/export/platform/sw/standalone_psu_cortexa53_0 -n app_component -r /home3/shared/chapman44/cheshire/_ide/.wsdata/.repo.yaml
09:11:52 INFO  : [INFO]: Generating Linker script for empty_application
09:11:52 INFO  : [INFO]: Successfully Created Application sources at /home3/shared/chapman44/cheshire/app_component/src
09:11:52 INFO  : Successfully created Application /home3/shared/chapman44/cheshire/app_component/src
09:11:52 INFO  : The hardware specification used by project '/home3/shared/chapman44/cheshire/app_component' is out of sync with the platform. Resource files extracted from the hardware specification will be updated.
09:11:52 INFO  : The updated bitstream files are copied from platform to folder '/home3/shared/chapman44/cheshire/app_component/_ide/bitstream' in project '/home3/shared/chapman44/cheshire/app_component'.
09:11:52 INFO  : The updated ps init files are copied from platform to folder '/home3/shared/chapman44/cheshire/app_component/_ide/psinit' in project '/home3/shared/chapman44/cheshire/app_component'.
09:11:52 INFO  : created .gitignore file for the project /home3/shared/chapman44/cheshire/app_component
09:12:42 INFO  : BSP build will be initiated for Domain zynqmp_fsbl
09:12:42 INFO  : BSP build will be initiated for Domain standalone_psu_cortexa53_0
09:12:42 INFO  : Generating BSP for the domain /home3/shared/chapman44/cheshire/platform/psu_cortexa53_0/standalone_psu_cortexa53_0/bsp
09:12:42 INFO  : Generating BSP for the domain /home3/shared/chapman44/cheshire/platform/zynqmp_fsbl/zynqmp_fsbl_bsp
09:12:42 INFO  : lopper command to reconfigure BSP :empyro reconfig_bsp -d /home3/shared/chapman44/cheshire/platform/psu_cortexa53_0/standalone_psu_cortexa53_0/bsp
09:12:42 INFO  : lopper command to reconfigure BSP :empyro reconfig_bsp -d /home3/shared/chapman44/cheshire/platform/zynqmp_fsbl/zynqmp_fsbl_bsp
09:12:42 INFO  : bash, -c, empyro reconfig_bsp -d /home3/shared/chapman44/cheshire/platform/psu_cortexa53_0/standalone_psu_cortexa53_0/bsp
09:12:42 INFO  : bash, -c, empyro reconfig_bsp -d /home3/shared/chapman44/cheshire/platform/zynqmp_fsbl/zynqmp_fsbl_bsp
09:12:42 INFO  : Domain reconfigured successfully
09:12:42 INFO  : Generating BSP for the domain /home3/shared/chapman44/cheshire/platform/psu_cortexa53_0/standalone_psu_cortexa53_0/bsp
09:12:42 INFO  : lopper command to build BSP :empyro build_bsp -d /home3/shared/chapman44/cheshire/platform/psu_cortexa53_0/standalone_psu_cortexa53_0/bsp
09:12:42 INFO  : bash, -c, empyro build_bsp -d /home3/shared/chapman44/cheshire/platform/psu_cortexa53_0/standalone_psu_cortexa53_0/bsp
09:12:42 INFO  : Domain reconfigured successfully
09:12:42 INFO  : Generating BSP for the domain /home3/shared/chapman44/cheshire/platform/zynqmp_fsbl/zynqmp_fsbl_bsp
09:12:42 INFO  : lopper command to build BSP :empyro build_bsp -d /home3/shared/chapman44/cheshire/platform/zynqmp_fsbl/zynqmp_fsbl_bsp
09:12:42 INFO  : bash, -c, empyro build_bsp -d /home3/shared/chapman44/cheshire/platform/zynqmp_fsbl/zynqmp_fsbl_bsp
09:12:42 INFO  : Domain build successfully
09:12:42 INFO  : Domain build successfully
09:12:42 INFO  : Generating Boot ELFs
09:12:42 INFO  : lopper command to retarget baremetal application :empyro retarget_app -s /home3/shared/chapman44/cheshire/platform/zynqmp_fsbl -d /home3/shared/chapman44/cheshire/platform/zynqmp_fsbl/zynqmp_fsbl_bsp -b /home3/shared/chapman44/cheshire/platform/zynqmp_fsbl/build
09:12:42 INFO  : bash, -c, empyro retarget_app -s /home3/shared/chapman44/cheshire/platform/zynqmp_fsbl -d /home3/shared/chapman44/cheshire/platform/zynqmp_fsbl/zynqmp_fsbl_bsp -b /home3/shared/chapman44/cheshire/platform/zynqmp_fsbl/build
09:12:43 INFO  : [INFO]: Retargeting app
09:12:43 INFO  : [INFO]: Updating link libraries based on new domain
09:12:43 INFO  : Successfully retargeted Application /home3/shared/chapman44/cheshire/platform/zynqmp_fsbl
09:12:43 INFO  : lopper command to build baremetal application :empyro build_app --src_dir /home3/shared/chapman44/cheshire/platform/zynqmp_fsbl --build_dir /home3/shared/chapman44/cheshire/platform/zynqmp_fsbl/build
09:12:43 INFO  : bash, -c, empyro build_app --src_dir /home3/shared/chapman44/cheshire/platform/zynqmp_fsbl --build_dir /home3/shared/chapman44/cheshire/platform/zynqmp_fsbl/build
09:12:45 INFO  : Successfully building the baremetal application/home3/shared/chapman44/cheshire/platform/zynqmp_fsbl/build
09:12:45 INFO  : Generating Export directory
09:12:45 INFO  : Platform Build Finished successfully.
09:12:46 INFO  : lopper command to retarget baremetal application :empyro retarget_app -s /home3/shared/chapman44/cheshire/app_component/src -d /home3/shared/chapman44/cheshire/platform/export/platform/sw/standalone_psu_cortexa53_0 -b /home3/shared/chapman44/cheshire/app_component/build
09:12:46 INFO  : bash, -c, empyro retarget_app -s /home3/shared/chapman44/cheshire/app_component/src -d /home3/shared/chapman44/cheshire/platform/export/platform/sw/standalone_psu_cortexa53_0 -b /home3/shared/chapman44/cheshire/app_component/build
09:12:46 INFO  : [INFO]: Retargeting app
09:12:46 INFO  : [INFO]: Updating link libraries based on new domain
09:12:46 INFO  : Successfully retargeted Application /home3/shared/chapman44/cheshire/app_component/src
09:12:46 INFO  : Initiating build for the app_component component.
09:12:46 INFO  : bash, -c, empyro build_app -s /home3/shared/chapman44/cheshire/app_component/src -b /home3/shared/chapman44/cheshire/app_component/build
09:12:46 INFO  : Command: bash -c unset CC CXX ;empyro build_app -s /home3/shared/chapman44/cheshire/app_component/src -b /home3/shared/chapman44/cheshire/app_component/build
09:12:47 ERROR : app_component build failed. 
09:13:52 INFO  : BSP build will be initiated for Domain zynqmp_fsbl
09:13:52 INFO  : BSP build will be initiated for Domain standalone_psu_cortexa53_0
09:13:52 INFO  : Generating BSP for the domain /home3/shared/chapman44/cheshire/platform/zynqmp_fsbl/zynqmp_fsbl_bsp
09:13:52 INFO  : lopper command to reconfigure BSP :empyro reconfig_bsp -d /home3/shared/chapman44/cheshire/platform/zynqmp_fsbl/zynqmp_fsbl_bsp
09:13:52 INFO  : Generating BSP for the domain /home3/shared/chapman44/cheshire/platform/psu_cortexa53_0/standalone_psu_cortexa53_0/bsp
09:13:52 INFO  : lopper command to reconfigure BSP :empyro reconfig_bsp -d /home3/shared/chapman44/cheshire/platform/psu_cortexa53_0/standalone_psu_cortexa53_0/bsp
09:13:52 INFO  : bash, -c, empyro reconfig_bsp -d /home3/shared/chapman44/cheshire/platform/zynqmp_fsbl/zynqmp_fsbl_bsp
09:13:52 INFO  : bash, -c, empyro reconfig_bsp -d /home3/shared/chapman44/cheshire/platform/psu_cortexa53_0/standalone_psu_cortexa53_0/bsp
09:13:52 INFO  : Domain reconfigured successfully
09:13:52 INFO  : Generating BSP for the domain /home3/shared/chapman44/cheshire/platform/psu_cortexa53_0/standalone_psu_cortexa53_0/bsp
09:13:52 INFO  : lopper command to build BSP :empyro build_bsp -d /home3/shared/chapman44/cheshire/platform/psu_cortexa53_0/standalone_psu_cortexa53_0/bsp
09:13:52 INFO  : bash, -c, empyro build_bsp -d /home3/shared/chapman44/cheshire/platform/psu_cortexa53_0/standalone_psu_cortexa53_0/bsp
09:13:52 INFO  : Domain reconfigured successfully
09:13:52 INFO  : Generating BSP for the domain /home3/shared/chapman44/cheshire/platform/zynqmp_fsbl/zynqmp_fsbl_bsp
09:13:52 INFO  : lopper command to build BSP :empyro build_bsp -d /home3/shared/chapman44/cheshire/platform/zynqmp_fsbl/zynqmp_fsbl_bsp
09:13:52 INFO  : bash, -c, empyro build_bsp -d /home3/shared/chapman44/cheshire/platform/zynqmp_fsbl/zynqmp_fsbl_bsp
09:13:52 INFO  : Domain build successfully
09:13:52 INFO  : Domain build successfully
09:13:52 INFO  : Generating Boot ELFs
09:13:52 INFO  : lopper command to retarget baremetal application :empyro retarget_app -s /home3/shared/chapman44/cheshire/platform/zynqmp_fsbl -d /home3/shared/chapman44/cheshire/platform/zynqmp_fsbl/zynqmp_fsbl_bsp -b /home3/shared/chapman44/cheshire/platform/zynqmp_fsbl/build
09:13:52 INFO  : bash, -c, empyro retarget_app -s /home3/shared/chapman44/cheshire/platform/zynqmp_fsbl -d /home3/shared/chapman44/cheshire/platform/zynqmp_fsbl/zynqmp_fsbl_bsp -b /home3/shared/chapman44/cheshire/platform/zynqmp_fsbl/build
09:13:53 INFO  : [INFO]: Retargeting app
09:13:53 INFO  : [INFO]: Updating link libraries based on new domain
09:13:53 INFO  : Successfully retargeted Application /home3/shared/chapman44/cheshire/platform/zynqmp_fsbl
09:13:53 INFO  : lopper command to build baremetal application :empyro build_app --src_dir /home3/shared/chapman44/cheshire/platform/zynqmp_fsbl --build_dir /home3/shared/chapman44/cheshire/platform/zynqmp_fsbl/build
09:13:53 INFO  : bash, -c, empyro build_app --src_dir /home3/shared/chapman44/cheshire/platform/zynqmp_fsbl --build_dir /home3/shared/chapman44/cheshire/platform/zynqmp_fsbl/build
09:13:55 INFO  : Successfully building the baremetal application/home3/shared/chapman44/cheshire/platform/zynqmp_fsbl/build
09:13:55 INFO  : Generating Export directory
09:13:55 INFO  : Platform Build Finished successfully.
09:13:56 INFO  : lopper command to retarget baremetal application :empyro retarget_app -s /home3/shared/chapman44/cheshire/app_component/src -d /home3/shared/chapman44/cheshire/platform/export/platform/sw/standalone_psu_cortexa53_0 -b /home3/shared/chapman44/cheshire/app_component/build
09:13:56 INFO  : bash, -c, empyro retarget_app -s /home3/shared/chapman44/cheshire/app_component/src -d /home3/shared/chapman44/cheshire/platform/export/platform/sw/standalone_psu_cortexa53_0 -b /home3/shared/chapman44/cheshire/app_component/build
09:13:56 INFO  : [INFO]: Retargeting app
09:13:56 INFO  : [INFO]: Updating link libraries based on new domain
09:13:56 INFO  : Successfully retargeted Application /home3/shared/chapman44/cheshire/app_component/src
09:13:56 INFO  : Initiating build for the app_component component.
09:13:56 INFO  : bash, -c, empyro build_app -s /home3/shared/chapman44/cheshire/app_component/src -b /home3/shared/chapman44/cheshire/app_component/build
09:13:56 INFO  : Command: bash -c unset CC CXX ;empyro build_app -s /home3/shared/chapman44/cheshire/app_component/src -b /home3/shared/chapman44/cheshire/app_component/build
09:13:59 INFO  : XSDB server has started successfully from frontend.
09:13:59 INFO  : It has taken  1secs.
09:14:00 INFO  : Connection to XSDB Server established.
09:14:00 INFO  : It has taken  1secs.
09:14:00 INFO  : Done
09:14:01 INFO  : connect -url tcp:127.0.0.1:3121
09:14:07 INFO  : bpremove -all
09:14:07 INFO  : source /home3/CAD/Vitis2025_2/2025.2/Vitis/scripts/vitis/util/zynqmp_utils.tcl
09:14:07 INFO  : Context for 'APU' is selected.
09:14:07 INFO  : System reset is completed.
09:14:10 INFO  : 'after 3000' command is executed.
09:14:10 INFO  : 'targets -set -filter {jtag_cable_name =~ "Platform Cable USB II 00001a50030301" && level==0 && jtag_device_ctx=="jsn-DLC10-00001a50030301-24738093-0"}' command is executed.
09:15:25 INFO  : Device configured successfully with "/home3/shared/chapman44/cheshire/app_component/_ide/bitstream/connect_top.bit"
09:15:25 INFO  : targets -set -nocase -filter {name =~"PSU*" && jtag_cable_name =~ "Platform Cable USB II 00001a50030301" && jtag_device_ctx=="jsn-DLC10-00001a50030301-5ba00477-0"}
09:15:25 INFO  : catch {disable_pmu_gate}
09:15:25 INFO  : targets -set -nocase -filter {name =~"APU*" && jtag_cable_name =~ "Platform Cable USB II 00001a50030301" && jtag_device_ctx=="jsn-DLC10-00001a50030301-5ba00477-0"}
09:15:25 INFO  : loadhw -hw /home3/shared/chapman44/cheshire/platform/export/platform/hw/connect_top.xsa -mem-ranges [list {0x80000000 0xbfffffff} {0x400000000 0x5ffffffff} {0x1000000000 0x7fffffffff}]
09:15:25 INFO  : configparams force-mem-access 1
09:15:25 INFO  : targets -set -nocase -filter {name =~"APU*" && jtag_cable_name =~ "Platform Cable USB II 00001a50030301" && jtag_device_ctx=="jsn-DLC10-00001a50030301-5ba00477-0"}
09:15:25 INFO  : source /home3/CAD/Vitis2025_2/2025.2/Vitis/vitis-server/scripts/jtag_reg.tcl
09:15:25 INFO  : Boot mode is read from the target.
09:15:25 INFO  : Boot mode of the target is set to jtag.
09:15:25 INFO  : targets -set -nocase -filter {name =~ "*A53*#0" && jtag_cable_name =~ "Platform Cable USB II 00001a50030301" && jtag_device_ctx=="jsn-DLC10-00001a50030301-5ba00477-0"}
09:15:25 INFO  : rst -processor
09:15:30 INFO  : dow /home3/shared/chapman44/cheshire/platform/export/platform/sw/boot/fsbl.elf
09:15:30 INFO  : set bp_15_30_fsbl_bp [bpadd -addr &XFsbl_Exit]
09:15:31 INFO  : con -block -timeout 60
09:15:31 INFO  : bpremove $bp_15_30_fsbl_bp
09:15:32 INFO  : targets -set -nocase -filter {name =~ "*A53*#0" && jtag_cable_name =~ "Platform Cable USB II 00001a50030301" && jtag_device_ctx=="jsn-DLC10-00001a50030301-5ba00477-0"}
09:15:32 INFO  : rst -processor
09:15:38 INFO  : dow /home3/shared/chapman44/cheshire/app_component/build/app_component.elf
09:15:38 INFO  : con
09:15:38 INFO  : configparams force-mem-access 0
09:15:39 INFO  : Testing the connection for 127.0.0.1
09:15:53 INFO  : disconnect
09:17:02 INFO  : connect -url tcp:127.0.0.1:3121
09:17:02 INFO  : bpremove -all
09:17:02 INFO  : source /home3/CAD/Vitis2025_2/2025.2/Vitis/scripts/vitis/util/zynqmp_utils.tcl
09:17:02 INFO  : Context for 'APU' is selected.
09:17:03 INFO  : System reset is completed.
09:17:06 INFO  : 'after 3000' command is executed.
09:17:06 INFO  : 'targets -set -filter {jtag_cable_name =~ "Platform Cable USB II 00001a50030301" && level==0 && jtag_device_ctx=="jsn-DLC10-00001a50030301-24738093-0"}' command is executed.
09:18:20 INFO  : Device configured successfully with "/home3/shared/chapman44/cheshire/app_component/_ide/bitstream/connect_top.bit"
09:18:20 INFO  : targets -set -nocase -filter {name =~"PSU*" && jtag_cable_name =~ "Platform Cable USB II 00001a50030301" && jtag_device_ctx=="jsn-DLC10-00001a50030301-5ba00477-0"}
09:18:20 INFO  : catch {disable_pmu_gate}
09:18:20 INFO  : targets -set -nocase -filter {name =~"APU*" && jtag_cable_name =~ "Platform Cable USB II 00001a50030301" && jtag_device_ctx=="jsn-DLC10-00001a50030301-5ba00477-0"}
09:18:26 INFO  : loadhw -hw /home3/shared/chapman44/cheshire/platform/export/platform/hw/connect_top.xsa -mem-ranges [list {0x80000000 0xbfffffff} {0x400000000 0x5ffffffff} {0x1000000000 0x7fffffffff}]
09:18:26 INFO  : configparams force-mem-access 1
09:18:26 INFO  : targets -set -nocase -filter {name =~"APU*" && jtag_cable_name =~ "Platform Cable USB II 00001a50030301" && jtag_device_ctx=="jsn-DLC10-00001a50030301-5ba00477-0"}
09:18:26 INFO  : source /home3/CAD/Vitis2025_2/2025.2/Vitis/vitis-server/scripts/jtag_reg.tcl
09:18:26 INFO  : Boot mode is read from the target.
09:18:26 INFO  : Boot mode of the target is set to jtag.
09:18:26 INFO  : targets -set -nocase -filter {name =~ "*A53*#0" && jtag_cable_name =~ "Platform Cable USB II 00001a50030301" && jtag_device_ctx=="jsn-DLC10-00001a50030301-5ba00477-0"}
09:18:27 INFO  : rst -processor
09:18:33 INFO  : dow /home3/shared/chapman44/cheshire/platform/export/platform/sw/boot/fsbl.elf
09:18:33 INFO  : set bp_18_33_fsbl_bp [bpadd -addr &XFsbl_Exit]
09:18:34 INFO  : con -block -timeout 60
09:18:34 INFO  : bpremove $bp_18_33_fsbl_bp
09:18:34 INFO  : targets -set -nocase -filter {name =~ "*A53*#0" && jtag_cable_name =~ "Platform Cable USB II 00001a50030301" && jtag_device_ctx=="jsn-DLC10-00001a50030301-5ba00477-0"}
09:18:34 INFO  : rst -processor
09:18:40 INFO  : dow /home3/shared/chapman44/cheshire/app_component/build/app_component.elf
09:18:40 INFO  : con
09:18:40 INFO  : configparams force-mem-access 0
09:18:41 INFO  : Testing the connection for 127.0.0.1
09:19:24 INFO  : disconnect
09:20:40 INFO  : BSP build will be initiated for Domain zynqmp_fsbl
09:20:40 INFO  : BSP build will be initiated for Domain standalone_psu_cortexa53_0
09:20:40 INFO  : Generating BSP for the domain /home3/shared/chapman44/cheshire/platform/zynqmp_fsbl/zynqmp_fsbl_bsp
09:20:40 INFO  : Generating BSP for the domain /home3/shared/chapman44/cheshire/platform/psu_cortexa53_0/standalone_psu_cortexa53_0/bsp
09:20:40 INFO  : lopper command to reconfigure BSP :empyro reconfig_bsp -d /home3/shared/chapman44/cheshire/platform/zynqmp_fsbl/zynqmp_fsbl_bsp
09:20:40 INFO  : lopper command to reconfigure BSP :empyro reconfig_bsp -d /home3/shared/chapman44/cheshire/platform/psu_cortexa53_0/standalone_psu_cortexa53_0/bsp
09:20:40 INFO  : bash, -c, empyro reconfig_bsp -d /home3/shared/chapman44/cheshire/platform/zynqmp_fsbl/zynqmp_fsbl_bsp
09:20:40 INFO  : bash, -c, empyro reconfig_bsp -d /home3/shared/chapman44/cheshire/platform/psu_cortexa53_0/standalone_psu_cortexa53_0/bsp
09:20:41 INFO  : Domain reconfigured successfully
09:20:41 INFO  : Generating BSP for the domain /home3/shared/chapman44/cheshire/platform/psu_cortexa53_0/standalone_psu_cortexa53_0/bsp
09:20:41 INFO  : lopper command to build BSP :empyro build_bsp -d /home3/shared/chapman44/cheshire/platform/psu_cortexa53_0/standalone_psu_cortexa53_0/bsp
09:20:41 INFO  : bash, -c, empyro build_bsp -d /home3/shared/chapman44/cheshire/platform/psu_cortexa53_0/standalone_psu_cortexa53_0/bsp
09:20:41 INFO  : Domain reconfigured successfully
09:20:41 INFO  : Generating BSP for the domain /home3/shared/chapman44/cheshire/platform/zynqmp_fsbl/zynqmp_fsbl_bsp
09:20:41 INFO  : lopper command to build BSP :empyro build_bsp -d /home3/shared/chapman44/cheshire/platform/zynqmp_fsbl/zynqmp_fsbl_bsp
09:20:41 INFO  : bash, -c, empyro build_bsp -d /home3/shared/chapman44/cheshire/platform/zynqmp_fsbl/zynqmp_fsbl_bsp
09:20:41 INFO  : Domain build successfully
09:20:41 INFO  : Domain build successfully
09:20:41 INFO  : Generating Boot ELFs
09:20:41 INFO  : lopper command to retarget baremetal application :empyro retarget_app -s /home3/shared/chapman44/cheshire/platform/zynqmp_fsbl -d /home3/shared/chapman44/cheshire/platform/zynqmp_fsbl/zynqmp_fsbl_bsp -b /home3/shared/chapman44/cheshire/platform/zynqmp_fsbl/build
09:20:41 INFO  : bash, -c, empyro retarget_app -s /home3/shared/chapman44/cheshire/platform/zynqmp_fsbl -d /home3/shared/chapman44/cheshire/platform/zynqmp_fsbl/zynqmp_fsbl_bsp -b /home3/shared/chapman44/cheshire/platform/zynqmp_fsbl/build
09:20:41 INFO  : [INFO]: Retargeting app
09:20:41 INFO  : [INFO]: Updating link libraries based on new domain
09:20:41 INFO  : Successfully retargeted Application /home3/shared/chapman44/cheshire/platform/zynqmp_fsbl
09:20:41 INFO  : lopper command to build baremetal application :empyro build_app --src_dir /home3/shared/chapman44/cheshire/platform/zynqmp_fsbl --build_dir /home3/shared/chapman44/cheshire/platform/zynqmp_fsbl/build
09:20:41 INFO  : bash, -c, empyro build_app --src_dir /home3/shared/chapman44/cheshire/platform/zynqmp_fsbl --build_dir /home3/shared/chapman44/cheshire/platform/zynqmp_fsbl/build
09:20:44 INFO  : Successfully building the baremetal application/home3/shared/chapman44/cheshire/platform/zynqmp_fsbl/build
09:20:44 INFO  : Generating Export directory
09:20:44 INFO  : Platform Build Finished successfully.
09:20:44 INFO  : lopper command to retarget baremetal application :empyro retarget_app -s /home3/shared/chapman44/cheshire/app_component/src -d /home3/shared/chapman44/cheshire/platform/export/platform/sw/standalone_psu_cortexa53_0 -b /home3/shared/chapman44/cheshire/app_component/build
09:20:44 INFO  : bash, -c, empyro retarget_app -s /home3/shared/chapman44/cheshire/app_component/src -d /home3/shared/chapman44/cheshire/platform/export/platform/sw/standalone_psu_cortexa53_0 -b /home3/shared/chapman44/cheshire/app_component/build
09:20:45 INFO  : [INFO]: Retargeting app
09:20:45 INFO  : [INFO]: Updating link libraries based on new domain
09:20:45 INFO  : Successfully retargeted Application /home3/shared/chapman44/cheshire/app_component/src
09:20:45 INFO  : Initiating build for the app_component component.
09:20:45 INFO  : bash, -c, empyro build_app -s /home3/shared/chapman44/cheshire/app_component/src -b /home3/shared/chapman44/cheshire/app_component/build
09:20:45 INFO  : Command: bash -c unset CC CXX ;empyro build_app -s /home3/shared/chapman44/cheshire/app_component/src -b /home3/shared/chapman44/cheshire/app_component/build
09:20:47 INFO  : connect -url tcp:127.0.0.1:3121
09:20:47 INFO  : bpremove -all
09:20:47 INFO  : source /home3/CAD/Vitis2025_2/2025.2/Vitis/scripts/vitis/util/zynqmp_utils.tcl
09:20:47 INFO  : Context for 'APU' is selected.
09:20:48 INFO  : System reset is completed.
09:20:51 INFO  : 'after 3000' command is executed.
09:20:51 INFO  : 'targets -set -filter {jtag_cable_name =~ "Platform Cable USB II 00001a50030301" && level==0 && jtag_device_ctx=="jsn-DLC10-00001a50030301-24738093-0"}' command is executed.
09:22:05 INFO  : Device configured successfully with "/home3/shared/chapman44/cheshire/app_component/_ide/bitstream/connect_top.bit"
09:22:05 INFO  : targets -set -nocase -filter {name =~"PSU*" && jtag_cable_name =~ "Platform Cable USB II 00001a50030301" && jtag_device_ctx=="jsn-DLC10-00001a50030301-5ba00477-0"}
09:22:05 INFO  : catch {disable_pmu_gate}
09:22:05 INFO  : targets -set -nocase -filter {name =~"APU*" && jtag_cable_name =~ "Platform Cable USB II 00001a50030301" && jtag_device_ctx=="jsn-DLC10-00001a50030301-5ba00477-0"}
09:22:11 INFO  : loadhw -hw /home3/shared/chapman44/cheshire/platform/export/platform/hw/connect_top.xsa -mem-ranges [list {0x80000000 0xbfffffff} {0x400000000 0x5ffffffff} {0x1000000000 0x7fffffffff}]
09:22:11 INFO  : configparams force-mem-access 1
09:22:11 INFO  : targets -set -nocase -filter {name =~"APU*" && jtag_cable_name =~ "Platform Cable USB II 00001a50030301" && jtag_device_ctx=="jsn-DLC10-00001a50030301-5ba00477-0"}
09:22:11 INFO  : source /home3/CAD/Vitis2025_2/2025.2/Vitis/vitis-server/scripts/jtag_reg.tcl
09:22:11 INFO  : Boot mode is read from the target.
09:22:11 INFO  : Boot mode of the target is set to jtag.
09:22:11 INFO  : targets -set -nocase -filter {name =~ "*A53*#0" && jtag_cable_name =~ "Platform Cable USB II 00001a50030301" && jtag_device_ctx=="jsn-DLC10-00001a50030301-5ba00477-0"}
09:22:12 INFO  : rst -processor
09:22:18 INFO  : dow /home3/shared/chapman44/cheshire/platform/export/platform/sw/boot/fsbl.elf
09:22:18 INFO  : set bp_22_18_fsbl_bp [bpadd -addr &XFsbl_Exit]
09:22:19 INFO  : con -block -timeout 60
09:22:19 INFO  : bpremove $bp_22_18_fsbl_bp
09:22:19 INFO  : targets -set -nocase -filter {name =~ "*A53*#0" && jtag_cable_name =~ "Platform Cable USB II 00001a50030301" && jtag_device_ctx=="jsn-DLC10-00001a50030301-5ba00477-0"}
09:22:19 INFO  : rst -processor
09:22:25 INFO  : dow /home3/shared/chapman44/cheshire/app_component/build/app_component.elf
09:22:25 INFO  : con
09:22:25 INFO  : configparams force-mem-access 0
09:22:26 INFO  : Testing the connection for 127.0.0.1
09:23:03 INFO  : disconnect
09:24:11 INFO  : BSP build will be initiated for Domain standalone_psu_cortexa53_0
09:24:11 INFO  : BSP build will be initiated for Domain zynqmp_fsbl
09:24:11 INFO  : Generating BSP for the domain /home3/shared/chapman44/cheshire/platform/psu_cortexa53_0/standalone_psu_cortexa53_0/bsp
09:24:11 INFO  : Generating BSP for the domain /home3/shared/chapman44/cheshire/platform/zynqmp_fsbl/zynqmp_fsbl_bsp
09:24:11 INFO  : lopper command to reconfigure BSP :empyro reconfig_bsp -d /home3/shared/chapman44/cheshire/platform/psu_cortexa53_0/standalone_psu_cortexa53_0/bsp
09:24:11 INFO  : lopper command to reconfigure BSP :empyro reconfig_bsp -d /home3/shared/chapman44/cheshire/platform/zynqmp_fsbl/zynqmp_fsbl_bsp
09:24:11 INFO  : bash, -c, empyro reconfig_bsp -d /home3/shared/chapman44/cheshire/platform/psu_cortexa53_0/standalone_psu_cortexa53_0/bsp
09:24:11 INFO  : bash, -c, empyro reconfig_bsp -d /home3/shared/chapman44/cheshire/platform/zynqmp_fsbl/zynqmp_fsbl_bsp
09:24:11 INFO  : Domain reconfigured successfully
09:24:11 INFO  : Generating BSP for the domain /home3/shared/chapman44/cheshire/platform/psu_cortexa53_0/standalone_psu_cortexa53_0/bsp
09:24:11 INFO  : lopper command to build BSP :empyro build_bsp -d /home3/shared/chapman44/cheshire/platform/psu_cortexa53_0/standalone_psu_cortexa53_0/bsp
09:24:11 INFO  : bash, -c, empyro build_bsp -d /home3/shared/chapman44/cheshire/platform/psu_cortexa53_0/standalone_psu_cortexa53_0/bsp
09:24:11 INFO  : Domain reconfigured successfully
09:24:11 INFO  : Generating BSP for the domain /home3/shared/chapman44/cheshire/platform/zynqmp_fsbl/zynqmp_fsbl_bsp
09:24:11 INFO  : lopper command to build BSP :empyro build_bsp -d /home3/shared/chapman44/cheshire/platform/zynqmp_fsbl/zynqmp_fsbl_bsp
09:24:11 INFO  : bash, -c, empyro build_bsp -d /home3/shared/chapman44/cheshire/platform/zynqmp_fsbl/zynqmp_fsbl_bsp
09:24:11 INFO  : Domain build successfully
09:24:11 INFO  : Domain build successfully
09:24:11 INFO  : Generating Boot ELFs
09:24:11 INFO  : lopper command to retarget baremetal application :empyro retarget_app -s /home3/shared/chapman44/cheshire/platform/zynqmp_fsbl -d /home3/shared/chapman44/cheshire/platform/zynqmp_fsbl/zynqmp_fsbl_bsp -b /home3/shared/chapman44/cheshire/platform/zynqmp_fsbl/build
09:24:11 INFO  : bash, -c, empyro retarget_app -s /home3/shared/chapman44/cheshire/platform/zynqmp_fsbl -d /home3/shared/chapman44/cheshire/platform/zynqmp_fsbl/zynqmp_fsbl_bsp -b /home3/shared/chapman44/cheshire/platform/zynqmp_fsbl/build
09:24:12 INFO  : [INFO]: Retargeting app
09:24:12 INFO  : [INFO]: Updating link libraries based on new domain
09:24:12 INFO  : Successfully retargeted Application /home3/shared/chapman44/cheshire/platform/zynqmp_fsbl
09:24:12 INFO  : lopper command to build baremetal application :empyro build_app --src_dir /home3/shared/chapman44/cheshire/platform/zynqmp_fsbl --build_dir /home3/shared/chapman44/cheshire/platform/zynqmp_fsbl/build
09:24:12 INFO  : bash, -c, empyro build_app --src_dir /home3/shared/chapman44/cheshire/platform/zynqmp_fsbl --build_dir /home3/shared/chapman44/cheshire/platform/zynqmp_fsbl/build
09:24:14 INFO  : Successfully building the baremetal application/home3/shared/chapman44/cheshire/platform/zynqmp_fsbl/build
09:24:14 INFO  : Generating Export directory
09:24:14 INFO  : Platform Build Finished successfully.
09:24:15 INFO  : lopper command to retarget baremetal application :empyro retarget_app -s /home3/shared/chapman44/cheshire/app_component/src -d /home3/shared/chapman44/cheshire/platform/export/platform/sw/standalone_psu_cortexa53_0 -b /home3/shared/chapman44/cheshire/app_component/build
09:24:15 INFO  : bash, -c, empyro retarget_app -s /home3/shared/chapman44/cheshire/app_component/src -d /home3/shared/chapman44/cheshire/platform/export/platform/sw/standalone_psu_cortexa53_0 -b /home3/shared/chapman44/cheshire/app_component/build
09:24:15 INFO  : [INFO]: Retargeting app
09:24:15 INFO  : [INFO]: Updating link libraries based on new domain
09:24:15 INFO  : Successfully retargeted Application /home3/shared/chapman44/cheshire/app_component/src
09:24:15 INFO  : Initiating build for the app_component component.
09:24:15 INFO  : bash, -c, empyro build_app -s /home3/shared/chapman44/cheshire/app_component/src -b /home3/shared/chapman44/cheshire/app_component/build
09:24:15 INFO  : Command: bash -c unset CC CXX ;empyro build_app -s /home3/shared/chapman44/cheshire/app_component/src -b /home3/shared/chapman44/cheshire/app_component/build
09:25:04 INFO  : BSP build will be initiated for Domain zynqmp_fsbl
09:25:04 INFO  : Generating BSP for the domain /home3/shared/chapman44/cheshire/platform/zynqmp_fsbl/zynqmp_fsbl_bsp
09:25:04 INFO  : BSP build will be initiated for Domain standalone_psu_cortexa53_0
09:25:04 INFO  : lopper command to reconfigure BSP :empyro reconfig_bsp -d /home3/shared/chapman44/cheshire/platform/zynqmp_fsbl/zynqmp_fsbl_bsp
09:25:04 INFO  : Generating BSP for the domain /home3/shared/chapman44/cheshire/platform/psu_cortexa53_0/standalone_psu_cortexa53_0/bsp
09:25:04 INFO  : lopper command to reconfigure BSP :empyro reconfig_bsp -d /home3/shared/chapman44/cheshire/platform/psu_cortexa53_0/standalone_psu_cortexa53_0/bsp
09:25:04 INFO  : bash, -c, empyro reconfig_bsp -d /home3/shared/chapman44/cheshire/platform/zynqmp_fsbl/zynqmp_fsbl_bsp
09:25:04 INFO  : bash, -c, empyro reconfig_bsp -d /home3/shared/chapman44/cheshire/platform/psu_cortexa53_0/standalone_psu_cortexa53_0/bsp
09:25:04 INFO  : Domain reconfigured successfully
09:25:04 INFO  : Generating BSP for the domain /home3/shared/chapman44/cheshire/platform/psu_cortexa53_0/standalone_psu_cortexa53_0/bsp
09:25:04 INFO  : lopper command to build BSP :empyro build_bsp -d /home3/shared/chapman44/cheshire/platform/psu_cortexa53_0/standalone_psu_cortexa53_0/bsp
09:25:04 INFO  : bash, -c, empyro build_bsp -d /home3/shared/chapman44/cheshire/platform/psu_cortexa53_0/standalone_psu_cortexa53_0/bsp
09:25:05 INFO  : Domain reconfigured successfully
09:25:05 INFO  : Generating BSP for the domain /home3/shared/chapman44/cheshire/platform/zynqmp_fsbl/zynqmp_fsbl_bsp
09:25:05 INFO  : lopper command to build BSP :empyro build_bsp -d /home3/shared/chapman44/cheshire/platform/zynqmp_fsbl/zynqmp_fsbl_bsp
09:25:05 INFO  : bash, -c, empyro build_bsp -d /home3/shared/chapman44/cheshire/platform/zynqmp_fsbl/zynqmp_fsbl_bsp
09:25:05 INFO  : Domain build successfully
09:25:05 INFO  : Domain build successfully
09:25:05 INFO  : Generating Boot ELFs
09:25:05 INFO  : lopper command to retarget baremetal application :empyro retarget_app -s /home3/shared/chapman44/cheshire/platform/zynqmp_fsbl -d /home3/shared/chapman44/cheshire/platform/zynqmp_fsbl/zynqmp_fsbl_bsp -b /home3/shared/chapman44/cheshire/platform/zynqmp_fsbl/build
09:25:05 INFO  : bash, -c, empyro retarget_app -s /home3/shared/chapman44/cheshire/platform/zynqmp_fsbl -d /home3/shared/chapman44/cheshire/platform/zynqmp_fsbl/zynqmp_fsbl_bsp -b /home3/shared/chapman44/cheshire/platform/zynqmp_fsbl/build
09:25:05 INFO  : [INFO]: Retargeting app
09:25:05 INFO  : [INFO]: Updating link libraries based on new domain
09:25:05 INFO  : Successfully retargeted Application /home3/shared/chapman44/cheshire/platform/zynqmp_fsbl
09:25:05 INFO  : lopper command to build baremetal application :empyro build_app --src_dir /home3/shared/chapman44/cheshire/platform/zynqmp_fsbl --build_dir /home3/shared/chapman44/cheshire/platform/zynqmp_fsbl/build
09:25:05 INFO  : bash, -c, empyro build_app --src_dir /home3/shared/chapman44/cheshire/platform/zynqmp_fsbl --build_dir /home3/shared/chapman44/cheshire/platform/zynqmp_fsbl/build
09:25:05 INFO  : connect -url tcp:127.0.0.1:3121
09:25:05 ERROR : Failed to initialize the hardware. Cannot invoke "com.xilinx.rigel.frameworks.repo.platform.data.THwPlatform.getXsaName()" because "this.thwPlatform" is null
09:25:07 INFO  : connect -url tcp:127.0.0.1:3121
09:25:07 ERROR : Failed to initialize the hardware. Cannot invoke "com.xilinx.rigel.frameworks.repo.platform.data.THwPlatform.getXsaName()" because "this.thwPlatform" is null
09:25:08 INFO  : Successfully building the baremetal application/home3/shared/chapman44/cheshire/platform/zynqmp_fsbl/build
09:25:08 INFO  : Generating Export directory
09:25:08 INFO  : Platform Build Finished successfully.
09:25:08 INFO  : lopper command to retarget baremetal application :empyro retarget_app -s /home3/shared/chapman44/cheshire/app_component/src -d /home3/shared/chapman44/cheshire/platform/export/platform/sw/standalone_psu_cortexa53_0 -b /home3/shared/chapman44/cheshire/app_component/build
09:25:08 INFO  : bash, -c, empyro retarget_app -s /home3/shared/chapman44/cheshire/app_component/src -d /home3/shared/chapman44/cheshire/platform/export/platform/sw/standalone_psu_cortexa53_0 -b /home3/shared/chapman44/cheshire/app_component/build
09:25:09 INFO  : [INFO]: Retargeting app
09:25:09 INFO  : [INFO]: Updating link libraries based on new domain
09:25:09 INFO  : Successfully retargeted Application /home3/shared/chapman44/cheshire/app_component/src
09:25:09 INFO  : Initiating build for the app_component component.
09:25:09 INFO  : bash, -c, empyro build_app -s /home3/shared/chapman44/cheshire/app_component/src -b /home3/shared/chapman44/cheshire/app_component/build
09:25:09 INFO  : Command: bash -c unset CC CXX ;empyro build_app -s /home3/shared/chapman44/cheshire/app_component/src -b /home3/shared/chapman44/cheshire/app_component/build
09:25:12 INFO  : connect -url tcp:127.0.0.1:3121
09:25:12 INFO  : bpremove -all
09:25:12 INFO  : source /home3/CAD/Vitis2025_2/2025.2/Vitis/scripts/vitis/util/zynqmp_utils.tcl
09:25:12 INFO  : Context for 'APU' is selected.
09:25:13 INFO  : System reset is completed.
09:25:16 INFO  : 'after 3000' command is executed.
09:25:16 INFO  : 'targets -set -filter {jtag_cable_name =~ "Platform Cable USB II 00001a50030301" && level==0 && jtag_device_ctx=="jsn-DLC10-00001a50030301-24738093-0"}' command is executed.
09:26:30 INFO  : Device configured successfully with "/home3/shared/chapman44/cheshire/app_component/_ide/bitstream/connect_top.bit"
09:26:30 INFO  : targets -set -nocase -filter {name =~"PSU*" && jtag_cable_name =~ "Platform Cable USB II 00001a50030301" && jtag_device_ctx=="jsn-DLC10-00001a50030301-5ba00477-0"}
09:26:30 INFO  : catch {disable_pmu_gate}
09:26:30 INFO  : targets -set -nocase -filter {name =~"APU*" && jtag_cable_name =~ "Platform Cable USB II 00001a50030301" && jtag_device_ctx=="jsn-DLC10-00001a50030301-5ba00477-0"}
09:26:36 INFO  : loadhw -hw /home3/shared/chapman44/cheshire/platform/export/platform/hw/connect_top.xsa -mem-ranges [list {0x80000000 0xbfffffff} {0x400000000 0x5ffffffff} {0x1000000000 0x7fffffffff}]
09:26:36 INFO  : configparams force-mem-access 1
09:26:36 INFO  : targets -set -nocase -filter {name =~"APU*" && jtag_cable_name =~ "Platform Cable USB II 00001a50030301" && jtag_device_ctx=="jsn-DLC10-00001a50030301-5ba00477-0"}
09:26:36 INFO  : source /home3/CAD/Vitis2025_2/2025.2/Vitis/vitis-server/scripts/jtag_reg.tcl
09:26:36 INFO  : Boot mode is read from the target.
09:26:36 INFO  : Boot mode of the target is set to jtag.
09:26:36 INFO  : targets -set -nocase -filter {name =~ "*A53*#0" && jtag_cable_name =~ "Platform Cable USB II 00001a50030301" && jtag_device_ctx=="jsn-DLC10-00001a50030301-5ba00477-0"}
09:26:37 INFO  : rst -processor
09:26:43 INFO  : dow /home3/shared/chapman44/cheshire/platform/export/platform/sw/boot/fsbl.elf
09:26:43 INFO  : set bp_26_43_fsbl_bp [bpadd -addr &XFsbl_Exit]
09:26:44 INFO  : con -block -timeout 60
09:26:44 INFO  : bpremove $bp_26_43_fsbl_bp
09:26:44 INFO  : targets -set -nocase -filter {name =~ "*A53*#0" && jtag_cable_name =~ "Platform Cable USB II 00001a50030301" && jtag_device_ctx=="jsn-DLC10-00001a50030301-5ba00477-0"}
09:26:44 INFO  : rst -processor
09:26:50 INFO  : dow /home3/shared/chapman44/cheshire/app_component/build/app_component.elf
09:26:50 INFO  : con
09:26:50 INFO  : configparams force-mem-access 0
09:26:51 INFO  : Testing the connection for 127.0.0.1
09:28:37 INFO  : BSP build will be initiated for Domain standalone_psu_cortexa53_0
09:28:37 INFO  : BSP build will be initiated for Domain zynqmp_fsbl
09:28:37 INFO  : Generating BSP for the domain /home3/shared/chapman44/cheshire/platform/psu_cortexa53_0/standalone_psu_cortexa53_0/bsp
09:28:37 INFO  : Generating BSP for the domain /home3/shared/chapman44/cheshire/platform/zynqmp_fsbl/zynqmp_fsbl_bsp
09:28:37 INFO  : lopper command to reconfigure BSP :empyro reconfig_bsp -d /home3/shared/chapman44/cheshire/platform/zynqmp_fsbl/zynqmp_fsbl_bsp
09:28:37 INFO  : lopper command to reconfigure BSP :empyro reconfig_bsp -d /home3/shared/chapman44/cheshire/platform/psu_cortexa53_0/standalone_psu_cortexa53_0/bsp
09:28:37 INFO  : bash, -c, empyro reconfig_bsp -d /home3/shared/chapman44/cheshire/platform/zynqmp_fsbl/zynqmp_fsbl_bsp
09:28:37 INFO  : bash, -c, empyro reconfig_bsp -d /home3/shared/chapman44/cheshire/platform/psu_cortexa53_0/standalone_psu_cortexa53_0/bsp
09:28:37 INFO  : Domain reconfigured successfully
09:28:37 INFO  : Generating BSP for the domain /home3/shared/chapman44/cheshire/platform/psu_cortexa53_0/standalone_psu_cortexa53_0/bsp
09:28:37 INFO  : lopper command to build BSP :empyro build_bsp -d /home3/shared/chapman44/cheshire/platform/psu_cortexa53_0/standalone_psu_cortexa53_0/bsp
09:28:37 INFO  : bash, -c, empyro build_bsp -d /home3/shared/chapman44/cheshire/platform/psu_cortexa53_0/standalone_psu_cortexa53_0/bsp
09:28:37 INFO  : Domain reconfigured successfully
09:28:37 INFO  : Generating BSP for the domain /home3/shared/chapman44/cheshire/platform/zynqmp_fsbl/zynqmp_fsbl_bsp
09:28:37 INFO  : lopper command to build BSP :empyro build_bsp -d /home3/shared/chapman44/cheshire/platform/zynqmp_fsbl/zynqmp_fsbl_bsp
09:28:37 INFO  : bash, -c, empyro build_bsp -d /home3/shared/chapman44/cheshire/platform/zynqmp_fsbl/zynqmp_fsbl_bsp
09:28:38 INFO  : Domain build successfully
09:28:38 INFO  : Domain build successfully
09:28:38 INFO  : Generating Boot ELFs
09:28:38 INFO  : lopper command to retarget baremetal application :empyro retarget_app -s /home3/shared/chapman44/cheshire/platform/zynqmp_fsbl -d /home3/shared/chapman44/cheshire/platform/zynqmp_fsbl/zynqmp_fsbl_bsp -b /home3/shared/chapman44/cheshire/platform/zynqmp_fsbl/build
09:28:38 INFO  : bash, -c, empyro retarget_app -s /home3/shared/chapman44/cheshire/platform/zynqmp_fsbl -d /home3/shared/chapman44/cheshire/platform/zynqmp_fsbl/zynqmp_fsbl_bsp -b /home3/shared/chapman44/cheshire/platform/zynqmp_fsbl/build
09:28:38 INFO  : [INFO]: Retargeting app
09:28:38 INFO  : [INFO]: Updating link libraries based on new domain
09:28:38 INFO  : Successfully retargeted Application /home3/shared/chapman44/cheshire/platform/zynqmp_fsbl
09:28:38 INFO  : lopper command to build baremetal application :empyro build_app --src_dir /home3/shared/chapman44/cheshire/platform/zynqmp_fsbl --build_dir /home3/shared/chapman44/cheshire/platform/zynqmp_fsbl/build
09:28:38 INFO  : bash, -c, empyro build_app --src_dir /home3/shared/chapman44/cheshire/platform/zynqmp_fsbl --build_dir /home3/shared/chapman44/cheshire/platform/zynqmp_fsbl/build
09:28:41 INFO  : Successfully building the baremetal application/home3/shared/chapman44/cheshire/platform/zynqmp_fsbl/build
09:28:41 INFO  : Generating Export directory
09:28:41 INFO  : Platform Build Finished successfully.
09:28:41 INFO  : lopper command to retarget baremetal application :empyro retarget_app -s /home3/shared/chapman44/cheshire/app_component/src -d /home3/shared/chapman44/cheshire/platform/export/platform/sw/standalone_psu_cortexa53_0 -b /home3/shared/chapman44/cheshire/app_component/build
09:28:41 INFO  : bash, -c, empyro retarget_app -s /home3/shared/chapman44/cheshire/app_component/src -d /home3/shared/chapman44/cheshire/platform/export/platform/sw/standalone_psu_cortexa53_0 -b /home3/shared/chapman44/cheshire/app_component/build
09:28:41 INFO  : [INFO]: Retargeting app
09:28:41 INFO  : [INFO]: Updating link libraries based on new domain
09:28:41 INFO  : Successfully retargeted Application /home3/shared/chapman44/cheshire/app_component/src
09:28:41 INFO  : Initiating build for the app_component component.
09:28:41 INFO  : bash, -c, empyro build_app -s /home3/shared/chapman44/cheshire/app_component/src -b /home3/shared/chapman44/cheshire/app_component/build
09:28:41 INFO  : Command: bash -c unset CC CXX ;empyro build_app -s /home3/shared/chapman44/cheshire/app_component/src -b /home3/shared/chapman44/cheshire/app_component/build
09:28:42 ERROR : app_component build failed. 
09:29:04 INFO  : BSP build will be initiated for Domain zynqmp_fsbl
09:29:04 INFO  : BSP build will be initiated for Domain standalone_psu_cortexa53_0
09:29:04 INFO  : Generating BSP for the domain /home3/shared/chapman44/cheshire/platform/zynqmp_fsbl/zynqmp_fsbl_bsp
09:29:04 INFO  : Generating BSP for the domain /home3/shared/chapman44/cheshire/platform/psu_cortexa53_0/standalone_psu_cortexa53_0/bsp
09:29:04 INFO  : lopper command to reconfigure BSP :empyro reconfig_bsp -d /home3/shared/chapman44/cheshire/platform/zynqmp_fsbl/zynqmp_fsbl_bsp
09:29:04 INFO  : lopper command to reconfigure BSP :empyro reconfig_bsp -d /home3/shared/chapman44/cheshire/platform/psu_cortexa53_0/standalone_psu_cortexa53_0/bsp
09:29:04 INFO  : bash, -c, empyro reconfig_bsp -d /home3/shared/chapman44/cheshire/platform/zynqmp_fsbl/zynqmp_fsbl_bsp
09:29:04 INFO  : bash, -c, empyro reconfig_bsp -d /home3/shared/chapman44/cheshire/platform/psu_cortexa53_0/standalone_psu_cortexa53_0/bsp
09:29:04 INFO  : Domain reconfigured successfully
09:29:04 INFO  : Generating BSP for the domain /home3/shared/chapman44/cheshire/platform/psu_cortexa53_0/standalone_psu_cortexa53_0/bsp
09:29:04 INFO  : lopper command to build BSP :empyro build_bsp -d /home3/shared/chapman44/cheshire/platform/psu_cortexa53_0/standalone_psu_cortexa53_0/bsp
09:29:04 INFO  : bash, -c, empyro build_bsp -d /home3/shared/chapman44/cheshire/platform/psu_cortexa53_0/standalone_psu_cortexa53_0/bsp
09:29:04 INFO  : Domain reconfigured successfully
09:29:04 INFO  : Generating BSP for the domain /home3/shared/chapman44/cheshire/platform/zynqmp_fsbl/zynqmp_fsbl_bsp
09:29:04 INFO  : lopper command to build BSP :empyro build_bsp -d /home3/shared/chapman44/cheshire/platform/zynqmp_fsbl/zynqmp_fsbl_bsp
09:29:04 INFO  : bash, -c, empyro build_bsp -d /home3/shared/chapman44/cheshire/platform/zynqmp_fsbl/zynqmp_fsbl_bsp
09:29:05 INFO  : Domain build successfully
09:29:05 INFO  : Domain build successfully
09:29:05 INFO  : Generating Boot ELFs
09:29:05 INFO  : lopper command to retarget baremetal application :empyro retarget_app -s /home3/shared/chapman44/cheshire/platform/zynqmp_fsbl -d /home3/shared/chapman44/cheshire/platform/zynqmp_fsbl/zynqmp_fsbl_bsp -b /home3/shared/chapman44/cheshire/platform/zynqmp_fsbl/build
09:29:05 INFO  : bash, -c, empyro retarget_app -s /home3/shared/chapman44/cheshire/platform/zynqmp_fsbl -d /home3/shared/chapman44/cheshire/platform/zynqmp_fsbl/zynqmp_fsbl_bsp -b /home3/shared/chapman44/cheshire/platform/zynqmp_fsbl/build
09:29:05 INFO  : [INFO]: Retargeting app
09:29:05 INFO  : [INFO]: Updating link libraries based on new domain
09:29:05 INFO  : Successfully retargeted Application /home3/shared/chapman44/cheshire/platform/zynqmp_fsbl
09:29:05 INFO  : lopper command to build baremetal application :empyro build_app --src_dir /home3/shared/chapman44/cheshire/platform/zynqmp_fsbl --build_dir /home3/shared/chapman44/cheshire/platform/zynqmp_fsbl/build
09:29:05 INFO  : bash, -c, empyro build_app --src_dir /home3/shared/chapman44/cheshire/platform/zynqmp_fsbl --build_dir /home3/shared/chapman44/cheshire/platform/zynqmp_fsbl/build
09:29:08 INFO  : Successfully building the baremetal application/home3/shared/chapman44/cheshire/platform/zynqmp_fsbl/build
09:29:08 INFO  : Generating Export directory
09:29:08 INFO  : Platform Build Finished successfully.
09:29:08 INFO  : lopper command to retarget baremetal application :empyro retarget_app -s /home3/shared/chapman44/cheshire/app_component/src -d /home3/shared/chapman44/cheshire/platform/export/platform/sw/standalone_psu_cortexa53_0 -b /home3/shared/chapman44/cheshire/app_component/build
09:29:08 INFO  : bash, -c, empyro retarget_app -s /home3/shared/chapman44/cheshire/app_component/src -d /home3/shared/chapman44/cheshire/platform/export/platform/sw/standalone_psu_cortexa53_0 -b /home3/shared/chapman44/cheshire/app_component/build
09:29:08 INFO  : [INFO]: Retargeting app
09:29:08 INFO  : [INFO]: Updating link libraries based on new domain
09:29:08 INFO  : Successfully retargeted Application /home3/shared/chapman44/cheshire/app_component/src
09:29:08 INFO  : Initiating build for the app_component component.
09:29:08 INFO  : bash, -c, empyro build_app -s /home3/shared/chapman44/cheshire/app_component/src -b /home3/shared/chapman44/cheshire/app_component/build
09:29:08 INFO  : Command: bash -c unset CC CXX ;empyro build_app -s /home3/shared/chapman44/cheshire/app_component/src -b /home3/shared/chapman44/cheshire/app_component/build
09:29:13 INFO  : disconnect
09:29:15 INFO  : connect -url tcp:127.0.0.1:3121
09:29:15 INFO  : bpremove -all
09:29:15 INFO  : source /home3/CAD/Vitis2025_2/2025.2/Vitis/scripts/vitis/util/zynqmp_utils.tcl
09:29:15 INFO  : Context for 'APU' is selected.
09:29:16 INFO  : System reset is completed.
09:29:19 INFO  : 'after 3000' command is executed.
09:29:19 INFO  : 'targets -set -filter {jtag_cable_name =~ "Platform Cable USB II 00001a50030301" && level==0 && jtag_device_ctx=="jsn-DLC10-00001a50030301-24738093-0"}' command is executed.
09:30:33 INFO  : Device configured successfully with "/home3/shared/chapman44/cheshire/app_component/_ide/bitstream/connect_top.bit"
09:30:33 INFO  : targets -set -nocase -filter {name =~"PSU*" && jtag_cable_name =~ "Platform Cable USB II 00001a50030301" && jtag_device_ctx=="jsn-DLC10-00001a50030301-5ba00477-0"}
09:30:33 INFO  : catch {disable_pmu_gate}
09:30:33 INFO  : targets -set -nocase -filter {name =~"APU*" && jtag_cable_name =~ "Platform Cable USB II 00001a50030301" && jtag_device_ctx=="jsn-DLC10-00001a50030301-5ba00477-0"}
09:30:39 INFO  : loadhw -hw /home3/shared/chapman44/cheshire/platform/export/platform/hw/connect_top.xsa -mem-ranges [list {0x80000000 0xbfffffff} {0x400000000 0x5ffffffff} {0x1000000000 0x7fffffffff}]
09:30:39 INFO  : configparams force-mem-access 1
09:30:39 INFO  : targets -set -nocase -filter {name =~"APU*" && jtag_cable_name =~ "Platform Cable USB II 00001a50030301" && jtag_device_ctx=="jsn-DLC10-00001a50030301-5ba00477-0"}
09:30:39 INFO  : source /home3/CAD/Vitis2025_2/2025.2/Vitis/vitis-server/scripts/jtag_reg.tcl
09:30:39 INFO  : Boot mode is read from the target.
09:30:39 INFO  : Boot mode of the target is set to jtag.
09:30:39 INFO  : targets -set -nocase -filter {name =~ "*A53*#0" && jtag_cable_name =~ "Platform Cable USB II 00001a50030301" && jtag_device_ctx=="jsn-DLC10-00001a50030301-5ba00477-0"}
09:30:40 INFO  : rst -processor
09:30:46 INFO  : dow /home3/shared/chapman44/cheshire/platform/export/platform/sw/boot/fsbl.elf
09:30:46 INFO  : set bp_30_46_fsbl_bp [bpadd -addr &XFsbl_Exit]
09:30:47 INFO  : con -block -timeout 60
09:30:47 INFO  : bpremove $bp_30_46_fsbl_bp
09:30:47 INFO  : targets -set -nocase -filter {name =~ "*A53*#0" && jtag_cable_name =~ "Platform Cable USB II 00001a50030301" && jtag_device_ctx=="jsn-DLC10-00001a50030301-5ba00477-0"}
09:30:47 INFO  : rst -processor
09:30:53 INFO  : dow /home3/shared/chapman44/cheshire/app_component/build/app_component.elf
09:30:53 INFO  : con
09:30:53 INFO  : configparams force-mem-access 0
09:30:54 INFO  : Testing the connection for 127.0.0.1
09:31:06 INFO  : disconnect
09:31:27 INFO  : BSP build will be initiated for Domain zynqmp_fsbl
09:31:27 INFO  : BSP build will be initiated for Domain standalone_psu_cortexa53_0
09:31:27 INFO  : Generating BSP for the domain /home3/shared/chapman44/cheshire/platform/zynqmp_fsbl/zynqmp_fsbl_bsp
09:31:27 INFO  : Generating BSP for the domain /home3/shared/chapman44/cheshire/platform/psu_cortexa53_0/standalone_psu_cortexa53_0/bsp
09:31:27 INFO  : lopper command to reconfigure BSP :empyro reconfig_bsp -d /home3/shared/chapman44/cheshire/platform/zynqmp_fsbl/zynqmp_fsbl_bsp
09:31:27 INFO  : lopper command to reconfigure BSP :empyro reconfig_bsp -d /home3/shared/chapman44/cheshire/platform/psu_cortexa53_0/standalone_psu_cortexa53_0/bsp
09:31:27 INFO  : bash, -c, empyro reconfig_bsp -d /home3/shared/chapman44/cheshire/platform/psu_cortexa53_0/standalone_psu_cortexa53_0/bsp
09:31:27 INFO  : bash, -c, empyro reconfig_bsp -d /home3/shared/chapman44/cheshire/platform/zynqmp_fsbl/zynqmp_fsbl_bsp
09:31:27 INFO  : Domain reconfigured successfully
09:31:27 INFO  : Generating BSP for the domain /home3/shared/chapman44/cheshire/platform/psu_cortexa53_0/standalone_psu_cortexa53_0/bsp
09:31:27 INFO  : lopper command to build BSP :empyro build_bsp -d /home3/shared/chapman44/cheshire/platform/psu_cortexa53_0/standalone_psu_cortexa53_0/bsp
09:31:27 INFO  : bash, -c, empyro build_bsp -d /home3/shared/chapman44/cheshire/platform/psu_cortexa53_0/standalone_psu_cortexa53_0/bsp
09:31:27 INFO  : Domain reconfigured successfully
09:31:27 INFO  : Generating BSP for the domain /home3/shared/chapman44/cheshire/platform/zynqmp_fsbl/zynqmp_fsbl_bsp
09:31:27 INFO  : lopper command to build BSP :empyro build_bsp -d /home3/shared/chapman44/cheshire/platform/zynqmp_fsbl/zynqmp_fsbl_bsp
09:31:27 INFO  : bash, -c, empyro build_bsp -d /home3/shared/chapman44/cheshire/platform/zynqmp_fsbl/zynqmp_fsbl_bsp
09:31:27 INFO  : Domain build successfully
09:31:27 INFO  : Domain build successfully
09:31:27 INFO  : Generating Boot ELFs
09:31:27 INFO  : lopper command to retarget baremetal application :empyro retarget_app -s /home3/shared/chapman44/cheshire/platform/zynqmp_fsbl -d /home3/shared/chapman44/cheshire/platform/zynqmp_fsbl/zynqmp_fsbl_bsp -b /home3/shared/chapman44/cheshire/platform/zynqmp_fsbl/build
09:31:27 INFO  : bash, -c, empyro retarget_app -s /home3/shared/chapman44/cheshire/platform/zynqmp_fsbl -d /home3/shared/chapman44/cheshire/platform/zynqmp_fsbl/zynqmp_fsbl_bsp -b /home3/shared/chapman44/cheshire/platform/zynqmp_fsbl/build
09:31:28 INFO  : [INFO]: Retargeting app
09:31:28 INFO  : [INFO]: Updating link libraries based on new domain
09:31:28 INFO  : Successfully retargeted Application /home3/shared/chapman44/cheshire/platform/zynqmp_fsbl
09:31:28 INFO  : lopper command to build baremetal application :empyro build_app --src_dir /home3/shared/chapman44/cheshire/platform/zynqmp_fsbl --build_dir /home3/shared/chapman44/cheshire/platform/zynqmp_fsbl/build
09:31:28 INFO  : bash, -c, empyro build_app --src_dir /home3/shared/chapman44/cheshire/platform/zynqmp_fsbl --build_dir /home3/shared/chapman44/cheshire/platform/zynqmp_fsbl/build
09:31:30 INFO  : Successfully building the baremetal application/home3/shared/chapman44/cheshire/platform/zynqmp_fsbl/build
09:31:30 INFO  : Generating Export directory
09:31:30 INFO  : Platform Build Finished successfully.
09:31:31 INFO  : lopper command to retarget baremetal application :empyro retarget_app -s /home3/shared/chapman44/cheshire/app_component/src -d /home3/shared/chapman44/cheshire/platform/export/platform/sw/standalone_psu_cortexa53_0 -b /home3/shared/chapman44/cheshire/app_component/build
09:31:31 INFO  : bash, -c, empyro retarget_app -s /home3/shared/chapman44/cheshire/app_component/src -d /home3/shared/chapman44/cheshire/platform/export/platform/sw/standalone_psu_cortexa53_0 -b /home3/shared/chapman44/cheshire/app_component/build
09:31:31 INFO  : [INFO]: Retargeting app
09:31:31 INFO  : [INFO]: Updating link libraries based on new domain
09:31:31 INFO  : Successfully retargeted Application /home3/shared/chapman44/cheshire/app_component/src
09:31:31 INFO  : Initiating build for the app_component component.
09:31:31 INFO  : bash, -c, empyro build_app -s /home3/shared/chapman44/cheshire/app_component/src -b /home3/shared/chapman44/cheshire/app_component/build
09:31:31 INFO  : Command: bash -c unset CC CXX ;empyro build_app -s /home3/shared/chapman44/cheshire/app_component/src -b /home3/shared/chapman44/cheshire/app_component/build
09:31:33 INFO  : connect -url tcp:127.0.0.1:3121
09:31:33 INFO  : bpremove -all
09:31:33 INFO  : source /home3/CAD/Vitis2025_2/2025.2/Vitis/scripts/vitis/util/zynqmp_utils.tcl
09:31:33 INFO  : Context for 'APU' is selected.
09:31:34 INFO  : System reset is completed.
09:31:37 INFO  : 'after 3000' command is executed.
09:31:37 INFO  : 'targets -set -filter {jtag_cable_name =~ "Platform Cable USB II 00001a50030301" && level==0 && jtag_device_ctx=="jsn-DLC10-00001a50030301-24738093-0"}' command is executed.
09:32:51 INFO  : Device configured successfully with "/home3/shared/chapman44/cheshire/app_component/_ide/bitstream/connect_top.bit"
09:32:51 INFO  : targets -set -nocase -filter {name =~"PSU*" && jtag_cable_name =~ "Platform Cable USB II 00001a50030301" && jtag_device_ctx=="jsn-DLC10-00001a50030301-5ba00477-0"}
09:32:51 INFO  : catch {disable_pmu_gate}
09:32:51 INFO  : targets -set -nocase -filter {name =~"APU*" && jtag_cable_name =~ "Platform Cable USB II 00001a50030301" && jtag_device_ctx=="jsn-DLC10-00001a50030301-5ba00477-0"}
09:32:58 INFO  : loadhw -hw /home3/shared/chapman44/cheshire/platform/export/platform/hw/connect_top.xsa -mem-ranges [list {0x80000000 0xbfffffff} {0x400000000 0x5ffffffff} {0x1000000000 0x7fffffffff}]
09:32:58 INFO  : configparams force-mem-access 1
09:32:58 INFO  : targets -set -nocase -filter {name =~"APU*" && jtag_cable_name =~ "Platform Cable USB II 00001a50030301" && jtag_device_ctx=="jsn-DLC10-00001a50030301-5ba00477-0"}
09:32:58 INFO  : source /home3/CAD/Vitis2025_2/2025.2/Vitis/vitis-server/scripts/jtag_reg.tcl
09:32:58 INFO  : Boot mode is read from the target.
09:32:58 INFO  : Boot mode of the target is set to jtag.
09:32:58 INFO  : targets -set -nocase -filter {name =~ "*A53*#0" && jtag_cable_name =~ "Platform Cable USB II 00001a50030301" && jtag_device_ctx=="jsn-DLC10-00001a50030301-5ba00477-0"}
09:32:58 INFO  : rst -processor
09:33:04 INFO  : dow /home3/shared/chapman44/cheshire/platform/export/platform/sw/boot/fsbl.elf
09:33:04 INFO  : set bp_33_4_fsbl_bp [bpadd -addr &XFsbl_Exit]
09:33:05 INFO  : con -block -timeout 60
09:33:05 INFO  : bpremove $bp_33_4_fsbl_bp
09:33:05 INFO  : targets -set -nocase -filter {name =~ "*A53*#0" && jtag_cable_name =~ "Platform Cable USB II 00001a50030301" && jtag_device_ctx=="jsn-DLC10-00001a50030301-5ba00477-0"}
09:33:06 INFO  : rst -processor
09:33:12 INFO  : dow /home3/shared/chapman44/cheshire/app_component/build/app_component.elf
09:33:12 INFO  : con
09:33:12 INFO  : configparams force-mem-access 0
09:33:13 INFO  : Testing the connection for 127.0.0.1
09:34:52 INFO  : disconnect
09:34:59 INFO  : connect -url tcp:127.0.0.1:3121
09:34:59 INFO  : bpremove -all
09:35:00 INFO  : source /home3/CAD/Vitis2025_2/2025.2/Vitis/scripts/vitis/util/zynqmp_utils.tcl
09:35:00 INFO  : Context for 'APU' is selected.
09:35:00 INFO  : System reset is completed.
09:35:03 INFO  : 'after 3000' command is executed.
09:35:03 INFO  : 'targets -set -filter {jtag_cable_name =~ "Platform Cable USB II 00001a50030301" && level==0 && jtag_device_ctx=="jsn-DLC10-00001a50030301-24738093-0"}' command is executed.
09:36:18 INFO  : Device configured successfully with "/home3/shared/chapman44/cheshire/app_component/_ide/bitstream/connect_top.bit"
09:36:18 INFO  : targets -set -nocase -filter {name =~"PSU*" && jtag_cable_name =~ "Platform Cable USB II 00001a50030301" && jtag_device_ctx=="jsn-DLC10-00001a50030301-5ba00477-0"}
09:36:18 INFO  : catch {disable_pmu_gate}
09:36:18 INFO  : targets -set -nocase -filter {name =~"APU*" && jtag_cable_name =~ "Platform Cable USB II 00001a50030301" && jtag_device_ctx=="jsn-DLC10-00001a50030301-5ba00477-0"}
09:36:24 INFO  : loadhw -hw /home3/shared/chapman44/cheshire/platform/export/platform/hw/connect_top.xsa -mem-ranges [list {0x80000000 0xbfffffff} {0x400000000 0x5ffffffff} {0x1000000000 0x7fffffffff}]
09:36:24 INFO  : configparams force-mem-access 1
09:36:24 INFO  : targets -set -nocase -filter {name =~"APU*" && jtag_cable_name =~ "Platform Cable USB II 00001a50030301" && jtag_device_ctx=="jsn-DLC10-00001a50030301-5ba00477-0"}
09:36:24 INFO  : source /home3/CAD/Vitis2025_2/2025.2/Vitis/vitis-server/scripts/jtag_reg.tcl
09:36:24 INFO  : Boot mode is read from the target.
09:36:24 INFO  : Boot mode of the target is set to jtag.
09:36:24 INFO  : targets -set -nocase -filter {name =~ "*A53*#0" && jtag_cable_name =~ "Platform Cable USB II 00001a50030301" && jtag_device_ctx=="jsn-DLC10-00001a50030301-5ba00477-0"}
09:36:24 INFO  : rst -processor
09:36:30 INFO  : dow /home3/shared/chapman44/cheshire/platform/export/platform/sw/boot/fsbl.elf
09:36:30 INFO  : set bp_36_30_fsbl_bp [bpadd -addr &XFsbl_Exit]
09:36:31 INFO  : con -block -timeout 60
09:36:32 INFO  : bpremove $bp_36_30_fsbl_bp
09:36:32 INFO  : targets -set -nocase -filter {name =~ "*A53*#0" && jtag_cable_name =~ "Platform Cable USB II 00001a50030301" && jtag_device_ctx=="jsn-DLC10-00001a50030301-5ba00477-0"}
09:36:32 INFO  : rst -processor
09:36:38 INFO  : dow /home3/shared/chapman44/cheshire/app_component/build/app_component.elf
09:36:38 INFO  : con
09:36:38 INFO  : configparams force-mem-access 0
09:36:39 INFO  : Testing the connection for 127.0.0.1
09:37:37 INFO  : disconnect
09:37:38 INFO  : connect -url tcp:127.0.0.1:3121
09:37:38 INFO  : bpremove -all
09:37:38 INFO  : source /home3/CAD/Vitis2025_2/2025.2/Vitis/scripts/vitis/util/zynqmp_utils.tcl
09:37:47 ERROR : Failed to initialize the hardware. Could not find ARM device on the board for connection 'Local'.
Check if the target is in:
1. Split JTAG - No operations are possible with ARM DAP.
2. Non JTAG bootmode - Bootrom may need time to enable DAP.
Please try again.


Troubleshooting hints:
1. Check whether board is connected to system properly.
2. In case of zynq board, check whether Digilent/Xilinx cable switch settings are correct.
3. If you are using Xilinx Platform Cable USB, ensure that status LED is green.
09:38:15 INFO  : BSP build will be initiated for Domain standalone_psu_cortexa53_0
09:38:15 INFO  : BSP build will be initiated for Domain zynqmp_fsbl
09:38:15 INFO  : Generating BSP for the domain /home3/shared/chapman44/cheshire/platform/psu_cortexa53_0/standalone_psu_cortexa53_0/bsp
09:38:15 INFO  : Generating BSP for the domain /home3/shared/chapman44/cheshire/platform/zynqmp_fsbl/zynqmp_fsbl_bsp
09:38:15 INFO  : lopper command to reconfigure BSP :empyro reconfig_bsp -d /home3/shared/chapman44/cheshire/platform/psu_cortexa53_0/standalone_psu_cortexa53_0/bsp
09:38:15 INFO  : lopper command to reconfigure BSP :empyro reconfig_bsp -d /home3/shared/chapman44/cheshire/platform/zynqmp_fsbl/zynqmp_fsbl_bsp
09:38:15 INFO  : bash, -c, empyro reconfig_bsp -d /home3/shared/chapman44/cheshire/platform/psu_cortexa53_0/standalone_psu_cortexa53_0/bsp
09:38:15 INFO  : bash, -c, empyro reconfig_bsp -d /home3/shared/chapman44/cheshire/platform/zynqmp_fsbl/zynqmp_fsbl_bsp
09:38:15 INFO  : Domain reconfigured successfully
09:38:15 INFO  : Generating BSP for the domain /home3/shared/chapman44/cheshire/platform/psu_cortexa53_0/standalone_psu_cortexa53_0/bsp
09:38:15 INFO  : lopper command to build BSP :empyro build_bsp -d /home3/shared/chapman44/cheshire/platform/psu_cortexa53_0/standalone_psu_cortexa53_0/bsp
09:38:15 INFO  : bash, -c, empyro build_bsp -d /home3/shared/chapman44/cheshire/platform/psu_cortexa53_0/standalone_psu_cortexa53_0/bsp
09:38:15 INFO  : Domain reconfigured successfully
09:38:15 INFO  : Generating BSP for the domain /home3/shared/chapman44/cheshire/platform/zynqmp_fsbl/zynqmp_fsbl_bsp
09:38:15 INFO  : lopper command to build BSP :empyro build_bsp -d /home3/shared/chapman44/cheshire/platform/zynqmp_fsbl/zynqmp_fsbl_bsp
09:38:15 INFO  : bash, -c, empyro build_bsp -d /home3/shared/chapman44/cheshire/platform/zynqmp_fsbl/zynqmp_fsbl_bsp
09:38:16 INFO  : Domain build successfully
09:38:16 INFO  : Domain build successfully
09:38:16 INFO  : Generating Boot ELFs
09:38:16 INFO  : lopper command to retarget baremetal application :empyro retarget_app -s /home3/shared/chapman44/cheshire/platform/zynqmp_fsbl -d /home3/shared/chapman44/cheshire/platform/zynqmp_fsbl/zynqmp_fsbl_bsp -b /home3/shared/chapman44/cheshire/platform/zynqmp_fsbl/build
09:38:16 INFO  : bash, -c, empyro retarget_app -s /home3/shared/chapman44/cheshire/platform/zynqmp_fsbl -d /home3/shared/chapman44/cheshire/platform/zynqmp_fsbl/zynqmp_fsbl_bsp -b /home3/shared/chapman44/cheshire/platform/zynqmp_fsbl/build
09:38:16 INFO  : [INFO]: Retargeting app
09:38:16 INFO  : [INFO]: Updating link libraries based on new domain
09:38:16 INFO  : Successfully retargeted Application /home3/shared/chapman44/cheshire/platform/zynqmp_fsbl
09:38:16 INFO  : lopper command to build baremetal application :empyro build_app --src_dir /home3/shared/chapman44/cheshire/platform/zynqmp_fsbl --build_dir /home3/shared/chapman44/cheshire/platform/zynqmp_fsbl/build
09:38:16 INFO  : bash, -c, empyro build_app --src_dir /home3/shared/chapman44/cheshire/platform/zynqmp_fsbl --build_dir /home3/shared/chapman44/cheshire/platform/zynqmp_fsbl/build
09:38:19 INFO  : Successfully building the baremetal application/home3/shared/chapman44/cheshire/platform/zynqmp_fsbl/build
09:38:19 INFO  : Generating Export directory
09:38:19 INFO  : Platform Build Finished successfully.
09:38:19 INFO  : lopper command to retarget baremetal application :empyro retarget_app -s /home3/shared/chapman44/cheshire/app_component/src -d /home3/shared/chapman44/cheshire/platform/export/platform/sw/standalone_psu_cortexa53_0 -b /home3/shared/chapman44/cheshire/app_component/build
09:38:19 INFO  : bash, -c, empyro retarget_app -s /home3/shared/chapman44/cheshire/app_component/src -d /home3/shared/chapman44/cheshire/platform/export/platform/sw/standalone_psu_cortexa53_0 -b /home3/shared/chapman44/cheshire/app_component/build
09:38:20 INFO  : [INFO]: Retargeting app
09:38:20 INFO  : [INFO]: Updating link libraries based on new domain
09:38:20 INFO  : Successfully retargeted Application /home3/shared/chapman44/cheshire/app_component/src
09:38:20 INFO  : Initiating build for the app_component component.
09:38:20 INFO  : bash, -c, empyro build_app -s /home3/shared/chapman44/cheshire/app_component/src -b /home3/shared/chapman44/cheshire/app_component/build
09:38:20 INFO  : Command: bash -c unset CC CXX ;empyro build_app -s /home3/shared/chapman44/cheshire/app_component/src -b /home3/shared/chapman44/cheshire/app_component/build
09:38:21 INFO  : connect -url tcp:127.0.0.1:3121
09:38:21 INFO  : bpremove -all
09:38:21 INFO  : source /home3/CAD/Vitis2025_2/2025.2/Vitis/scripts/vitis/util/zynqmp_utils.tcl
09:38:21 INFO  : Context for 'APU' is selected.
09:38:22 INFO  : System reset is completed.
09:38:25 INFO  : 'after 3000' command is executed.
09:38:25 INFO  : 'targets -set -filter {jtag_cable_name =~ "Platform Cable USB II 00001a50030301" && level==0 && jtag_device_ctx=="jsn-DLC10-00001a50030301-24738093-0"}' command is executed.
09:39:39 INFO  : Device configured successfully with "/home3/shared/chapman44/cheshire/app_component/_ide/bitstream/connect_top.bit"
09:39:39 INFO  : targets -set -nocase -filter {name =~"PSU*" && jtag_cable_name =~ "Platform Cable USB II 00001a50030301" && jtag_device_ctx=="jsn-DLC10-00001a50030301-5ba00477-0"}
09:39:39 INFO  : catch {disable_pmu_gate}
09:39:39 INFO  : targets -set -nocase -filter {name =~"APU*" && jtag_cable_name =~ "Platform Cable USB II 00001a50030301" && jtag_device_ctx=="jsn-DLC10-00001a50030301-5ba00477-0"}
09:39:46 INFO  : loadhw -hw /home3/shared/chapman44/cheshire/platform/export/platform/hw/connect_top.xsa -mem-ranges [list {0x80000000 0xbfffffff} {0x400000000 0x5ffffffff} {0x1000000000 0x7fffffffff}]
09:39:46 INFO  : configparams force-mem-access 1
09:39:46 INFO  : targets -set -nocase -filter {name =~"APU*" && jtag_cable_name =~ "Platform Cable USB II 00001a50030301" && jtag_device_ctx=="jsn-DLC10-00001a50030301-5ba00477-0"}
09:39:46 INFO  : source /home3/CAD/Vitis2025_2/2025.2/Vitis/vitis-server/scripts/jtag_reg.tcl
09:39:46 INFO  : Boot mode is read from the target.
09:39:46 INFO  : Boot mode of the target is set to jtag.
09:39:46 INFO  : targets -set -nocase -filter {name =~ "*A53*#0" && jtag_cable_name =~ "Platform Cable USB II 00001a50030301" && jtag_device_ctx=="jsn-DLC10-00001a50030301-5ba00477-0"}
09:39:46 INFO  : rst -processor
09:39:52 INFO  : dow /home3/shared/chapman44/cheshire/platform/export/platform/sw/boot/fsbl.elf
09:39:52 INFO  : set bp_39_52_fsbl_bp [bpadd -addr &XFsbl_Exit]
09:39:53 INFO  : con -block -timeout 60
09:39:53 INFO  : bpremove $bp_39_52_fsbl_bp
09:39:53 INFO  : targets -set -nocase -filter {name =~ "*A53*#0" && jtag_cable_name =~ "Platform Cable USB II 00001a50030301" && jtag_device_ctx=="jsn-DLC10-00001a50030301-5ba00477-0"}
09:39:53 INFO  : rst -processor
09:39:59 INFO  : dow /home3/shared/chapman44/cheshire/app_component/build/app_component.elf
09:39:59 INFO  : con
09:39:59 INFO  : configparams force-mem-access 0
09:40:00 INFO  : Testing the connection for 127.0.0.1
09:40:19 INFO  : disconnect
09:40:38 INFO  : BSP build will be initiated for Domain standalone_psu_cortexa53_0
09:40:38 INFO  : BSP build will be initiated for Domain zynqmp_fsbl
09:40:38 INFO  : Generating BSP for the domain /home3/shared/chapman44/cheshire/platform/psu_cortexa53_0/standalone_psu_cortexa53_0/bsp
09:40:38 INFO  : Generating BSP for the domain /home3/shared/chapman44/cheshire/platform/zynqmp_fsbl/zynqmp_fsbl_bsp
09:40:38 INFO  : lopper command to reconfigure BSP :empyro reconfig_bsp -d /home3/shared/chapman44/cheshire/platform/psu_cortexa53_0/standalone_psu_cortexa53_0/bsp
09:40:38 INFO  : lopper command to reconfigure BSP :empyro reconfig_bsp -d /home3/shared/chapman44/cheshire/platform/zynqmp_fsbl/zynqmp_fsbl_bsp
09:40:38 INFO  : bash, -c, empyro reconfig_bsp -d /home3/shared/chapman44/cheshire/platform/zynqmp_fsbl/zynqmp_fsbl_bsp
09:40:38 INFO  : bash, -c, empyro reconfig_bsp -d /home3/shared/chapman44/cheshire/platform/psu_cortexa53_0/standalone_psu_cortexa53_0/bsp
09:40:38 INFO  : Domain reconfigured successfully
09:40:38 INFO  : Generating BSP for the domain /home3/shared/chapman44/cheshire/platform/psu_cortexa53_0/standalone_psu_cortexa53_0/bsp
09:40:38 INFO  : lopper command to build BSP :empyro build_bsp -d /home3/shared/chapman44/cheshire/platform/psu_cortexa53_0/standalone_psu_cortexa53_0/bsp
09:40:38 INFO  : bash, -c, empyro build_bsp -d /home3/shared/chapman44/cheshire/platform/psu_cortexa53_0/standalone_psu_cortexa53_0/bsp
09:40:38 INFO  : Domain reconfigured successfully
09:40:38 INFO  : Generating BSP for the domain /home3/shared/chapman44/cheshire/platform/zynqmp_fsbl/zynqmp_fsbl_bsp
09:40:38 INFO  : lopper command to build BSP :empyro build_bsp -d /home3/shared/chapman44/cheshire/platform/zynqmp_fsbl/zynqmp_fsbl_bsp
09:40:38 INFO  : bash, -c, empyro build_bsp -d /home3/shared/chapman44/cheshire/platform/zynqmp_fsbl/zynqmp_fsbl_bsp
09:40:38 INFO  : Domain build successfully
09:40:38 INFO  : Domain build successfully
09:40:38 INFO  : Generating Boot ELFs
09:40:38 INFO  : lopper command to retarget baremetal application :empyro retarget_app -s /home3/shared/chapman44/cheshire/platform/zynqmp_fsbl -d /home3/shared/chapman44/cheshire/platform/zynqmp_fsbl/zynqmp_fsbl_bsp -b /home3/shared/chapman44/cheshire/platform/zynqmp_fsbl/build
09:40:38 INFO  : bash, -c, empyro retarget_app -s /home3/shared/chapman44/cheshire/platform/zynqmp_fsbl -d /home3/shared/chapman44/cheshire/platform/zynqmp_fsbl/zynqmp_fsbl_bsp -b /home3/shared/chapman44/cheshire/platform/zynqmp_fsbl/build
09:40:39 INFO  : [INFO]: Retargeting app
09:40:39 INFO  : [INFO]: Updating link libraries based on new domain
09:40:39 INFO  : Successfully retargeted Application /home3/shared/chapman44/cheshire/platform/zynqmp_fsbl
09:40:39 INFO  : lopper command to build baremetal application :empyro build_app --src_dir /home3/shared/chapman44/cheshire/platform/zynqmp_fsbl --build_dir /home3/shared/chapman44/cheshire/platform/zynqmp_fsbl/build
09:40:39 INFO  : bash, -c, empyro build_app --src_dir /home3/shared/chapman44/cheshire/platform/zynqmp_fsbl --build_dir /home3/shared/chapman44/cheshire/platform/zynqmp_fsbl/build
09:40:41 INFO  : Successfully building the baremetal application/home3/shared/chapman44/cheshire/platform/zynqmp_fsbl/build
09:40:41 INFO  : Generating Export directory
09:40:41 INFO  : Platform Build Finished successfully.
09:40:42 INFO  : lopper command to retarget baremetal application :empyro retarget_app -s /home3/shared/chapman44/cheshire/app_component/src -d /home3/shared/chapman44/cheshire/platform/export/platform/sw/standalone_psu_cortexa53_0 -b /home3/shared/chapman44/cheshire/app_component/build
09:40:42 INFO  : bash, -c, empyro retarget_app -s /home3/shared/chapman44/cheshire/app_component/src -d /home3/shared/chapman44/cheshire/platform/export/platform/sw/standalone_psu_cortexa53_0 -b /home3/shared/chapman44/cheshire/app_component/build
09:40:42 INFO  : [INFO]: Retargeting app
09:40:42 INFO  : [INFO]: Updating link libraries based on new domain
09:40:42 INFO  : Successfully retargeted Application /home3/shared/chapman44/cheshire/app_component/src
09:40:42 INFO  : Initiating build for the app_component component.
09:40:42 INFO  : bash, -c, empyro build_app -s /home3/shared/chapman44/cheshire/app_component/src -b /home3/shared/chapman44/cheshire/app_component/build
09:40:42 INFO  : Command: bash -c unset CC CXX ;empyro build_app -s /home3/shared/chapman44/cheshire/app_component/src -b /home3/shared/chapman44/cheshire/app_component/build
09:40:48 INFO  : connect -url tcp:127.0.0.1:3121
09:40:48 INFO  : bpremove -all
09:40:48 INFO  : source /home3/CAD/Vitis2025_2/2025.2/Vitis/scripts/vitis/util/zynqmp_utils.tcl
09:40:48 INFO  : Context for 'APU' is selected.
09:40:49 INFO  : System reset is completed.
09:40:52 INFO  : 'after 3000' command is executed.
09:40:52 INFO  : 'targets -set -filter {jtag_cable_name =~ "Platform Cable USB II 00001a50030301" && level==0 && jtag_device_ctx=="jsn-DLC10-00001a50030301-24738093-0"}' command is executed.
09:42:06 INFO  : Device configured successfully with "/home3/shared/chapman44/cheshire/app_component/_ide/bitstream/connect_top.bit"
09:42:06 INFO  : targets -set -nocase -filter {name =~"PSU*" && jtag_cable_name =~ "Platform Cable USB II 00001a50030301" && jtag_device_ctx=="jsn-DLC10-00001a50030301-5ba00477-0"}
09:42:06 INFO  : catch {disable_pmu_gate}
09:42:06 INFO  : targets -set -nocase -filter {name =~"APU*" && jtag_cable_name =~ "Platform Cable USB II 00001a50030301" && jtag_device_ctx=="jsn-DLC10-00001a50030301-5ba00477-0"}
09:42:12 INFO  : loadhw -hw /home3/shared/chapman44/cheshire/platform/export/platform/hw/connect_top.xsa -mem-ranges [list {0x80000000 0xbfffffff} {0x400000000 0x5ffffffff} {0x1000000000 0x7fffffffff}]
09:42:12 INFO  : configparams force-mem-access 1
09:42:12 INFO  : targets -set -nocase -filter {name =~"APU*" && jtag_cable_name =~ "Platform Cable USB II 00001a50030301" && jtag_device_ctx=="jsn-DLC10-00001a50030301-5ba00477-0"}
09:42:12 INFO  : source /home3/CAD/Vitis2025_2/2025.2/Vitis/vitis-server/scripts/jtag_reg.tcl
09:42:12 INFO  : Boot mode is read from the target.
09:42:12 INFO  : Boot mode of the target is set to jtag.
09:42:12 INFO  : targets -set -nocase -filter {name =~ "*A53*#0" && jtag_cable_name =~ "Platform Cable USB II 00001a50030301" && jtag_device_ctx=="jsn-DLC10-00001a50030301-5ba00477-0"}
09:42:13 INFO  : rst -processor
09:42:19 INFO  : dow /home3/shared/chapman44/cheshire/platform/export/platform/sw/boot/fsbl.elf
09:42:19 INFO  : set bp_42_19_fsbl_bp [bpadd -addr &XFsbl_Exit]
09:42:20 INFO  : con -block -timeout 60
09:42:20 INFO  : bpremove $bp_42_19_fsbl_bp
09:42:20 INFO  : targets -set -nocase -filter {name =~ "*A53*#0" && jtag_cable_name =~ "Platform Cable USB II 00001a50030301" && jtag_device_ctx=="jsn-DLC10-00001a50030301-5ba00477-0"}
09:42:20 INFO  : rst -processor
09:42:26 INFO  : dow /home3/shared/chapman44/cheshire/app_component/build/app_component.elf
09:42:26 INFO  : con
09:42:26 INFO  : configparams force-mem-access 0
09:42:27 INFO  : Testing the connection for 127.0.0.1
09:43:01 INFO  : disconnect
09:43:02 INFO  : BSP build will be initiated for Domain standalone_psu_cortexa53_0
09:43:02 INFO  : BSP build will be initiated for Domain zynqmp_fsbl
09:43:02 INFO  : Generating BSP for the domain /home3/shared/chapman44/cheshire/platform/psu_cortexa53_0/standalone_psu_cortexa53_0/bsp
09:43:02 INFO  : Generating BSP for the domain /home3/shared/chapman44/cheshire/platform/zynqmp_fsbl/zynqmp_fsbl_bsp
09:43:02 INFO  : lopper command to reconfigure BSP :empyro reconfig_bsp -d /home3/shared/chapman44/cheshire/platform/psu_cortexa53_0/standalone_psu_cortexa53_0/bsp
09:43:02 INFO  : lopper command to reconfigure BSP :empyro reconfig_bsp -d /home3/shared/chapman44/cheshire/platform/zynqmp_fsbl/zynqmp_fsbl_bsp
09:43:02 INFO  : bash, -c, empyro reconfig_bsp -d /home3/shared/chapman44/cheshire/platform/psu_cortexa53_0/standalone_psu_cortexa53_0/bsp
09:43:02 INFO  : bash, -c, empyro reconfig_bsp -d /home3/shared/chapman44/cheshire/platform/zynqmp_fsbl/zynqmp_fsbl_bsp
09:43:02 INFO  : Domain reconfigured successfully
09:43:02 INFO  : Generating BSP for the domain /home3/shared/chapman44/cheshire/platform/psu_cortexa53_0/standalone_psu_cortexa53_0/bsp
09:43:02 INFO  : lopper command to build BSP :empyro build_bsp -d /home3/shared/chapman44/cheshire/platform/psu_cortexa53_0/standalone_psu_cortexa53_0/bsp
09:43:02 INFO  : bash, -c, empyro build_bsp -d /home3/shared/chapman44/cheshire/platform/psu_cortexa53_0/standalone_psu_cortexa53_0/bsp
09:43:02 INFO  : Domain reconfigured successfully
09:43:02 INFO  : Generating BSP for the domain /home3/shared/chapman44/cheshire/platform/zynqmp_fsbl/zynqmp_fsbl_bsp
09:43:02 INFO  : lopper command to build BSP :empyro build_bsp -d /home3/shared/chapman44/cheshire/platform/zynqmp_fsbl/zynqmp_fsbl_bsp
09:43:02 INFO  : bash, -c, empyro build_bsp -d /home3/shared/chapman44/cheshire/platform/zynqmp_fsbl/zynqmp_fsbl_bsp
09:43:03 INFO  : Domain build successfully
09:43:03 INFO  : Domain build successfully
09:43:03 INFO  : Generating Boot ELFs
09:43:03 INFO  : lopper command to retarget baremetal application :empyro retarget_app -s /home3/shared/chapman44/cheshire/platform/zynqmp_fsbl -d /home3/shared/chapman44/cheshire/platform/zynqmp_fsbl/zynqmp_fsbl_bsp -b /home3/shared/chapman44/cheshire/platform/zynqmp_fsbl/build
09:43:03 INFO  : bash, -c, empyro retarget_app -s /home3/shared/chapman44/cheshire/platform/zynqmp_fsbl -d /home3/shared/chapman44/cheshire/platform/zynqmp_fsbl/zynqmp_fsbl_bsp -b /home3/shared/chapman44/cheshire/platform/zynqmp_fsbl/build
09:43:03 INFO  : [INFO]: Retargeting app
09:43:03 INFO  : [INFO]: Updating link libraries based on new domain
09:43:03 INFO  : Successfully retargeted Application /home3/shared/chapman44/cheshire/platform/zynqmp_fsbl
09:43:03 INFO  : lopper command to build baremetal application :empyro build_app --src_dir /home3/shared/chapman44/cheshire/platform/zynqmp_fsbl --build_dir /home3/shared/chapman44/cheshire/platform/zynqmp_fsbl/build
09:43:03 INFO  : bash, -c, empyro build_app --src_dir /home3/shared/chapman44/cheshire/platform/zynqmp_fsbl --build_dir /home3/shared/chapman44/cheshire/platform/zynqmp_fsbl/build
09:43:06 INFO  : Successfully building the baremetal application/home3/shared/chapman44/cheshire/platform/zynqmp_fsbl/build
09:43:06 INFO  : Generating Export directory
09:43:06 INFO  : Platform Build Finished successfully.
09:43:06 INFO  : lopper command to retarget baremetal application :empyro retarget_app -s /home3/shared/chapman44/cheshire/app_component/src -d /home3/shared/chapman44/cheshire/platform/export/platform/sw/standalone_psu_cortexa53_0 -b /home3/shared/chapman44/cheshire/app_component/build
09:43:06 INFO  : bash, -c, empyro retarget_app -s /home3/shared/chapman44/cheshire/app_component/src -d /home3/shared/chapman44/cheshire/platform/export/platform/sw/standalone_psu_cortexa53_0 -b /home3/shared/chapman44/cheshire/app_component/build
09:43:07 INFO  : [INFO]: Retargeting app
09:43:07 INFO  : [INFO]: Updating link libraries based on new domain
09:43:07 INFO  : Successfully retargeted Application /home3/shared/chapman44/cheshire/app_component/src
09:43:07 INFO  : Initiating build for the app_component component.
09:43:07 INFO  : bash, -c, empyro build_app -s /home3/shared/chapman44/cheshire/app_component/src -b /home3/shared/chapman44/cheshire/app_component/build
09:43:07 INFO  : Command: bash -c unset CC CXX ;empyro build_app -s /home3/shared/chapman44/cheshire/app_component/src -b /home3/shared/chapman44/cheshire/app_component/build
09:43:09 INFO  : connect -url tcp:127.0.0.1:3121
09:43:09 INFO  : bpremove -all
09:43:09 INFO  : source /home3/CAD/Vitis2025_2/2025.2/Vitis/scripts/vitis/util/zynqmp_utils.tcl
09:43:10 INFO  : Context for 'APU' is selected.
09:43:10 INFO  : connect -url tcp:127.0.0.1:3121
09:43:10 INFO  : System reset is completed.
09:43:10 INFO  : bpremove -all
09:43:13 INFO  : 'after 3000' command is executed.
09:43:13 INFO  : source /home3/CAD/Vitis2025_2/2025.2/Vitis/scripts/vitis/util/zynqmp_utils.tcl
09:43:13 INFO  : 'targets -set -filter {jtag_cable_name =~ "Platform Cable USB II 00001a50030301" && level==0 && jtag_device_ctx=="jsn-DLC10-00001a50030301-24738093-0"}' command is executed.
09:43:13 INFO  : Context for 'APU' is selected.
09:44:28 INFO  : Device configured successfully with "/home3/shared/chapman44/cheshire/app_component/_ide/bitstream/connect_top.bit"
09:44:28 INFO  : System reset is completed.
09:44:31 INFO  : 'after 3000' command is executed.
09:44:31 INFO  : targets -set -nocase -filter {name =~"PSU*" && jtag_cable_name =~ "Platform Cable USB II 00001a50030301" && jtag_device_ctx=="jsn-DLC10-00001a50030301-5ba00477-0"}
09:44:31 INFO  : catch {disable_pmu_gate}
09:44:31 INFO  : 'targets -set -filter {jtag_cable_name =~ "Platform Cable USB II 00001a50030301" && level==0 && jtag_device_ctx=="jsn-DLC10-00001a50030301-24738093-0"}' command is executed.
09:45:45 INFO  : Device configured successfully with "/home3/shared/chapman44/cheshire/app_component/_ide/bitstream/connect_top.bit"
09:45:45 INFO  : targets -set -nocase -filter {name =~"APU*" && jtag_cable_name =~ "Platform Cable USB II 00001a50030301" && jtag_device_ctx=="jsn-DLC10-00001a50030301-5ba00477-0"}
09:45:52 INFO  : loadhw -hw /home3/shared/chapman44/cheshire/platform/export/platform/hw/connect_top.xsa -mem-ranges [list {0x80000000 0xbfffffff} {0x400000000 0x5ffffffff} {0x1000000000 0x7fffffffff}]
09:45:52 INFO  : targets -set -nocase -filter {name =~"PSU*" && jtag_cable_name =~ "Platform Cable USB II 00001a50030301" && jtag_device_ctx=="jsn-DLC10-00001a50030301-5ba00477-0"}
09:45:52 INFO  : configparams force-mem-access 1
09:45:52 INFO  : catch {disable_pmu_gate}
09:45:52 INFO  : targets -set -nocase -filter {name =~"APU*" && jtag_cable_name =~ "Platform Cable USB II 00001a50030301" && jtag_device_ctx=="jsn-DLC10-00001a50030301-5ba00477-0"}
09:45:52 INFO  : targets -set -nocase -filter {name =~"APU*" && jtag_cable_name =~ "Platform Cable USB II 00001a50030301" && jtag_device_ctx=="jsn-DLC10-00001a50030301-5ba00477-0"}
09:45:52 INFO  : source /home3/CAD/Vitis2025_2/2025.2/Vitis/vitis-server/scripts/jtag_reg.tcl
09:45:52 INFO  : loadhw -hw /home3/shared/chapman44/cheshire/platform/export/platform/hw/connect_top.xsa -mem-ranges [list {0x80000000 0xbfffffff} {0x400000000 0x5ffffffff} {0x1000000000 0x7fffffffff}]
09:45:52 INFO  : Boot mode is read from the target.
09:45:52 INFO  : configparams force-mem-access 1
09:45:52 INFO  : Boot mode of the target is set to jtag.
09:45:52 INFO  : targets -set -nocase -filter {name =~"APU*" && jtag_cable_name =~ "Platform Cable USB II 00001a50030301" && jtag_device_ctx=="jsn-DLC10-00001a50030301-5ba00477-0"}
09:45:52 INFO  : targets -set -nocase -filter {name =~ "*A53*#0" && jtag_cable_name =~ "Platform Cable USB II 00001a50030301" && jtag_device_ctx=="jsn-DLC10-00001a50030301-5ba00477-0"}
09:45:52 INFO  : source /home3/CAD/Vitis2025_2/2025.2/Vitis/vitis-server/scripts/jtag_reg.tcl
09:45:52 INFO  : rst -processor
09:45:52 INFO  : Boot mode is read from the target.
09:45:58 INFO  : dow /home3/shared/chapman44/cheshire/platform/export/platform/sw/boot/fsbl.elf
09:45:58 INFO  : Boot mode of the target is set to jtag.
09:45:58 INFO  : set bp_45_58_fsbl_bp [bpadd -addr &XFsbl_Exit]
09:45:59 INFO  : con -block -timeout 60
09:45:59 INFO  : bpremove $bp_45_58_fsbl_bp
09:45:59 INFO  : targets -set -nocase -filter {name =~ "*A53*#0" && jtag_cable_name =~ "Platform Cable USB II 00001a50030301" && jtag_device_ctx=="jsn-DLC10-00001a50030301-5ba00477-0"}
09:45:59 INFO  : rst -processor
09:45:59 INFO  : targets -set -nocase -filter {name =~ "*A53*#0" && jtag_cable_name =~ "Platform Cable USB II 00001a50030301" && jtag_device_ctx=="jsn-DLC10-00001a50030301-5ba00477-0"}
09:46:05 INFO  : dow /home3/shared/chapman44/cheshire/platform/export/platform/sw/boot/fsbl.elf
09:46:05 INFO  : rst -processor
09:46:05 INFO  : set bp_46_5_fsbl_bp [bpadd -addr &XFsbl_Exit]
09:46:10 INFO  : dow /home3/shared/chapman44/cheshire/app_component/build/app_component.elf
09:46:42 INFO  : BSP build will be initiated for Domain zynqmp_fsbl
09:46:42 INFO  : BSP build will be initiated for Domain standalone_psu_cortexa53_0
09:46:42 INFO  : Generating BSP for the domain /home3/shared/chapman44/cheshire/platform/zynqmp_fsbl/zynqmp_fsbl_bsp
09:46:42 INFO  : Generating BSP for the domain /home3/shared/chapman44/cheshire/platform/psu_cortexa53_0/standalone_psu_cortexa53_0/bsp
09:46:42 INFO  : lopper command to reconfigure BSP :empyro reconfig_bsp -d /home3/shared/chapman44/cheshire/platform/zynqmp_fsbl/zynqmp_fsbl_bsp
09:46:42 INFO  : lopper command to reconfigure BSP :empyro reconfig_bsp -d /home3/shared/chapman44/cheshire/platform/psu_cortexa53_0/standalone_psu_cortexa53_0/bsp
09:46:42 INFO  : bash, -c, empyro reconfig_bsp -d /home3/shared/chapman44/cheshire/platform/psu_cortexa53_0/standalone_psu_cortexa53_0/bsp
09:46:42 INFO  : bash, -c, empyro reconfig_bsp -d /home3/shared/chapman44/cheshire/platform/zynqmp_fsbl/zynqmp_fsbl_bsp
09:46:42 INFO  : Domain reconfigured successfully
09:46:42 INFO  : Generating BSP for the domain /home3/shared/chapman44/cheshire/platform/psu_cortexa53_0/standalone_psu_cortexa53_0/bsp
09:46:42 INFO  : lopper command to build BSP :empyro build_bsp -d /home3/shared/chapman44/cheshire/platform/psu_cortexa53_0/standalone_psu_cortexa53_0/bsp
09:46:42 INFO  : bash, -c, empyro build_bsp -d /home3/shared/chapman44/cheshire/platform/psu_cortexa53_0/standalone_psu_cortexa53_0/bsp
09:46:42 INFO  : Domain reconfigured successfully
09:46:42 INFO  : Generating BSP for the domain /home3/shared/chapman44/cheshire/platform/zynqmp_fsbl/zynqmp_fsbl_bsp
09:46:42 INFO  : lopper command to build BSP :empyro build_bsp -d /home3/shared/chapman44/cheshire/platform/zynqmp_fsbl/zynqmp_fsbl_bsp
09:46:42 INFO  : bash, -c, empyro build_bsp -d /home3/shared/chapman44/cheshire/platform/zynqmp_fsbl/zynqmp_fsbl_bsp
09:46:43 INFO  : Domain build successfully
09:46:43 INFO  : Domain build successfully
09:46:43 INFO  : Generating Boot ELFs
09:46:43 INFO  : lopper command to retarget baremetal application :empyro retarget_app -s /home3/shared/chapman44/cheshire/platform/zynqmp_fsbl -d /home3/shared/chapman44/cheshire/platform/zynqmp_fsbl/zynqmp_fsbl_bsp -b /home3/shared/chapman44/cheshire/platform/zynqmp_fsbl/build
09:46:43 INFO  : bash, -c, empyro retarget_app -s /home3/shared/chapman44/cheshire/platform/zynqmp_fsbl -d /home3/shared/chapman44/cheshire/platform/zynqmp_fsbl/zynqmp_fsbl_bsp -b /home3/shared/chapman44/cheshire/platform/zynqmp_fsbl/build
09:46:43 INFO  : [INFO]: Retargeting app
09:46:43 INFO  : [INFO]: Updating link libraries based on new domain
09:46:43 INFO  : Successfully retargeted Application /home3/shared/chapman44/cheshire/platform/zynqmp_fsbl
09:46:43 INFO  : lopper command to build baremetal application :empyro build_app --src_dir /home3/shared/chapman44/cheshire/platform/zynqmp_fsbl --build_dir /home3/shared/chapman44/cheshire/platform/zynqmp_fsbl/build
09:46:43 INFO  : bash, -c, empyro build_app --src_dir /home3/shared/chapman44/cheshire/platform/zynqmp_fsbl --build_dir /home3/shared/chapman44/cheshire/platform/zynqmp_fsbl/build
09:46:46 INFO  : Successfully building the baremetal application/home3/shared/chapman44/cheshire/platform/zynqmp_fsbl/build
09:46:46 INFO  : Generating Export directory
09:46:46 INFO  : Platform Build Finished successfully.
09:46:46 INFO  : lopper command to retarget baremetal application :empyro retarget_app -s /home3/shared/chapman44/cheshire/app_component/src -d /home3/shared/chapman44/cheshire/platform/export/platform/sw/standalone_psu_cortexa53_0 -b /home3/shared/chapman44/cheshire/app_component/build
09:46:46 INFO  : bash, -c, empyro retarget_app -s /home3/shared/chapman44/cheshire/app_component/src -d /home3/shared/chapman44/cheshire/platform/export/platform/sw/standalone_psu_cortexa53_0 -b /home3/shared/chapman44/cheshire/app_component/build
09:46:47 INFO  : [INFO]: Retargeting app
09:46:47 INFO  : [INFO]: Updating link libraries based on new domain
09:46:47 INFO  : Successfully retargeted Application /home3/shared/chapman44/cheshire/app_component/src
09:46:47 INFO  : Initiating build for the app_component component.
09:46:47 INFO  : bash, -c, empyro build_app -s /home3/shared/chapman44/cheshire/app_component/src -b /home3/shared/chapman44/cheshire/app_component/build
09:46:47 INFO  : Command: bash -c unset CC CXX ;empyro build_app -s /home3/shared/chapman44/cheshire/app_component/src -b /home3/shared/chapman44/cheshire/app_component/build
09:47:11 ERROR : timeout: target has not halted
09:47:11 ERROR : Timeout error in fsbl execution : timeout: target has not halted
09:47:11 ERROR : [Ljava.lang.StackTraceElement;@3d886e9e
09:47:11 ERROR : Failed to initialize the hardware. Run cancelled.
09:47:11 ERROR : Already running
09:47:11 ERROR : Failed to initialize the hardware. Run cancelled.
09:47:11 INFO  : connect -url tcp:127.0.0.1:3121
09:47:11 INFO  : bpremove -all
09:47:11 INFO  : source /home3/CAD/Vitis2025_2/2025.2/Vitis/scripts/vitis/util/zynqmp_utils.tcl
09:47:11 INFO  : Context for 'APU' is selected.
09:47:11 INFO  : System reset is completed.
09:47:14 INFO  : 'after 3000' command is executed.
09:47:14 ERROR : Failed to initialize the hardware. Run cancelled.
09:48:30 INFO  : connect -url tcp:127.0.0.1:3121
09:48:30 INFO  : bpremove -all
09:48:30 INFO  : source /home3/CAD/Vitis2025_2/2025.2/Vitis/scripts/vitis/util/zynqmp_utils.tcl
09:48:30 ERROR : Could not read jtag device properties from the line: 4  dummy_dap (irlen 4)
09:48:30 ERROR : Failed to initialize the hardware. Could not find ARM device on the board for connection 'Local'.
Check if the target is in:
1. Split JTAG - No operations are possible with ARM DAP.
2. Non JTAG bootmode - Bootrom may need time to enable DAP.
Please try again.


Troubleshooting hints:
1. Check whether board is connected to system properly.
2. In case of zynq board, check whether Digilent/Xilinx cable switch settings are correct.
3. If you are using Xilinx Platform Cable USB, ensure that status LED is green.
09:48:36 INFO  : connect -url tcp:127.0.0.1:3121
09:48:36 INFO  : bpremove -all
09:48:36 INFO  : source /home3/CAD/Vitis2025_2/2025.2/Vitis/scripts/vitis/util/zynqmp_utils.tcl
09:48:36 INFO  : Context for 'APU' is selected.
09:48:36 INFO  : System reset is completed.
09:48:39 INFO  : 'after 3000' command is executed.
09:48:39 INFO  : 'targets -set -filter {jtag_cable_name =~ "Platform Cable USB II 00001a50030301" && level==0 && jtag_device_ctx=="jsn-DLC10-00001a50030301-24738093-0"}' command is executed.
09:49:53 INFO  : Device configured successfully with "/home3/shared/chapman44/cheshire/app_component/_ide/bitstream/connect_top.bit"
09:49:53 INFO  : targets -set -nocase -filter {name =~"PSU*" && jtag_cable_name =~ "Platform Cable USB II 00001a50030301" && jtag_device_ctx=="jsn-DLC10-00001a50030301-5ba00477-0"}
09:49:53 INFO  : catch {disable_pmu_gate}
09:49:53 INFO  : targets -set -nocase -filter {name =~"APU*" && jtag_cable_name =~ "Platform Cable USB II 00001a50030301" && jtag_device_ctx=="jsn-DLC10-00001a50030301-5ba00477-0"}
09:49:53 INFO  : loadhw -hw /home3/shared/chapman44/cheshire/platform/export/platform/hw/connect_top.xsa -mem-ranges [list {0x80000000 0xbfffffff} {0x400000000 0x5ffffffff} {0x1000000000 0x7fffffffff}]
09:49:53 INFO  : configparams force-mem-access 1
09:49:53 INFO  : targets -set -nocase -filter {name =~"APU*" && jtag_cable_name =~ "Platform Cable USB II 00001a50030301" && jtag_device_ctx=="jsn-DLC10-00001a50030301-5ba00477-0"}
09:49:53 INFO  : source /home3/CAD/Vitis2025_2/2025.2/Vitis/vitis-server/scripts/jtag_reg.tcl
09:49:53 INFO  : Boot mode is read from the target.
09:49:53 INFO  : Boot mode of the target is set to jtag.
09:49:53 INFO  : targets -set -nocase -filter {name =~ "*A53*#0" && jtag_cable_name =~ "Platform Cable USB II 00001a50030301" && jtag_device_ctx=="jsn-DLC10-00001a50030301-5ba00477-0"}
09:49:54 INFO  : rst -processor
09:50:00 INFO  : dow /home3/shared/chapman44/cheshire/platform/export/platform/sw/boot/fsbl.elf
09:50:00 INFO  : set bp_50_0_fsbl_bp [bpadd -addr &XFsbl_Exit]
09:50:01 INFO  : con -block -timeout 60
09:50:01 INFO  : bpremove $bp_50_0_fsbl_bp
09:50:01 INFO  : targets -set -nocase -filter {name =~ "*A53*#0" && jtag_cable_name =~ "Platform Cable USB II 00001a50030301" && jtag_device_ctx=="jsn-DLC10-00001a50030301-5ba00477-0"}
09:50:01 INFO  : rst -processor
09:50:07 INFO  : dow /home3/shared/chapman44/cheshire/app_component/build/app_component.elf
09:50:07 INFO  : con
09:50:07 INFO  : configparams force-mem-access 0
09:50:08 INFO  : Testing the connection for 127.0.0.1
09:50:41 INFO  : disconnect
09:50:44 INFO  : connect -url tcp:127.0.0.1:3121
09:50:44 INFO  : bpremove -all
09:50:44 INFO  : source /home3/CAD/Vitis2025_2/2025.2/Vitis/scripts/vitis/util/zynqmp_utils.tcl
09:50:44 INFO  : Context for 'APU' is selected.
09:50:44 INFO  : System reset is completed.
09:50:47 INFO  : 'after 3000' command is executed.
09:50:48 INFO  : 'targets -set -filter {jtag_cable_name =~ "Platform Cable USB II 00001a50030301" && level==0 && jtag_device_ctx=="jsn-DLC10-00001a50030301-24738093-0"}' command is executed.
09:52:02 INFO  : Device configured successfully with "/home3/shared/chapman44/cheshire/app_component/_ide/bitstream/connect_top.bit"
09:52:02 INFO  : targets -set -nocase -filter {name =~"PSU*" && jtag_cable_name =~ "Platform Cable USB II 00001a50030301" && jtag_device_ctx=="jsn-DLC10-00001a50030301-5ba00477-0"}
09:52:02 INFO  : catch {disable_pmu_gate}
09:52:02 INFO  : targets -set -nocase -filter {name =~"APU*" && jtag_cable_name =~ "Platform Cable USB II 00001a50030301" && jtag_device_ctx=="jsn-DLC10-00001a50030301-5ba00477-0"}
09:52:08 INFO  : loadhw -hw /home3/shared/chapman44/cheshire/platform/export/platform/hw/connect_top.xsa -mem-ranges [list {0x80000000 0xbfffffff} {0x400000000 0x5ffffffff} {0x1000000000 0x7fffffffff}]
09:52:08 INFO  : configparams force-mem-access 1
09:52:08 INFO  : targets -set -nocase -filter {name =~"APU*" && jtag_cable_name =~ "Platform Cable USB II 00001a50030301" && jtag_device_ctx=="jsn-DLC10-00001a50030301-5ba00477-0"}
09:52:08 INFO  : source /home3/CAD/Vitis2025_2/2025.2/Vitis/vitis-server/scripts/jtag_reg.tcl
09:52:08 INFO  : Boot mode is read from the target.
09:52:08 INFO  : Boot mode of the target is set to jtag.
09:52:08 INFO  : targets -set -nocase -filter {name =~ "*A53*#0" && jtag_cable_name =~ "Platform Cable USB II 00001a50030301" && jtag_device_ctx=="jsn-DLC10-00001a50030301-5ba00477-0"}
09:52:09 INFO  : rst -processor
09:52:14 INFO  : dow /home3/shared/chapman44/cheshire/platform/export/platform/sw/boot/fsbl.elf
09:52:14 INFO  : set bp_52_14_fsbl_bp [bpadd -addr &XFsbl_Exit]
09:52:15 INFO  : con -block -timeout 60
09:52:15 INFO  : bpremove $bp_52_14_fsbl_bp
09:52:15 INFO  : targets -set -nocase -filter {name =~ "*A53*#0" && jtag_cable_name =~ "Platform Cable USB II 00001a50030301" && jtag_device_ctx=="jsn-DLC10-00001a50030301-5ba00477-0"}
09:52:15 INFO  : rst -processor
09:52:21 INFO  : dow /home3/shared/chapman44/cheshire/app_component/build/app_component.elf
09:52:21 INFO  : con
09:52:21 INFO  : configparams force-mem-access 0
09:52:22 INFO  : Testing the connection for 127.0.0.1
09:52:58 INFO  : disconnect
09:53:13 INFO  : BSP build will be initiated for Domain zynqmp_fsbl
09:53:13 INFO  : BSP build will be initiated for Domain standalone_psu_cortexa53_0
09:53:13 INFO  : Generating BSP for the domain /home3/shared/chapman44/cheshire/platform/psu_cortexa53_0/standalone_psu_cortexa53_0/bsp
09:53:13 INFO  : Generating BSP for the domain /home3/shared/chapman44/cheshire/platform/zynqmp_fsbl/zynqmp_fsbl_bsp
09:53:13 INFO  : lopper command to reconfigure BSP :empyro reconfig_bsp -d /home3/shared/chapman44/cheshire/platform/psu_cortexa53_0/standalone_psu_cortexa53_0/bsp
09:53:13 INFO  : lopper command to reconfigure BSP :empyro reconfig_bsp -d /home3/shared/chapman44/cheshire/platform/zynqmp_fsbl/zynqmp_fsbl_bsp
09:53:13 INFO  : bash, -c, empyro reconfig_bsp -d /home3/shared/chapman44/cheshire/platform/zynqmp_fsbl/zynqmp_fsbl_bsp
09:53:13 INFO  : bash, -c, empyro reconfig_bsp -d /home3/shared/chapman44/cheshire/platform/psu_cortexa53_0/standalone_psu_cortexa53_0/bsp
09:53:13 INFO  : Domain reconfigured successfully
09:53:13 INFO  : Generating BSP for the domain /home3/shared/chapman44/cheshire/platform/psu_cortexa53_0/standalone_psu_cortexa53_0/bsp
09:53:13 INFO  : lopper command to build BSP :empyro build_bsp -d /home3/shared/chapman44/cheshire/platform/psu_cortexa53_0/standalone_psu_cortexa53_0/bsp
09:53:13 INFO  : bash, -c, empyro build_bsp -d /home3/shared/chapman44/cheshire/platform/psu_cortexa53_0/standalone_psu_cortexa53_0/bsp
09:53:13 INFO  : Domain reconfigured successfully
09:53:13 INFO  : Generating BSP for the domain /home3/shared/chapman44/cheshire/platform/zynqmp_fsbl/zynqmp_fsbl_bsp
09:53:13 INFO  : lopper command to build BSP :empyro build_bsp -d /home3/shared/chapman44/cheshire/platform/zynqmp_fsbl/zynqmp_fsbl_bsp
09:53:13 INFO  : bash, -c, empyro build_bsp -d /home3/shared/chapman44/cheshire/platform/zynqmp_fsbl/zynqmp_fsbl_bsp
09:53:13 INFO  : Domain build successfully
09:53:13 INFO  : Domain build successfully
09:53:13 INFO  : Generating Boot ELFs
09:53:13 INFO  : lopper command to retarget baremetal application :empyro retarget_app -s /home3/shared/chapman44/cheshire/platform/zynqmp_fsbl -d /home3/shared/chapman44/cheshire/platform/zynqmp_fsbl/zynqmp_fsbl_bsp -b /home3/shared/chapman44/cheshire/platform/zynqmp_fsbl/build
09:53:13 INFO  : bash, -c, empyro retarget_app -s /home3/shared/chapman44/cheshire/platform/zynqmp_fsbl -d /home3/shared/chapman44/cheshire/platform/zynqmp_fsbl/zynqmp_fsbl_bsp -b /home3/shared/chapman44/cheshire/platform/zynqmp_fsbl/build
09:53:14 INFO  : [INFO]: Retargeting app
09:53:14 INFO  : [INFO]: Updating link libraries based on new domain
09:53:14 INFO  : Successfully retargeted Application /home3/shared/chapman44/cheshire/platform/zynqmp_fsbl
09:53:14 INFO  : lopper command to build baremetal application :empyro build_app --src_dir /home3/shared/chapman44/cheshire/platform/zynqmp_fsbl --build_dir /home3/shared/chapman44/cheshire/platform/zynqmp_fsbl/build
09:53:14 INFO  : bash, -c, empyro build_app --src_dir /home3/shared/chapman44/cheshire/platform/zynqmp_fsbl --build_dir /home3/shared/chapman44/cheshire/platform/zynqmp_fsbl/build
09:53:16 INFO  : Successfully building the baremetal application/home3/shared/chapman44/cheshire/platform/zynqmp_fsbl/build
09:53:16 INFO  : Generating Export directory
09:53:16 INFO  : Platform Build Finished successfully.
09:53:17 INFO  : lopper command to retarget baremetal application :empyro retarget_app -s /home3/shared/chapman44/cheshire/app_component/src -d /home3/shared/chapman44/cheshire/platform/export/platform/sw/standalone_psu_cortexa53_0 -b /home3/shared/chapman44/cheshire/app_component/build
09:53:17 INFO  : bash, -c, empyro retarget_app -s /home3/shared/chapman44/cheshire/app_component/src -d /home3/shared/chapman44/cheshire/platform/export/platform/sw/standalone_psu_cortexa53_0 -b /home3/shared/chapman44/cheshire/app_component/build
09:53:17 INFO  : [INFO]: Retargeting app
09:53:17 INFO  : [INFO]: Updating link libraries based on new domain
09:53:17 INFO  : Successfully retargeted Application /home3/shared/chapman44/cheshire/app_component/src
09:53:17 INFO  : Initiating build for the app_component component.
09:53:17 INFO  : bash, -c, empyro build_app -s /home3/shared/chapman44/cheshire/app_component/src -b /home3/shared/chapman44/cheshire/app_component/build
09:53:17 INFO  : Command: bash -c unset CC CXX ;empyro build_app -s /home3/shared/chapman44/cheshire/app_component/src -b /home3/shared/chapman44/cheshire/app_component/build
09:53:22 INFO  : connect -url tcp:127.0.0.1:3121
09:53:22 INFO  : bpremove -all
09:53:22 INFO  : source /home3/CAD/Vitis2025_2/2025.2/Vitis/scripts/vitis/util/zynqmp_utils.tcl
09:53:22 INFO  : Context for 'APU' is selected.
09:53:22 INFO  : System reset is completed.
09:53:25 INFO  : 'after 3000' command is executed.
09:53:25 INFO  : 'targets -set -filter {jtag_cable_name =~ "Platform Cable USB II 00001a50030301" && level==0 && jtag_device_ctx=="jsn-DLC10-00001a50030301-24738093-0"}' command is executed.
09:54:39 INFO  : Device configured successfully with "/home3/shared/chapman44/cheshire/app_component/_ide/bitstream/connect_top.bit"
09:54:39 INFO  : targets -set -nocase -filter {name =~"PSU*" && jtag_cable_name =~ "Platform Cable USB II 00001a50030301" && jtag_device_ctx=="jsn-DLC10-00001a50030301-5ba00477-0"}
09:54:39 INFO  : catch {disable_pmu_gate}
09:54:39 INFO  : targets -set -nocase -filter {name =~"APU*" && jtag_cable_name =~ "Platform Cable USB II 00001a50030301" && jtag_device_ctx=="jsn-DLC10-00001a50030301-5ba00477-0"}
09:54:45 INFO  : loadhw -hw /home3/shared/chapman44/cheshire/platform/export/platform/hw/connect_top.xsa -mem-ranges [list {0x80000000 0xbfffffff} {0x400000000 0x5ffffffff} {0x1000000000 0x7fffffffff}]
09:54:45 INFO  : configparams force-mem-access 1
09:54:45 INFO  : targets -set -nocase -filter {name =~"APU*" && jtag_cable_name =~ "Platform Cable USB II 00001a50030301" && jtag_device_ctx=="jsn-DLC10-00001a50030301-5ba00477-0"}
09:54:45 INFO  : source /home3/CAD/Vitis2025_2/2025.2/Vitis/vitis-server/scripts/jtag_reg.tcl
09:54:45 INFO  : Boot mode is read from the target.
09:54:45 INFO  : Boot mode of the target is set to jtag.
09:54:45 INFO  : targets -set -nocase -filter {name =~ "*A53*#0" && jtag_cable_name =~ "Platform Cable USB II 00001a50030301" && jtag_device_ctx=="jsn-DLC10-00001a50030301-5ba00477-0"}
09:54:45 INFO  : rst -processor
09:54:51 INFO  : dow /home3/shared/chapman44/cheshire/platform/export/platform/sw/boot/fsbl.elf
09:54:51 INFO  : set bp_54_51_fsbl_bp [bpadd -addr &XFsbl_Exit]
09:54:52 INFO  : con -block -timeout 60
09:54:52 INFO  : bpremove $bp_54_51_fsbl_bp
09:54:52 INFO  : targets -set -nocase -filter {name =~ "*A53*#0" && jtag_cable_name =~ "Platform Cable USB II 00001a50030301" && jtag_device_ctx=="jsn-DLC10-00001a50030301-5ba00477-0"}
09:54:52 INFO  : rst -processor
09:54:58 INFO  : dow /home3/shared/chapman44/cheshire/app_component/build/app_component.elf
09:54:58 INFO  : con
09:54:58 INFO  : configparams force-mem-access 0
09:54:59 INFO  : Testing the connection for 127.0.0.1
09:55:35 INFO  : disconnect
09:55:41 INFO  : BSP build will be initiated for Domain zynqmp_fsbl
09:55:41 INFO  : Generating BSP for the domain /home3/shared/chapman44/cheshire/platform/zynqmp_fsbl/zynqmp_fsbl_bsp
09:55:41 INFO  : lopper command to reconfigure BSP :empyro reconfig_bsp -d /home3/shared/chapman44/cheshire/platform/zynqmp_fsbl/zynqmp_fsbl_bsp
09:55:41 INFO  : BSP build will be initiated for Domain standalone_psu_cortexa53_0
09:55:41 INFO  : bash, -c, empyro reconfig_bsp -d /home3/shared/chapman44/cheshire/platform/zynqmp_fsbl/zynqmp_fsbl_bsp
09:55:41 INFO  : Generating BSP for the domain /home3/shared/chapman44/cheshire/platform/psu_cortexa53_0/standalone_psu_cortexa53_0/bsp
09:55:41 INFO  : lopper command to reconfigure BSP :empyro reconfig_bsp -d /home3/shared/chapman44/cheshire/platform/psu_cortexa53_0/standalone_psu_cortexa53_0/bsp
09:55:41 INFO  : bash, -c, empyro reconfig_bsp -d /home3/shared/chapman44/cheshire/platform/psu_cortexa53_0/standalone_psu_cortexa53_0/bsp
09:55:41 INFO  : Domain reconfigured successfully
09:55:41 INFO  : Generating BSP for the domain /home3/shared/chapman44/cheshire/platform/psu_cortexa53_0/standalone_psu_cortexa53_0/bsp
09:55:41 INFO  : lopper command to build BSP :empyro build_bsp -d /home3/shared/chapman44/cheshire/platform/psu_cortexa53_0/standalone_psu_cortexa53_0/bsp
09:55:41 INFO  : bash, -c, empyro build_bsp -d /home3/shared/chapman44/cheshire/platform/psu_cortexa53_0/standalone_psu_cortexa53_0/bsp
09:55:41 INFO  : Domain reconfigured successfully
09:55:41 INFO  : Generating BSP for the domain /home3/shared/chapman44/cheshire/platform/zynqmp_fsbl/zynqmp_fsbl_bsp
09:55:41 INFO  : lopper command to build BSP :empyro build_bsp -d /home3/shared/chapman44/cheshire/platform/zynqmp_fsbl/zynqmp_fsbl_bsp
09:55:41 INFO  : bash, -c, empyro build_bsp -d /home3/shared/chapman44/cheshire/platform/zynqmp_fsbl/zynqmp_fsbl_bsp
09:55:42 INFO  : Domain build successfully
09:55:42 INFO  : Domain build successfully
09:55:42 INFO  : Generating Boot ELFs
09:55:42 INFO  : lopper command to retarget baremetal application :empyro retarget_app -s /home3/shared/chapman44/cheshire/platform/zynqmp_fsbl -d /home3/shared/chapman44/cheshire/platform/zynqmp_fsbl/zynqmp_fsbl_bsp -b /home3/shared/chapman44/cheshire/platform/zynqmp_fsbl/build
09:55:42 INFO  : bash, -c, empyro retarget_app -s /home3/shared/chapman44/cheshire/platform/zynqmp_fsbl -d /home3/shared/chapman44/cheshire/platform/zynqmp_fsbl/zynqmp_fsbl_bsp -b /home3/shared/chapman44/cheshire/platform/zynqmp_fsbl/build
09:55:42 INFO  : [INFO]: Retargeting app
09:55:42 INFO  : [INFO]: Updating link libraries based on new domain
09:55:42 INFO  : Successfully retargeted Application /home3/shared/chapman44/cheshire/platform/zynqmp_fsbl
09:55:42 INFO  : lopper command to build baremetal application :empyro build_app --src_dir /home3/shared/chapman44/cheshire/platform/zynqmp_fsbl --build_dir /home3/shared/chapman44/cheshire/platform/zynqmp_fsbl/build
09:55:42 INFO  : bash, -c, empyro build_app --src_dir /home3/shared/chapman44/cheshire/platform/zynqmp_fsbl --build_dir /home3/shared/chapman44/cheshire/platform/zynqmp_fsbl/build
09:55:45 INFO  : Successfully building the baremetal application/home3/shared/chapman44/cheshire/platform/zynqmp_fsbl/build
09:55:45 INFO  : Generating Export directory
09:55:45 INFO  : Platform Build Finished successfully.
09:55:45 INFO  : lopper command to retarget baremetal application :empyro retarget_app -s /home3/shared/chapman44/cheshire/app_component/src -d /home3/shared/chapman44/cheshire/platform/export/platform/sw/standalone_psu_cortexa53_0 -b /home3/shared/chapman44/cheshire/app_component/build
09:55:45 INFO  : bash, -c, empyro retarget_app -s /home3/shared/chapman44/cheshire/app_component/src -d /home3/shared/chapman44/cheshire/platform/export/platform/sw/standalone_psu_cortexa53_0 -b /home3/shared/chapman44/cheshire/app_component/build
09:55:45 INFO  : [INFO]: Retargeting app
09:55:45 INFO  : [INFO]: Updating link libraries based on new domain
09:55:45 INFO  : Successfully retargeted Application /home3/shared/chapman44/cheshire/app_component/src
09:55:45 INFO  : Initiating build for the app_component component.
09:55:45 INFO  : bash, -c, empyro build_app -s /home3/shared/chapman44/cheshire/app_component/src -b /home3/shared/chapman44/cheshire/app_component/build
09:55:45 INFO  : Command: bash -c unset CC CXX ;empyro build_app -s /home3/shared/chapman44/cheshire/app_component/src -b /home3/shared/chapman44/cheshire/app_component/build
09:55:47 INFO  : connect -url tcp:127.0.0.1:3121
09:55:47 INFO  : bpremove -all
09:55:47 INFO  : source /home3/CAD/Vitis2025_2/2025.2/Vitis/scripts/vitis/util/zynqmp_utils.tcl
09:55:56 ERROR : Failed to initialize the hardware. Could not find ARM device on the board for connection 'Local'.
Check if the target is in:
1. Split JTAG - No operations are possible with ARM DAP.
2. Non JTAG bootmode - Bootrom may need time to enable DAP.
Please try again.


Troubleshooting hints:
1. Check whether board is connected to system properly.
2. In case of zynq board, check whether Digilent/Xilinx cable switch settings are correct.
3. If you are using Xilinx Platform Cable USB, ensure that status LED is green.
09:57:03 INFO  : connect -url tcp:127.0.0.1:3121
09:57:03 INFO  : bpremove -all
09:57:03 INFO  : source /home3/CAD/Vitis2025_2/2025.2/Vitis/scripts/vitis/util/zynqmp_utils.tcl
09:57:03 INFO  : Context for 'APU' is selected.
09:57:03 INFO  : System reset is completed.
09:57:06 INFO  : 'after 3000' command is executed.
09:57:06 INFO  : 'targets -set -filter {jtag_cable_name =~ "Platform Cable USB II 00001a50030301" && level==0 && jtag_device_ctx=="jsn-DLC10-00001a50030301-24738093-0"}' command is executed.
09:58:20 INFO  : Device configured successfully with "/home3/shared/chapman44/cheshire/app_component/_ide/bitstream/connect_top.bit"
09:58:20 INFO  : targets -set -nocase -filter {name =~"PSU*" && jtag_cable_name =~ "Platform Cable USB II 00001a50030301" && jtag_device_ctx=="jsn-DLC10-00001a50030301-5ba00477-0"}
09:58:20 INFO  : catch {disable_pmu_gate}
09:58:20 INFO  : targets -set -nocase -filter {name =~"APU*" && jtag_cable_name =~ "Platform Cable USB II 00001a50030301" && jtag_device_ctx=="jsn-DLC10-00001a50030301-5ba00477-0"}
09:58:27 INFO  : loadhw -hw /home3/shared/chapman44/cheshire/platform/export/platform/hw/connect_top.xsa -mem-ranges [list {0x80000000 0xbfffffff} {0x400000000 0x5ffffffff} {0x1000000000 0x7fffffffff}]
09:58:27 INFO  : configparams force-mem-access 1
09:58:27 INFO  : targets -set -nocase -filter {name =~"APU*" && jtag_cable_name =~ "Platform Cable USB II 00001a50030301" && jtag_device_ctx=="jsn-DLC10-00001a50030301-5ba00477-0"}
09:58:27 INFO  : source /home3/CAD/Vitis2025_2/2025.2/Vitis/vitis-server/scripts/jtag_reg.tcl
09:58:27 INFO  : Boot mode is read from the target.
09:58:27 INFO  : Boot mode of the target is set to jtag.
09:58:27 INFO  : targets -set -nocase -filter {name =~ "*A53*#0" && jtag_cable_name =~ "Platform Cable USB II 00001a50030301" && jtag_device_ctx=="jsn-DLC10-00001a50030301-5ba00477-0"}
09:58:27 INFO  : rst -processor
09:58:32 INFO  : dow /home3/shared/chapman44/cheshire/platform/export/platform/sw/boot/fsbl.elf
09:58:32 INFO  : set bp_58_32_fsbl_bp [bpadd -addr &XFsbl_Exit]
09:58:33 INFO  : con -block -timeout 60
09:58:33 INFO  : bpremove $bp_58_32_fsbl_bp
09:58:33 INFO  : targets -set -nocase -filter {name =~ "*A53*#0" && jtag_cable_name =~ "Platform Cable USB II 00001a50030301" && jtag_device_ctx=="jsn-DLC10-00001a50030301-5ba00477-0"}
09:58:34 INFO  : rst -processor
09:58:39 INFO  : dow /home3/shared/chapman44/cheshire/app_component/build/app_component.elf
09:58:39 INFO  : con
09:58:39 INFO  : configparams force-mem-access 0
09:58:41 INFO  : Testing the connection for 127.0.0.1
09:59:01 INFO  : disconnect
09:59:06 INFO  : BSP build will be initiated for Domain zynqmp_fsbl
09:59:06 INFO  : BSP build will be initiated for Domain standalone_psu_cortexa53_0
09:59:06 INFO  : Generating BSP for the domain /home3/shared/chapman44/cheshire/platform/zynqmp_fsbl/zynqmp_fsbl_bsp
09:59:06 INFO  : Generating BSP for the domain /home3/shared/chapman44/cheshire/platform/psu_cortexa53_0/standalone_psu_cortexa53_0/bsp
09:59:06 INFO  : lopper command to reconfigure BSP :empyro reconfig_bsp -d /home3/shared/chapman44/cheshire/platform/zynqmp_fsbl/zynqmp_fsbl_bsp
09:59:06 INFO  : lopper command to reconfigure BSP :empyro reconfig_bsp -d /home3/shared/chapman44/cheshire/platform/psu_cortexa53_0/standalone_psu_cortexa53_0/bsp
09:59:06 INFO  : bash, -c, empyro reconfig_bsp -d /home3/shared/chapman44/cheshire/platform/psu_cortexa53_0/standalone_psu_cortexa53_0/bsp
09:59:06 INFO  : bash, -c, empyro reconfig_bsp -d /home3/shared/chapman44/cheshire/platform/zynqmp_fsbl/zynqmp_fsbl_bsp
09:59:06 INFO  : Domain reconfigured successfully
09:59:06 INFO  : Generating BSP for the domain /home3/shared/chapman44/cheshire/platform/psu_cortexa53_0/standalone_psu_cortexa53_0/bsp
09:59:06 INFO  : lopper command to build BSP :empyro build_bsp -d /home3/shared/chapman44/cheshire/platform/psu_cortexa53_0/standalone_psu_cortexa53_0/bsp
09:59:06 INFO  : bash, -c, empyro build_bsp -d /home3/shared/chapman44/cheshire/platform/psu_cortexa53_0/standalone_psu_cortexa53_0/bsp
09:59:06 INFO  : Domain reconfigured successfully
09:59:06 INFO  : Generating BSP for the domain /home3/shared/chapman44/cheshire/platform/zynqmp_fsbl/zynqmp_fsbl_bsp
09:59:06 INFO  : lopper command to build BSP :empyro build_bsp -d /home3/shared/chapman44/cheshire/platform/zynqmp_fsbl/zynqmp_fsbl_bsp
09:59:06 INFO  : bash, -c, empyro build_bsp -d /home3/shared/chapman44/cheshire/platform/zynqmp_fsbl/zynqmp_fsbl_bsp
09:59:07 INFO  : Domain build successfully
09:59:07 INFO  : Domain build successfully
09:59:07 INFO  : Generating Boot ELFs
09:59:07 INFO  : lopper command to retarget baremetal application :empyro retarget_app -s /home3/shared/chapman44/cheshire/platform/zynqmp_fsbl -d /home3/shared/chapman44/cheshire/platform/zynqmp_fsbl/zynqmp_fsbl_bsp -b /home3/shared/chapman44/cheshire/platform/zynqmp_fsbl/build
09:59:07 INFO  : bash, -c, empyro retarget_app -s /home3/shared/chapman44/cheshire/platform/zynqmp_fsbl -d /home3/shared/chapman44/cheshire/platform/zynqmp_fsbl/zynqmp_fsbl_bsp -b /home3/shared/chapman44/cheshire/platform/zynqmp_fsbl/build
09:59:07 INFO  : [INFO]: Retargeting app
09:59:07 INFO  : [INFO]: Updating link libraries based on new domain
09:59:07 INFO  : Successfully retargeted Application /home3/shared/chapman44/cheshire/platform/zynqmp_fsbl
09:59:07 INFO  : lopper command to build baremetal application :empyro build_app --src_dir /home3/shared/chapman44/cheshire/platform/zynqmp_fsbl --build_dir /home3/shared/chapman44/cheshire/platform/zynqmp_fsbl/build
09:59:07 INFO  : bash, -c, empyro build_app --src_dir /home3/shared/chapman44/cheshire/platform/zynqmp_fsbl --build_dir /home3/shared/chapman44/cheshire/platform/zynqmp_fsbl/build
09:59:10 INFO  : Successfully building the baremetal application/home3/shared/chapman44/cheshire/platform/zynqmp_fsbl/build
09:59:10 INFO  : Generating Export directory
09:59:10 INFO  : Platform Build Finished successfully.
09:59:10 INFO  : lopper command to retarget baremetal application :empyro retarget_app -s /home3/shared/chapman44/cheshire/app_component/src -d /home3/shared/chapman44/cheshire/platform/export/platform/sw/standalone_psu_cortexa53_0 -b /home3/shared/chapman44/cheshire/app_component/build
09:59:10 INFO  : bash, -c, empyro retarget_app -s /home3/shared/chapman44/cheshire/app_component/src -d /home3/shared/chapman44/cheshire/platform/export/platform/sw/standalone_psu_cortexa53_0 -b /home3/shared/chapman44/cheshire/app_component/build
09:59:10 INFO  : [INFO]: Retargeting app
09:59:10 INFO  : [INFO]: Updating link libraries based on new domain
09:59:10 INFO  : Successfully retargeted Application /home3/shared/chapman44/cheshire/app_component/src
09:59:10 INFO  : Initiating build for the app_component component.
09:59:10 INFO  : bash, -c, empyro build_app -s /home3/shared/chapman44/cheshire/app_component/src -b /home3/shared/chapman44/cheshire/app_component/build
09:59:10 INFO  : Command: bash -c unset CC CXX ;empyro build_app -s /home3/shared/chapman44/cheshire/app_component/src -b /home3/shared/chapman44/cheshire/app_component/build
09:59:12 INFO  : connect -url tcp:127.0.0.1:3121
09:59:12 INFO  : bpremove -all
09:59:12 INFO  : source /home3/CAD/Vitis2025_2/2025.2/Vitis/scripts/vitis/util/zynqmp_utils.tcl
09:59:12 INFO  : Context for 'APU' is selected.
09:59:13 INFO  : System reset is completed.
09:59:16 INFO  : 'after 3000' command is executed.
09:59:16 INFO  : 'targets -set -filter {jtag_cable_name =~ "Platform Cable USB II 00001a50030301" && level==0 && jtag_device_ctx=="jsn-DLC10-00001a50030301-24738093-0"}' command is executed.
10:00:30 INFO  : Device configured successfully with "/home3/shared/chapman44/cheshire/app_component/_ide/bitstream/connect_top.bit"
10:00:30 INFO  : targets -set -nocase -filter {name =~"PSU*" && jtag_cable_name =~ "Platform Cable USB II 00001a50030301" && jtag_device_ctx=="jsn-DLC10-00001a50030301-5ba00477-0"}
10:00:30 INFO  : catch {disable_pmu_gate}
10:00:30 INFO  : targets -set -nocase -filter {name =~"APU*" && jtag_cable_name =~ "Platform Cable USB II 00001a50030301" && jtag_device_ctx=="jsn-DLC10-00001a50030301-5ba00477-0"}
10:00:36 INFO  : loadhw -hw /home3/shared/chapman44/cheshire/platform/export/platform/hw/connect_top.xsa -mem-ranges [list {0x80000000 0xbfffffff} {0x400000000 0x5ffffffff} {0x1000000000 0x7fffffffff}]
10:00:36 INFO  : configparams force-mem-access 1
10:00:36 INFO  : targets -set -nocase -filter {name =~"APU*" && jtag_cable_name =~ "Platform Cable USB II 00001a50030301" && jtag_device_ctx=="jsn-DLC10-00001a50030301-5ba00477-0"}
10:00:36 INFO  : source /home3/CAD/Vitis2025_2/2025.2/Vitis/vitis-server/scripts/jtag_reg.tcl
10:00:36 INFO  : Boot mode is read from the target.
10:00:36 INFO  : Boot mode of the target is set to jtag.
10:00:37 INFO  : targets -set -nocase -filter {name =~ "*A53*#0" && jtag_cable_name =~ "Platform Cable USB II 00001a50030301" && jtag_device_ctx=="jsn-DLC10-00001a50030301-5ba00477-0"}
10:00:37 INFO  : rst -processor
10:00:42 INFO  : dow /home3/shared/chapman44/cheshire/platform/export/platform/sw/boot/fsbl.elf
10:00:42 INFO  : set bp_0_42_fsbl_bp [bpadd -addr &XFsbl_Exit]
10:00:43 INFO  : con -block -timeout 60
10:00:43 INFO  : bpremove $bp_0_42_fsbl_bp
10:00:43 INFO  : targets -set -nocase -filter {name =~ "*A53*#0" && jtag_cable_name =~ "Platform Cable USB II 00001a50030301" && jtag_device_ctx=="jsn-DLC10-00001a50030301-5ba00477-0"}
10:00:43 INFO  : rst -processor
10:00:49 INFO  : dow /home3/shared/chapman44/cheshire/app_component/build/app_component.elf
10:00:49 INFO  : con
10:00:49 INFO  : configparams force-mem-access 0
10:00:50 INFO  : Testing the connection for 127.0.0.1
10:01:24 INFO  : disconnect
10:01:30 INFO  : BSP build will be initiated for Domain standalone_psu_cortexa53_0
10:01:30 INFO  : BSP build will be initiated for Domain zynqmp_fsbl
10:01:30 INFO  : Generating BSP for the domain /home3/shared/chapman44/cheshire/platform/psu_cortexa53_0/standalone_psu_cortexa53_0/bsp
10:01:30 INFO  : Generating BSP for the domain /home3/shared/chapman44/cheshire/platform/zynqmp_fsbl/zynqmp_fsbl_bsp
10:01:30 INFO  : lopper command to reconfigure BSP :empyro reconfig_bsp -d /home3/shared/chapman44/cheshire/platform/psu_cortexa53_0/standalone_psu_cortexa53_0/bsp
10:01:30 INFO  : lopper command to reconfigure BSP :empyro reconfig_bsp -d /home3/shared/chapman44/cheshire/platform/zynqmp_fsbl/zynqmp_fsbl_bsp
10:01:30 INFO  : bash, -c, empyro reconfig_bsp -d /home3/shared/chapman44/cheshire/platform/zynqmp_fsbl/zynqmp_fsbl_bsp
10:01:30 INFO  : bash, -c, empyro reconfig_bsp -d /home3/shared/chapman44/cheshire/platform/psu_cortexa53_0/standalone_psu_cortexa53_0/bsp
10:01:30 INFO  : Domain reconfigured successfully
10:01:30 INFO  : Generating BSP for the domain /home3/shared/chapman44/cheshire/platform/psu_cortexa53_0/standalone_psu_cortexa53_0/bsp
10:01:30 INFO  : lopper command to build BSP :empyro build_bsp -d /home3/shared/chapman44/cheshire/platform/psu_cortexa53_0/standalone_psu_cortexa53_0/bsp
10:01:30 INFO  : bash, -c, empyro build_bsp -d /home3/shared/chapman44/cheshire/platform/psu_cortexa53_0/standalone_psu_cortexa53_0/bsp
10:01:30 INFO  : Domain reconfigured successfully
10:01:30 INFO  : Generating BSP for the domain /home3/shared/chapman44/cheshire/platform/zynqmp_fsbl/zynqmp_fsbl_bsp
10:01:30 INFO  : lopper command to build BSP :empyro build_bsp -d /home3/shared/chapman44/cheshire/platform/zynqmp_fsbl/zynqmp_fsbl_bsp
10:01:30 INFO  : bash, -c, empyro build_bsp -d /home3/shared/chapman44/cheshire/platform/zynqmp_fsbl/zynqmp_fsbl_bsp
10:01:30 INFO  : Domain build successfully
10:01:30 INFO  : Domain build successfully
10:01:30 INFO  : Generating Boot ELFs
10:01:30 INFO  : lopper command to retarget baremetal application :empyro retarget_app -s /home3/shared/chapman44/cheshire/platform/zynqmp_fsbl -d /home3/shared/chapman44/cheshire/platform/zynqmp_fsbl/zynqmp_fsbl_bsp -b /home3/shared/chapman44/cheshire/platform/zynqmp_fsbl/build
10:01:30 INFO  : bash, -c, empyro retarget_app -s /home3/shared/chapman44/cheshire/platform/zynqmp_fsbl -d /home3/shared/chapman44/cheshire/platform/zynqmp_fsbl/zynqmp_fsbl_bsp -b /home3/shared/chapman44/cheshire/platform/zynqmp_fsbl/build
10:01:31 INFO  : [INFO]: Retargeting app
10:01:31 INFO  : [INFO]: Updating link libraries based on new domain
10:01:31 INFO  : Successfully retargeted Application /home3/shared/chapman44/cheshire/platform/zynqmp_fsbl
10:01:31 INFO  : lopper command to build baremetal application :empyro build_app --src_dir /home3/shared/chapman44/cheshire/platform/zynqmp_fsbl --build_dir /home3/shared/chapman44/cheshire/platform/zynqmp_fsbl/build
10:01:31 INFO  : bash, -c, empyro build_app --src_dir /home3/shared/chapman44/cheshire/platform/zynqmp_fsbl --build_dir /home3/shared/chapman44/cheshire/platform/zynqmp_fsbl/build
10:01:33 INFO  : Successfully building the baremetal application/home3/shared/chapman44/cheshire/platform/zynqmp_fsbl/build
10:01:33 INFO  : Generating Export directory
10:01:33 INFO  : Platform Build Finished successfully.
10:01:34 INFO  : lopper command to retarget baremetal application :empyro retarget_app -s /home3/shared/chapman44/cheshire/app_component/src -d /home3/shared/chapman44/cheshire/platform/export/platform/sw/standalone_psu_cortexa53_0 -b /home3/shared/chapman44/cheshire/app_component/build
10:01:34 INFO  : bash, -c, empyro retarget_app -s /home3/shared/chapman44/cheshire/app_component/src -d /home3/shared/chapman44/cheshire/platform/export/platform/sw/standalone_psu_cortexa53_0 -b /home3/shared/chapman44/cheshire/app_component/build
10:01:34 INFO  : [INFO]: Retargeting app
10:01:34 INFO  : [INFO]: Updating link libraries based on new domain
10:01:34 INFO  : Successfully retargeted Application /home3/shared/chapman44/cheshire/app_component/src
10:01:34 INFO  : Initiating build for the app_component component.
10:01:34 INFO  : bash, -c, empyro build_app -s /home3/shared/chapman44/cheshire/app_component/src -b /home3/shared/chapman44/cheshire/app_component/build
10:01:34 INFO  : Command: bash -c unset CC CXX ;empyro build_app -s /home3/shared/chapman44/cheshire/app_component/src -b /home3/shared/chapman44/cheshire/app_component/build
10:01:36 INFO  : connect -url tcp:127.0.0.1:3121
10:01:36 INFO  : bpremove -all
10:01:36 INFO  : source /home3/CAD/Vitis2025_2/2025.2/Vitis/scripts/vitis/util/zynqmp_utils.tcl
10:01:36 INFO  : Context for 'APU' is selected.
10:01:37 INFO  : System reset is completed.
10:01:40 INFO  : 'after 3000' command is executed.
10:01:40 INFO  : 'targets -set -filter {jtag_cable_name =~ "Platform Cable USB II 00001a50030301" && level==0 && jtag_device_ctx=="jsn-DLC10-00001a50030301-24738093-0"}' command is executed.
10:02:54 INFO  : Device configured successfully with "/home3/shared/chapman44/cheshire/app_component/_ide/bitstream/connect_top.bit"
10:02:54 INFO  : targets -set -nocase -filter {name =~"PSU*" && jtag_cable_name =~ "Platform Cable USB II 00001a50030301" && jtag_device_ctx=="jsn-DLC10-00001a50030301-5ba00477-0"}
10:02:54 INFO  : catch {disable_pmu_gate}
10:02:54 INFO  : targets -set -nocase -filter {name =~"APU*" && jtag_cable_name =~ "Platform Cable USB II 00001a50030301" && jtag_device_ctx=="jsn-DLC10-00001a50030301-5ba00477-0"}
10:03:00 INFO  : loadhw -hw /home3/shared/chapman44/cheshire/platform/export/platform/hw/connect_top.xsa -mem-ranges [list {0x80000000 0xbfffffff} {0x400000000 0x5ffffffff} {0x1000000000 0x7fffffffff}]
10:03:00 INFO  : configparams force-mem-access 1
10:03:00 INFO  : targets -set -nocase -filter {name =~"APU*" && jtag_cable_name =~ "Platform Cable USB II 00001a50030301" && jtag_device_ctx=="jsn-DLC10-00001a50030301-5ba00477-0"}
10:03:00 INFO  : source /home3/CAD/Vitis2025_2/2025.2/Vitis/vitis-server/scripts/jtag_reg.tcl
10:03:00 INFO  : Boot mode is read from the target.
10:03:00 INFO  : Boot mode of the target is set to jtag.
10:03:00 INFO  : targets -set -nocase -filter {name =~ "*A53*#0" && jtag_cable_name =~ "Platform Cable USB II 00001a50030301" && jtag_device_ctx=="jsn-DLC10-00001a50030301-5ba00477-0"}
10:03:01 INFO  : rst -processor
10:03:07 INFO  : dow /home3/shared/chapman44/cheshire/platform/export/platform/sw/boot/fsbl.elf
10:03:07 INFO  : set bp_3_7_fsbl_bp [bpadd -addr &XFsbl_Exit]
10:03:08 INFO  : con -block -timeout 60
10:03:08 INFO  : bpremove $bp_3_7_fsbl_bp
10:03:08 INFO  : targets -set -nocase -filter {name =~ "*A53*#0" && jtag_cable_name =~ "Platform Cable USB II 00001a50030301" && jtag_device_ctx=="jsn-DLC10-00001a50030301-5ba00477-0"}
10:03:08 INFO  : rst -processor
10:03:14 INFO  : dow /home3/shared/chapman44/cheshire/app_component/build/app_component.elf
10:03:14 INFO  : con
10:03:14 INFO  : configparams force-mem-access 0
10:03:15 INFO  : Testing the connection for 127.0.0.1
10:03:38 INFO  : disconnect
10:03:49 INFO  : BSP build will be initiated for Domain standalone_psu_cortexa53_0
10:03:49 INFO  : BSP build will be initiated for Domain zynqmp_fsbl
10:03:49 INFO  : Generating BSP for the domain /home3/shared/chapman44/cheshire/platform/psu_cortexa53_0/standalone_psu_cortexa53_0/bsp
10:03:49 INFO  : Generating BSP for the domain /home3/shared/chapman44/cheshire/platform/zynqmp_fsbl/zynqmp_fsbl_bsp
10:03:49 INFO  : lopper command to reconfigure BSP :empyro reconfig_bsp -d /home3/shared/chapman44/cheshire/platform/psu_cortexa53_0/standalone_psu_cortexa53_0/bsp
10:03:49 INFO  : lopper command to reconfigure BSP :empyro reconfig_bsp -d /home3/shared/chapman44/cheshire/platform/zynqmp_fsbl/zynqmp_fsbl_bsp
10:03:49 INFO  : bash, -c, empyro reconfig_bsp -d /home3/shared/chapman44/cheshire/platform/psu_cortexa53_0/standalone_psu_cortexa53_0/bsp
10:03:49 INFO  : bash, -c, empyro reconfig_bsp -d /home3/shared/chapman44/cheshire/platform/zynqmp_fsbl/zynqmp_fsbl_bsp
10:03:50 INFO  : Domain reconfigured successfully
10:03:50 INFO  : Generating BSP for the domain /home3/shared/chapman44/cheshire/platform/psu_cortexa53_0/standalone_psu_cortexa53_0/bsp
10:03:50 INFO  : lopper command to build BSP :empyro build_bsp -d /home3/shared/chapman44/cheshire/platform/psu_cortexa53_0/standalone_psu_cortexa53_0/bsp
10:03:50 INFO  : bash, -c, empyro build_bsp -d /home3/shared/chapman44/cheshire/platform/psu_cortexa53_0/standalone_psu_cortexa53_0/bsp
10:03:50 INFO  : Domain reconfigured successfully
10:03:50 INFO  : Generating BSP for the domain /home3/shared/chapman44/cheshire/platform/zynqmp_fsbl/zynqmp_fsbl_bsp
10:03:50 INFO  : lopper command to build BSP :empyro build_bsp -d /home3/shared/chapman44/cheshire/platform/zynqmp_fsbl/zynqmp_fsbl_bsp
10:03:50 INFO  : bash, -c, empyro build_bsp -d /home3/shared/chapman44/cheshire/platform/zynqmp_fsbl/zynqmp_fsbl_bsp
10:03:50 INFO  : Domain build successfully
10:03:50 INFO  : Domain build successfully
10:03:50 INFO  : Generating Boot ELFs
10:03:50 INFO  : lopper command to retarget baremetal application :empyro retarget_app -s /home3/shared/chapman44/cheshire/platform/zynqmp_fsbl -d /home3/shared/chapman44/cheshire/platform/zynqmp_fsbl/zynqmp_fsbl_bsp -b /home3/shared/chapman44/cheshire/platform/zynqmp_fsbl/build
10:03:50 INFO  : bash, -c, empyro retarget_app -s /home3/shared/chapman44/cheshire/platform/zynqmp_fsbl -d /home3/shared/chapman44/cheshire/platform/zynqmp_fsbl/zynqmp_fsbl_bsp -b /home3/shared/chapman44/cheshire/platform/zynqmp_fsbl/build
10:03:50 INFO  : [INFO]: Retargeting app
10:03:50 INFO  : [INFO]: Updating link libraries based on new domain
10:03:50 INFO  : Successfully retargeted Application /home3/shared/chapman44/cheshire/platform/zynqmp_fsbl
10:03:50 INFO  : lopper command to build baremetal application :empyro build_app --src_dir /home3/shared/chapman44/cheshire/platform/zynqmp_fsbl --build_dir /home3/shared/chapman44/cheshire/platform/zynqmp_fsbl/build
10:03:50 INFO  : bash, -c, empyro build_app --src_dir /home3/shared/chapman44/cheshire/platform/zynqmp_fsbl --build_dir /home3/shared/chapman44/cheshire/platform/zynqmp_fsbl/build
10:03:53 INFO  : Successfully building the baremetal application/home3/shared/chapman44/cheshire/platform/zynqmp_fsbl/build
10:03:53 INFO  : Generating Export directory
10:03:53 INFO  : Platform Build Finished successfully.
10:03:54 INFO  : lopper command to retarget baremetal application :empyro retarget_app -s /home3/shared/chapman44/cheshire/app_component/src -d /home3/shared/chapman44/cheshire/platform/export/platform/sw/standalone_psu_cortexa53_0 -b /home3/shared/chapman44/cheshire/app_component/build
10:03:54 INFO  : bash, -c, empyro retarget_app -s /home3/shared/chapman44/cheshire/app_component/src -d /home3/shared/chapman44/cheshire/platform/export/platform/sw/standalone_psu_cortexa53_0 -b /home3/shared/chapman44/cheshire/app_component/build
10:03:54 INFO  : [INFO]: Retargeting app
10:03:54 INFO  : [INFO]: Updating link libraries based on new domain
10:03:54 INFO  : Successfully retargeted Application /home3/shared/chapman44/cheshire/app_component/src
10:03:54 INFO  : Initiating build for the app_component component.
10:03:54 INFO  : bash, -c, empyro build_app -s /home3/shared/chapman44/cheshire/app_component/src -b /home3/shared/chapman44/cheshire/app_component/build
10:03:54 INFO  : Command: bash -c unset CC CXX ;empyro build_app -s /home3/shared/chapman44/cheshire/app_component/src -b /home3/shared/chapman44/cheshire/app_component/build
10:03:56 INFO  : connect -url tcp:127.0.0.1:3121
10:03:56 INFO  : bpremove -all
10:03:56 INFO  : source /home3/CAD/Vitis2025_2/2025.2/Vitis/scripts/vitis/util/zynqmp_utils.tcl
10:03:56 INFO  : Context for 'APU' is selected.
10:03:57 INFO  : System reset is completed.
10:04:00 INFO  : 'after 3000' command is executed.
10:04:00 INFO  : 'targets -set -filter {jtag_cable_name =~ "Platform Cable USB II 00001a50030301" && level==0 && jtag_device_ctx=="jsn-DLC10-00001a50030301-24738093-0"}' command is executed.
10:05:14 INFO  : Device configured successfully with "/home3/shared/chapman44/cheshire/app_component/_ide/bitstream/connect_top.bit"
10:05:14 INFO  : targets -set -nocase -filter {name =~"PSU*" && jtag_cable_name =~ "Platform Cable USB II 00001a50030301" && jtag_device_ctx=="jsn-DLC10-00001a50030301-5ba00477-0"}
10:05:14 INFO  : catch {disable_pmu_gate}
10:05:14 INFO  : targets -set -nocase -filter {name =~"APU*" && jtag_cable_name =~ "Platform Cable USB II 00001a50030301" && jtag_device_ctx=="jsn-DLC10-00001a50030301-5ba00477-0"}
10:05:20 INFO  : loadhw -hw /home3/shared/chapman44/cheshire/platform/export/platform/hw/connect_top.xsa -mem-ranges [list {0x80000000 0xbfffffff} {0x400000000 0x5ffffffff} {0x1000000000 0x7fffffffff}]
10:05:20 INFO  : configparams force-mem-access 1
10:05:20 INFO  : targets -set -nocase -filter {name =~"APU*" && jtag_cable_name =~ "Platform Cable USB II 00001a50030301" && jtag_device_ctx=="jsn-DLC10-00001a50030301-5ba00477-0"}
10:05:20 INFO  : source /home3/CAD/Vitis2025_2/2025.2/Vitis/vitis-server/scripts/jtag_reg.tcl
10:05:20 INFO  : Boot mode is read from the target.
10:05:20 INFO  : Boot mode of the target is set to jtag.
10:05:20 INFO  : targets -set -nocase -filter {name =~ "*A53*#0" && jtag_cable_name =~ "Platform Cable USB II 00001a50030301" && jtag_device_ctx=="jsn-DLC10-00001a50030301-5ba00477-0"}
10:05:21 INFO  : rst -processor
10:05:27 INFO  : dow /home3/shared/chapman44/cheshire/platform/export/platform/sw/boot/fsbl.elf
10:05:27 INFO  : set bp_5_27_fsbl_bp [bpadd -addr &XFsbl_Exit]
10:05:28 INFO  : con -block -timeout 60
10:05:28 INFO  : bpremove $bp_5_27_fsbl_bp
10:05:28 INFO  : targets -set -nocase -filter {name =~ "*A53*#0" && jtag_cable_name =~ "Platform Cable USB II 00001a50030301" && jtag_device_ctx=="jsn-DLC10-00001a50030301-5ba00477-0"}
10:05:28 INFO  : rst -processor
10:05:34 INFO  : dow /home3/shared/chapman44/cheshire/app_component/build/app_component.elf
10:05:34 INFO  : con
10:05:34 INFO  : configparams force-mem-access 0
10:05:35 INFO  : Testing the connection for 127.0.0.1
10:05:57 INFO  : disconnect
10:06:54 INFO  : BSP build will be initiated for Domain zynqmp_fsbl
10:06:54 INFO  : BSP build will be initiated for Domain standalone_psu_cortexa53_0
10:06:54 INFO  : Generating BSP for the domain /home3/shared/chapman44/cheshire/platform/zynqmp_fsbl/zynqmp_fsbl_bsp
10:06:54 INFO  : Generating BSP for the domain /home3/shared/chapman44/cheshire/platform/psu_cortexa53_0/standalone_psu_cortexa53_0/bsp
10:06:54 INFO  : lopper command to reconfigure BSP :empyro reconfig_bsp -d /home3/shared/chapman44/cheshire/platform/zynqmp_fsbl/zynqmp_fsbl_bsp
10:06:54 INFO  : lopper command to reconfigure BSP :empyro reconfig_bsp -d /home3/shared/chapman44/cheshire/platform/psu_cortexa53_0/standalone_psu_cortexa53_0/bsp
10:06:54 INFO  : bash, -c, empyro reconfig_bsp -d /home3/shared/chapman44/cheshire/platform/psu_cortexa53_0/standalone_psu_cortexa53_0/bsp
10:06:54 INFO  : bash, -c, empyro reconfig_bsp -d /home3/shared/chapman44/cheshire/platform/zynqmp_fsbl/zynqmp_fsbl_bsp
10:06:55 INFO  : Domain reconfigured successfully
10:06:55 INFO  : Generating BSP for the domain /home3/shared/chapman44/cheshire/platform/psu_cortexa53_0/standalone_psu_cortexa53_0/bsp
10:06:55 INFO  : lopper command to build BSP :empyro build_bsp -d /home3/shared/chapman44/cheshire/platform/psu_cortexa53_0/standalone_psu_cortexa53_0/bsp
10:06:55 INFO  : bash, -c, empyro build_bsp -d /home3/shared/chapman44/cheshire/platform/psu_cortexa53_0/standalone_psu_cortexa53_0/bsp
10:06:55 INFO  : Domain reconfigured successfully
10:06:55 INFO  : Generating BSP for the domain /home3/shared/chapman44/cheshire/platform/zynqmp_fsbl/zynqmp_fsbl_bsp
10:06:55 INFO  : lopper command to build BSP :empyro build_bsp -d /home3/shared/chapman44/cheshire/platform/zynqmp_fsbl/zynqmp_fsbl_bsp
10:06:55 INFO  : bash, -c, empyro build_bsp -d /home3/shared/chapman44/cheshire/platform/zynqmp_fsbl/zynqmp_fsbl_bsp
10:06:55 INFO  : Domain build successfully
10:06:55 INFO  : Domain build successfully
10:06:55 INFO  : Generating Boot ELFs
10:06:55 INFO  : lopper command to retarget baremetal application :empyro retarget_app -s /home3/shared/chapman44/cheshire/platform/zynqmp_fsbl -d /home3/shared/chapman44/cheshire/platform/zynqmp_fsbl/zynqmp_fsbl_bsp -b /home3/shared/chapman44/cheshire/platform/zynqmp_fsbl/build
10:06:55 INFO  : bash, -c, empyro retarget_app -s /home3/shared/chapman44/cheshire/platform/zynqmp_fsbl -d /home3/shared/chapman44/cheshire/platform/zynqmp_fsbl/zynqmp_fsbl_bsp -b /home3/shared/chapman44/cheshire/platform/zynqmp_fsbl/build
10:06:55 INFO  : [INFO]: Retargeting app
10:06:55 INFO  : [INFO]: Updating link libraries based on new domain
10:06:55 INFO  : Successfully retargeted Application /home3/shared/chapman44/cheshire/platform/zynqmp_fsbl
10:06:55 INFO  : lopper command to build baremetal application :empyro build_app --src_dir /home3/shared/chapman44/cheshire/platform/zynqmp_fsbl --build_dir /home3/shared/chapman44/cheshire/platform/zynqmp_fsbl/build
10:06:55 INFO  : bash, -c, empyro build_app --src_dir /home3/shared/chapman44/cheshire/platform/zynqmp_fsbl --build_dir /home3/shared/chapman44/cheshire/platform/zynqmp_fsbl/build
10:06:58 INFO  : Successfully building the baremetal application/home3/shared/chapman44/cheshire/platform/zynqmp_fsbl/build
10:06:58 INFO  : Generating Export directory
10:06:58 INFO  : Platform Build Finished successfully.
10:06:59 INFO  : lopper command to retarget baremetal application :empyro retarget_app -s /home3/shared/chapman44/cheshire/app_component/src -d /home3/shared/chapman44/cheshire/platform/export/platform/sw/standalone_psu_cortexa53_0 -b /home3/shared/chapman44/cheshire/app_component/build
10:06:59 INFO  : bash, -c, empyro retarget_app -s /home3/shared/chapman44/cheshire/app_component/src -d /home3/shared/chapman44/cheshire/platform/export/platform/sw/standalone_psu_cortexa53_0 -b /home3/shared/chapman44/cheshire/app_component/build
10:06:59 INFO  : [INFO]: Retargeting app
10:06:59 INFO  : [INFO]: Updating link libraries based on new domain
10:06:59 INFO  : Successfully retargeted Application /home3/shared/chapman44/cheshire/app_component/src
10:06:59 INFO  : Initiating build for the app_component component.
10:06:59 INFO  : bash, -c, empyro build_app -s /home3/shared/chapman44/cheshire/app_component/src -b /home3/shared/chapman44/cheshire/app_component/build
10:06:59 INFO  : Command: bash -c unset CC CXX ;empyro build_app -s /home3/shared/chapman44/cheshire/app_component/src -b /home3/shared/chapman44/cheshire/app_component/build
10:06:59 ERROR : app_component build failed. 
10:07:39 INFO  : BSP build will be initiated for Domain standalone_psu_cortexa53_0
10:07:39 INFO  : BSP build will be initiated for Domain zynqmp_fsbl
10:07:39 INFO  : Generating BSP for the domain /home3/shared/chapman44/cheshire/platform/zynqmp_fsbl/zynqmp_fsbl_bsp
10:07:39 INFO  : Generating BSP for the domain /home3/shared/chapman44/cheshire/platform/psu_cortexa53_0/standalone_psu_cortexa53_0/bsp
10:07:39 INFO  : lopper command to reconfigure BSP :empyro reconfig_bsp -d /home3/shared/chapman44/cheshire/platform/zynqmp_fsbl/zynqmp_fsbl_bsp
10:07:39 INFO  : lopper command to reconfigure BSP :empyro reconfig_bsp -d /home3/shared/chapman44/cheshire/platform/psu_cortexa53_0/standalone_psu_cortexa53_0/bsp
10:07:39 INFO  : bash, -c, empyro reconfig_bsp -d /home3/shared/chapman44/cheshire/platform/psu_cortexa53_0/standalone_psu_cortexa53_0/bsp
10:07:39 INFO  : bash, -c, empyro reconfig_bsp -d /home3/shared/chapman44/cheshire/platform/zynqmp_fsbl/zynqmp_fsbl_bsp
10:07:39 INFO  : Domain reconfigured successfully
10:07:39 INFO  : Generating BSP for the domain /home3/shared/chapman44/cheshire/platform/psu_cortexa53_0/standalone_psu_cortexa53_0/bsp
10:07:39 INFO  : lopper command to build BSP :empyro build_bsp -d /home3/shared/chapman44/cheshire/platform/psu_cortexa53_0/standalone_psu_cortexa53_0/bsp
10:07:39 INFO  : bash, -c, empyro build_bsp -d /home3/shared/chapman44/cheshire/platform/psu_cortexa53_0/standalone_psu_cortexa53_0/bsp
10:07:39 INFO  : Domain reconfigured successfully
10:07:39 INFO  : Generating BSP for the domain /home3/shared/chapman44/cheshire/platform/zynqmp_fsbl/zynqmp_fsbl_bsp
10:07:39 INFO  : lopper command to build BSP :empyro build_bsp -d /home3/shared/chapman44/cheshire/platform/zynqmp_fsbl/zynqmp_fsbl_bsp
10:07:39 INFO  : bash, -c, empyro build_bsp -d /home3/shared/chapman44/cheshire/platform/zynqmp_fsbl/zynqmp_fsbl_bsp
10:07:39 INFO  : Domain build successfully
10:07:39 INFO  : Domain build successfully
10:07:39 INFO  : Generating Boot ELFs
10:07:39 INFO  : lopper command to retarget baremetal application :empyro retarget_app -s /home3/shared/chapman44/cheshire/platform/zynqmp_fsbl -d /home3/shared/chapman44/cheshire/platform/zynqmp_fsbl/zynqmp_fsbl_bsp -b /home3/shared/chapman44/cheshire/platform/zynqmp_fsbl/build
10:07:39 INFO  : bash, -c, empyro retarget_app -s /home3/shared/chapman44/cheshire/platform/zynqmp_fsbl -d /home3/shared/chapman44/cheshire/platform/zynqmp_fsbl/zynqmp_fsbl_bsp -b /home3/shared/chapman44/cheshire/platform/zynqmp_fsbl/build
10:07:40 INFO  : [INFO]: Retargeting app
10:07:40 INFO  : [INFO]: Updating link libraries based on new domain
10:07:40 INFO  : Successfully retargeted Application /home3/shared/chapman44/cheshire/platform/zynqmp_fsbl
10:07:40 INFO  : lopper command to build baremetal application :empyro build_app --src_dir /home3/shared/chapman44/cheshire/platform/zynqmp_fsbl --build_dir /home3/shared/chapman44/cheshire/platform/zynqmp_fsbl/build
10:07:40 INFO  : bash, -c, empyro build_app --src_dir /home3/shared/chapman44/cheshire/platform/zynqmp_fsbl --build_dir /home3/shared/chapman44/cheshire/platform/zynqmp_fsbl/build
10:07:42 INFO  : Successfully building the baremetal application/home3/shared/chapman44/cheshire/platform/zynqmp_fsbl/build
10:07:42 INFO  : Generating Export directory
10:07:42 INFO  : Platform Build Finished successfully.
10:07:43 INFO  : lopper command to retarget baremetal application :empyro retarget_app -s /home3/shared/chapman44/cheshire/app_component/src -d /home3/shared/chapman44/cheshire/platform/export/platform/sw/standalone_psu_cortexa53_0 -b /home3/shared/chapman44/cheshire/app_component/build
10:07:43 INFO  : bash, -c, empyro retarget_app -s /home3/shared/chapman44/cheshire/app_component/src -d /home3/shared/chapman44/cheshire/platform/export/platform/sw/standalone_psu_cortexa53_0 -b /home3/shared/chapman44/cheshire/app_component/build
10:07:43 INFO  : [INFO]: Retargeting app
10:07:43 INFO  : [INFO]: Updating link libraries based on new domain
10:07:43 INFO  : Successfully retargeted Application /home3/shared/chapman44/cheshire/app_component/src
10:07:43 INFO  : Initiating build for the app_component component.
10:07:43 INFO  : bash, -c, empyro build_app -s /home3/shared/chapman44/cheshire/app_component/src -b /home3/shared/chapman44/cheshire/app_component/build
10:07:43 INFO  : Command: bash -c unset CC CXX ;empyro build_app -s /home3/shared/chapman44/cheshire/app_component/src -b /home3/shared/chapman44/cheshire/app_component/build
10:07:46 INFO  : connect -url tcp:127.0.0.1:3121
10:07:46 INFO  : bpremove -all
10:07:46 INFO  : source /home3/CAD/Vitis2025_2/2025.2/Vitis/scripts/vitis/util/zynqmp_utils.tcl
10:07:46 INFO  : Context for 'APU' is selected.
10:07:47 INFO  : System reset is completed.
10:07:50 INFO  : 'after 3000' command is executed.
10:07:50 INFO  : 'targets -set -filter {jtag_cable_name =~ "Platform Cable USB II 00001a50030301" && level==0 && jtag_device_ctx=="jsn-DLC10-00001a50030301-24738093-0"}' command is executed.
10:09:04 INFO  : Device configured successfully with "/home3/shared/chapman44/cheshire/app_component/_ide/bitstream/connect_top.bit"
10:09:04 INFO  : targets -set -nocase -filter {name =~"PSU*" && jtag_cable_name =~ "Platform Cable USB II 00001a50030301" && jtag_device_ctx=="jsn-DLC10-00001a50030301-5ba00477-0"}
10:09:04 INFO  : catch {disable_pmu_gate}
10:09:04 INFO  : targets -set -nocase -filter {name =~"APU*" && jtag_cable_name =~ "Platform Cable USB II 00001a50030301" && jtag_device_ctx=="jsn-DLC10-00001a50030301-5ba00477-0"}
10:09:11 INFO  : loadhw -hw /home3/shared/chapman44/cheshire/platform/export/platform/hw/connect_top.xsa -mem-ranges [list {0x80000000 0xbfffffff} {0x400000000 0x5ffffffff} {0x1000000000 0x7fffffffff}]
10:09:11 INFO  : configparams force-mem-access 1
10:09:11 INFO  : targets -set -nocase -filter {name =~"APU*" && jtag_cable_name =~ "Platform Cable USB II 00001a50030301" && jtag_device_ctx=="jsn-DLC10-00001a50030301-5ba00477-0"}
10:09:11 INFO  : source /home3/CAD/Vitis2025_2/2025.2/Vitis/vitis-server/scripts/jtag_reg.tcl
10:09:11 INFO  : Boot mode is read from the target.
10:09:11 INFO  : Boot mode of the target is set to jtag.
10:09:11 INFO  : targets -set -nocase -filter {name =~ "*A53*#0" && jtag_cable_name =~ "Platform Cable USB II 00001a50030301" && jtag_device_ctx=="jsn-DLC10-00001a50030301-5ba00477-0"}
10:09:11 INFO  : rst -processor
10:09:17 INFO  : dow /home3/shared/chapman44/cheshire/platform/export/platform/sw/boot/fsbl.elf
10:09:17 INFO  : set bp_9_17_fsbl_bp [bpadd -addr &XFsbl_Exit]
10:09:18 INFO  : con -block -timeout 60
10:09:18 INFO  : bpremove $bp_9_17_fsbl_bp
10:09:18 INFO  : targets -set -nocase -filter {name =~ "*A53*#0" && jtag_cable_name =~ "Platform Cable USB II 00001a50030301" && jtag_device_ctx=="jsn-DLC10-00001a50030301-5ba00477-0"}
10:09:18 INFO  : rst -processor
10:09:24 INFO  : dow /home3/shared/chapman44/cheshire/app_component/build/app_component.elf
10:09:24 INFO  : con
10:09:24 INFO  : configparams force-mem-access 0
10:09:25 INFO  : Testing the connection for 127.0.0.1
10:09:50 INFO  : BSP build will be initiated for Domain zynqmp_fsbl
10:09:50 INFO  : BSP build will be initiated for Domain standalone_psu_cortexa53_0
10:09:50 INFO  : Generating BSP for the domain /home3/shared/chapman44/cheshire/platform/zynqmp_fsbl/zynqmp_fsbl_bsp
10:09:50 INFO  : lopper command to reconfigure BSP :empyro reconfig_bsp -d /home3/shared/chapman44/cheshire/platform/zynqmp_fsbl/zynqmp_fsbl_bsp
10:09:50 INFO  : Generating BSP for the domain /home3/shared/chapman44/cheshire/platform/psu_cortexa53_0/standalone_psu_cortexa53_0/bsp
10:09:50 INFO  : lopper command to reconfigure BSP :empyro reconfig_bsp -d /home3/shared/chapman44/cheshire/platform/psu_cortexa53_0/standalone_psu_cortexa53_0/bsp
10:09:50 INFO  : bash, -c, empyro reconfig_bsp -d /home3/shared/chapman44/cheshire/platform/zynqmp_fsbl/zynqmp_fsbl_bsp
10:09:50 INFO  : bash, -c, empyro reconfig_bsp -d /home3/shared/chapman44/cheshire/platform/psu_cortexa53_0/standalone_psu_cortexa53_0/bsp
10:09:51 INFO  : Domain reconfigured successfully
10:09:51 INFO  : Generating BSP for the domain /home3/shared/chapman44/cheshire/platform/psu_cortexa53_0/standalone_psu_cortexa53_0/bsp
10:09:51 INFO  : lopper command to build BSP :empyro build_bsp -d /home3/shared/chapman44/cheshire/platform/psu_cortexa53_0/standalone_psu_cortexa53_0/bsp
10:09:51 INFO  : bash, -c, empyro build_bsp -d /home3/shared/chapman44/cheshire/platform/psu_cortexa53_0/standalone_psu_cortexa53_0/bsp
10:09:51 INFO  : Domain reconfigured successfully
10:09:51 INFO  : Generating BSP for the domain /home3/shared/chapman44/cheshire/platform/zynqmp_fsbl/zynqmp_fsbl_bsp
10:09:51 INFO  : lopper command to build BSP :empyro build_bsp -d /home3/shared/chapman44/cheshire/platform/zynqmp_fsbl/zynqmp_fsbl_bsp
10:09:51 INFO  : bash, -c, empyro build_bsp -d /home3/shared/chapman44/cheshire/platform/zynqmp_fsbl/zynqmp_fsbl_bsp
10:09:51 INFO  : Domain build successfully
10:09:51 INFO  : Domain build successfully
10:09:51 INFO  : Generating Boot ELFs
10:09:51 INFO  : lopper command to retarget baremetal application :empyro retarget_app -s /home3/shared/chapman44/cheshire/platform/zynqmp_fsbl -d /home3/shared/chapman44/cheshire/platform/zynqmp_fsbl/zynqmp_fsbl_bsp -b /home3/shared/chapman44/cheshire/platform/zynqmp_fsbl/build
10:09:51 INFO  : bash, -c, empyro retarget_app -s /home3/shared/chapman44/cheshire/platform/zynqmp_fsbl -d /home3/shared/chapman44/cheshire/platform/zynqmp_fsbl/zynqmp_fsbl_bsp -b /home3/shared/chapman44/cheshire/platform/zynqmp_fsbl/build
10:09:51 INFO  : disconnect
10:09:51 INFO  : [INFO]: Retargeting app
10:09:51 INFO  : [INFO]: Updating link libraries based on new domain
10:09:51 INFO  : Successfully retargeted Application /home3/shared/chapman44/cheshire/platform/zynqmp_fsbl
10:09:51 INFO  : lopper command to build baremetal application :empyro build_app --src_dir /home3/shared/chapman44/cheshire/platform/zynqmp_fsbl --build_dir /home3/shared/chapman44/cheshire/platform/zynqmp_fsbl/build
10:09:51 INFO  : bash, -c, empyro build_app --src_dir /home3/shared/chapman44/cheshire/platform/zynqmp_fsbl --build_dir /home3/shared/chapman44/cheshire/platform/zynqmp_fsbl/build
10:09:54 INFO  : Successfully building the baremetal application/home3/shared/chapman44/cheshire/platform/zynqmp_fsbl/build
10:09:54 INFO  : Generating Export directory
10:09:54 INFO  : Platform Build Finished successfully.
10:09:54 INFO  : lopper command to retarget baremetal application :empyro retarget_app -s /home3/shared/chapman44/cheshire/app_component/src -d /home3/shared/chapman44/cheshire/platform/export/platform/sw/standalone_psu_cortexa53_0 -b /home3/shared/chapman44/cheshire/app_component/build
10:09:54 INFO  : bash, -c, empyro retarget_app -s /home3/shared/chapman44/cheshire/app_component/src -d /home3/shared/chapman44/cheshire/platform/export/platform/sw/standalone_psu_cortexa53_0 -b /home3/shared/chapman44/cheshire/app_component/build
10:09:55 INFO  : [INFO]: Retargeting app
10:09:55 INFO  : [INFO]: Updating link libraries based on new domain
10:09:55 INFO  : Successfully retargeted Application /home3/shared/chapman44/cheshire/app_component/src
10:09:55 INFO  : Initiating build for the app_component component.
10:09:55 INFO  : bash, -c, empyro build_app -s /home3/shared/chapman44/cheshire/app_component/src -b /home3/shared/chapman44/cheshire/app_component/build
10:09:55 INFO  : Command: bash -c unset CC CXX ;empyro build_app -s /home3/shared/chapman44/cheshire/app_component/src -b /home3/shared/chapman44/cheshire/app_component/build
10:10:03 INFO  : BSP build will be initiated for Domain zynqmp_fsbl
10:10:03 INFO  : BSP build will be initiated for Domain standalone_psu_cortexa53_0
10:10:03 INFO  : Generating BSP for the domain /home3/shared/chapman44/cheshire/platform/zynqmp_fsbl/zynqmp_fsbl_bsp
10:10:03 INFO  : Generating BSP for the domain /home3/shared/chapman44/cheshire/platform/psu_cortexa53_0/standalone_psu_cortexa53_0/bsp
10:10:03 INFO  : lopper command to reconfigure BSP :empyro reconfig_bsp -d /home3/shared/chapman44/cheshire/platform/zynqmp_fsbl/zynqmp_fsbl_bsp
10:10:03 INFO  : lopper command to reconfigure BSP :empyro reconfig_bsp -d /home3/shared/chapman44/cheshire/platform/psu_cortexa53_0/standalone_psu_cortexa53_0/bsp
10:10:03 INFO  : bash, -c, empyro reconfig_bsp -d /home3/shared/chapman44/cheshire/platform/zynqmp_fsbl/zynqmp_fsbl_bsp
10:10:03 INFO  : bash, -c, empyro reconfig_bsp -d /home3/shared/chapman44/cheshire/platform/psu_cortexa53_0/standalone_psu_cortexa53_0/bsp
10:10:03 INFO  : Domain reconfigured successfully
10:10:03 INFO  : Generating BSP for the domain /home3/shared/chapman44/cheshire/platform/psu_cortexa53_0/standalone_psu_cortexa53_0/bsp
10:10:03 INFO  : lopper command to build BSP :empyro build_bsp -d /home3/shared/chapman44/cheshire/platform/psu_cortexa53_0/standalone_psu_cortexa53_0/bsp
10:10:03 INFO  : bash, -c, empyro build_bsp -d /home3/shared/chapman44/cheshire/platform/psu_cortexa53_0/standalone_psu_cortexa53_0/bsp
10:10:03 INFO  : Domain reconfigured successfully
10:10:03 INFO  : Generating BSP for the domain /home3/shared/chapman44/cheshire/platform/zynqmp_fsbl/zynqmp_fsbl_bsp
10:10:03 INFO  : lopper command to build BSP :empyro build_bsp -d /home3/shared/chapman44/cheshire/platform/zynqmp_fsbl/zynqmp_fsbl_bsp
10:10:03 INFO  : bash, -c, empyro build_bsp -d /home3/shared/chapman44/cheshire/platform/zynqmp_fsbl/zynqmp_fsbl_bsp
10:10:04 INFO  : Domain build successfully
10:10:04 INFO  : Domain build successfully
10:10:04 INFO  : Generating Boot ELFs
10:10:04 INFO  : lopper command to retarget baremetal application :empyro retarget_app -s /home3/shared/chapman44/cheshire/platform/zynqmp_fsbl -d /home3/shared/chapman44/cheshire/platform/zynqmp_fsbl/zynqmp_fsbl_bsp -b /home3/shared/chapman44/cheshire/platform/zynqmp_fsbl/build
10:10:04 INFO  : bash, -c, empyro retarget_app -s /home3/shared/chapman44/cheshire/platform/zynqmp_fsbl -d /home3/shared/chapman44/cheshire/platform/zynqmp_fsbl/zynqmp_fsbl_bsp -b /home3/shared/chapman44/cheshire/platform/zynqmp_fsbl/build
10:10:04 INFO  : [INFO]: Retargeting app
10:10:04 INFO  : [INFO]: Updating link libraries based on new domain
10:10:04 INFO  : Successfully retargeted Application /home3/shared/chapman44/cheshire/platform/zynqmp_fsbl
10:10:04 INFO  : lopper command to build baremetal application :empyro build_app --src_dir /home3/shared/chapman44/cheshire/platform/zynqmp_fsbl --build_dir /home3/shared/chapman44/cheshire/platform/zynqmp_fsbl/build
10:10:04 INFO  : bash, -c, empyro build_app --src_dir /home3/shared/chapman44/cheshire/platform/zynqmp_fsbl --build_dir /home3/shared/chapman44/cheshire/platform/zynqmp_fsbl/build
10:10:07 INFO  : Successfully building the baremetal application/home3/shared/chapman44/cheshire/platform/zynqmp_fsbl/build
10:10:07 INFO  : Generating Export directory
10:10:07 INFO  : Platform Build Finished successfully.
10:10:07 INFO  : lopper command to retarget baremetal application :empyro retarget_app -s /home3/shared/chapman44/cheshire/app_component/src -d /home3/shared/chapman44/cheshire/platform/export/platform/sw/standalone_psu_cortexa53_0 -b /home3/shared/chapman44/cheshire/app_component/build
10:10:07 INFO  : bash, -c, empyro retarget_app -s /home3/shared/chapman44/cheshire/app_component/src -d /home3/shared/chapman44/cheshire/platform/export/platform/sw/standalone_psu_cortexa53_0 -b /home3/shared/chapman44/cheshire/app_component/build
10:10:07 INFO  : [INFO]: Retargeting app
10:10:07 INFO  : [INFO]: Updating link libraries based on new domain
10:10:07 INFO  : Successfully retargeted Application /home3/shared/chapman44/cheshire/app_component/src
10:10:07 INFO  : Initiating build for the app_component component.
10:10:07 INFO  : bash, -c, empyro build_app -s /home3/shared/chapman44/cheshire/app_component/src -b /home3/shared/chapman44/cheshire/app_component/build
10:10:07 INFO  : Command: bash -c unset CC CXX ;empyro build_app -s /home3/shared/chapman44/cheshire/app_component/src -b /home3/shared/chapman44/cheshire/app_component/build
10:10:09 INFO  : connect -url tcp:127.0.0.1:3121
10:10:09 INFO  : bpremove -all
10:10:09 INFO  : source /home3/CAD/Vitis2025_2/2025.2/Vitis/scripts/vitis/util/zynqmp_utils.tcl
10:10:10 INFO  : Context for 'APU' is selected.
10:10:10 INFO  : System reset is completed.
10:10:13 INFO  : 'after 3000' command is executed.
10:10:13 INFO  : 'targets -set -filter {jtag_cable_name =~ "Platform Cable USB II 00001a50030301" && level==0 && jtag_device_ctx=="jsn-DLC10-00001a50030301-24738093-0"}' command is executed.
10:11:27 INFO  : Device configured successfully with "/home3/shared/chapman44/cheshire/app_component/_ide/bitstream/connect_top.bit"
10:11:27 INFO  : targets -set -nocase -filter {name =~"PSU*" && jtag_cable_name =~ "Platform Cable USB II 00001a50030301" && jtag_device_ctx=="jsn-DLC10-00001a50030301-5ba00477-0"}
10:11:27 INFO  : catch {disable_pmu_gate}
10:11:27 INFO  : targets -set -nocase -filter {name =~"APU*" && jtag_cable_name =~ "Platform Cable USB II 00001a50030301" && jtag_device_ctx=="jsn-DLC10-00001a50030301-5ba00477-0"}
10:11:33 INFO  : loadhw -hw /home3/shared/chapman44/cheshire/platform/export/platform/hw/connect_top.xsa -mem-ranges [list {0x80000000 0xbfffffff} {0x400000000 0x5ffffffff} {0x1000000000 0x7fffffffff}]
10:11:33 INFO  : configparams force-mem-access 1
10:11:33 INFO  : targets -set -nocase -filter {name =~"APU*" && jtag_cable_name =~ "Platform Cable USB II 00001a50030301" && jtag_device_ctx=="jsn-DLC10-00001a50030301-5ba00477-0"}
10:11:33 INFO  : source /home3/CAD/Vitis2025_2/2025.2/Vitis/vitis-server/scripts/jtag_reg.tcl
10:11:33 INFO  : Boot mode is read from the target.
10:11:33 INFO  : Boot mode of the target is set to jtag.
10:11:33 INFO  : targets -set -nocase -filter {name =~ "*A53*#0" && jtag_cable_name =~ "Platform Cable USB II 00001a50030301" && jtag_device_ctx=="jsn-DLC10-00001a50030301-5ba00477-0"}
10:11:34 INFO  : rst -processor
10:11:39 INFO  : dow /home3/shared/chapman44/cheshire/platform/export/platform/sw/boot/fsbl.elf
10:11:39 INFO  : set bp_11_39_fsbl_bp [bpadd -addr &XFsbl_Exit]
10:11:40 INFO  : con -block -timeout 60
10:11:40 INFO  : bpremove $bp_11_39_fsbl_bp
10:11:40 INFO  : targets -set -nocase -filter {name =~ "*A53*#0" && jtag_cable_name =~ "Platform Cable USB II 00001a50030301" && jtag_device_ctx=="jsn-DLC10-00001a50030301-5ba00477-0"}
10:11:40 INFO  : rst -processor
10:11:46 INFO  : dow /home3/shared/chapman44/cheshire/app_component/build/app_component.elf
10:11:46 INFO  : con
10:11:46 INFO  : configparams force-mem-access 0
10:11:47 INFO  : Testing the connection for 127.0.0.1
10:12:10 INFO  : disconnect
10:12:11 INFO  : BSP build will be initiated for Domain standalone_psu_cortexa53_0
10:12:11 INFO  : BSP build will be initiated for Domain zynqmp_fsbl
10:12:11 INFO  : Generating BSP for the domain /home3/shared/chapman44/cheshire/platform/psu_cortexa53_0/standalone_psu_cortexa53_0/bsp
10:12:11 INFO  : Generating BSP for the domain /home3/shared/chapman44/cheshire/platform/zynqmp_fsbl/zynqmp_fsbl_bsp
10:12:11 INFO  : lopper command to reconfigure BSP :empyro reconfig_bsp -d /home3/shared/chapman44/cheshire/platform/psu_cortexa53_0/standalone_psu_cortexa53_0/bsp
10:12:11 INFO  : lopper command to reconfigure BSP :empyro reconfig_bsp -d /home3/shared/chapman44/cheshire/platform/zynqmp_fsbl/zynqmp_fsbl_bsp
10:12:11 INFO  : bash, -c, empyro reconfig_bsp -d /home3/shared/chapman44/cheshire/platform/zynqmp_fsbl/zynqmp_fsbl_bsp
10:12:11 INFO  : bash, -c, empyro reconfig_bsp -d /home3/shared/chapman44/cheshire/platform/psu_cortexa53_0/standalone_psu_cortexa53_0/bsp
10:12:11 INFO  : Domain reconfigured successfully
10:12:11 INFO  : Generating BSP for the domain /home3/shared/chapman44/cheshire/platform/psu_cortexa53_0/standalone_psu_cortexa53_0/bsp
10:12:11 INFO  : lopper command to build BSP :empyro build_bsp -d /home3/shared/chapman44/cheshire/platform/psu_cortexa53_0/standalone_psu_cortexa53_0/bsp
10:12:11 INFO  : bash, -c, empyro build_bsp -d /home3/shared/chapman44/cheshire/platform/psu_cortexa53_0/standalone_psu_cortexa53_0/bsp
10:12:11 INFO  : Domain reconfigured successfully
10:12:11 INFO  : Generating BSP for the domain /home3/shared/chapman44/cheshire/platform/zynqmp_fsbl/zynqmp_fsbl_bsp
10:12:11 INFO  : lopper command to build BSP :empyro build_bsp -d /home3/shared/chapman44/cheshire/platform/zynqmp_fsbl/zynqmp_fsbl_bsp
10:12:11 INFO  : bash, -c, empyro build_bsp -d /home3/shared/chapman44/cheshire/platform/zynqmp_fsbl/zynqmp_fsbl_bsp
10:12:12 INFO  : Domain build successfully
10:12:12 INFO  : Domain build successfully
10:12:12 INFO  : Generating Boot ELFs
10:12:12 INFO  : lopper command to retarget baremetal application :empyro retarget_app -s /home3/shared/chapman44/cheshire/platform/zynqmp_fsbl -d /home3/shared/chapman44/cheshire/platform/zynqmp_fsbl/zynqmp_fsbl_bsp -b /home3/shared/chapman44/cheshire/platform/zynqmp_fsbl/build
10:12:12 INFO  : bash, -c, empyro retarget_app -s /home3/shared/chapman44/cheshire/platform/zynqmp_fsbl -d /home3/shared/chapman44/cheshire/platform/zynqmp_fsbl/zynqmp_fsbl_bsp -b /home3/shared/chapman44/cheshire/platform/zynqmp_fsbl/build
10:12:12 INFO  : [INFO]: Retargeting app
10:12:12 INFO  : [INFO]: Updating link libraries based on new domain
10:12:12 INFO  : Successfully retargeted Application /home3/shared/chapman44/cheshire/platform/zynqmp_fsbl
10:12:12 INFO  : lopper command to build baremetal application :empyro build_app --src_dir /home3/shared/chapman44/cheshire/platform/zynqmp_fsbl --build_dir /home3/shared/chapman44/cheshire/platform/zynqmp_fsbl/build
10:12:12 INFO  : bash, -c, empyro build_app --src_dir /home3/shared/chapman44/cheshire/platform/zynqmp_fsbl --build_dir /home3/shared/chapman44/cheshire/platform/zynqmp_fsbl/build
10:12:15 INFO  : Successfully building the baremetal application/home3/shared/chapman44/cheshire/platform/zynqmp_fsbl/build
10:12:15 INFO  : Generating Export directory
10:12:15 INFO  : Platform Build Finished successfully.
10:12:15 INFO  : lopper command to retarget baremetal application :empyro retarget_app -s /home3/shared/chapman44/cheshire/app_component/src -d /home3/shared/chapman44/cheshire/platform/export/platform/sw/standalone_psu_cortexa53_0 -b /home3/shared/chapman44/cheshire/app_component/build
10:12:15 INFO  : bash, -c, empyro retarget_app -s /home3/shared/chapman44/cheshire/app_component/src -d /home3/shared/chapman44/cheshire/platform/export/platform/sw/standalone_psu_cortexa53_0 -b /home3/shared/chapman44/cheshire/app_component/build
10:12:15 INFO  : [INFO]: Retargeting app
10:12:15 INFO  : [INFO]: Updating link libraries based on new domain
10:12:15 INFO  : Successfully retargeted Application /home3/shared/chapman44/cheshire/app_component/src
10:12:15 INFO  : Initiating build for the app_component component.
10:12:15 INFO  : bash, -c, empyro build_app -s /home3/shared/chapman44/cheshire/app_component/src -b /home3/shared/chapman44/cheshire/app_component/build
10:12:15 INFO  : Command: bash -c unset CC CXX ;empyro build_app -s /home3/shared/chapman44/cheshire/app_component/src -b /home3/shared/chapman44/cheshire/app_component/build
10:12:20 INFO  : connect -url tcp:127.0.0.1:3121
10:12:20 INFO  : bpremove -all
10:12:20 INFO  : source /home3/CAD/Vitis2025_2/2025.2/Vitis/scripts/vitis/util/zynqmp_utils.tcl
10:12:20 INFO  : Context for 'APU' is selected.
10:12:20 INFO  : System reset is completed.
10:12:23 INFO  : 'after 3000' command is executed.
10:12:23 INFO  : 'targets -set -filter {jtag_cable_name =~ "Platform Cable USB II 00001a50030301" && level==0 && jtag_device_ctx=="jsn-DLC10-00001a50030301-24738093-0"}' command is executed.
10:13:38 INFO  : Device configured successfully with "/home3/shared/chapman44/cheshire/app_component/_ide/bitstream/connect_top.bit"
10:13:38 INFO  : targets -set -nocase -filter {name =~"PSU*" && jtag_cable_name =~ "Platform Cable USB II 00001a50030301" && jtag_device_ctx=="jsn-DLC10-00001a50030301-5ba00477-0"}
10:13:38 INFO  : catch {disable_pmu_gate}
10:13:38 INFO  : targets -set -nocase -filter {name =~"APU*" && jtag_cable_name =~ "Platform Cable USB II 00001a50030301" && jtag_device_ctx=="jsn-DLC10-00001a50030301-5ba00477-0"}
10:13:44 INFO  : loadhw -hw /home3/shared/chapman44/cheshire/platform/export/platform/hw/connect_top.xsa -mem-ranges [list {0x80000000 0xbfffffff} {0x400000000 0x5ffffffff} {0x1000000000 0x7fffffffff}]
10:13:44 INFO  : configparams force-mem-access 1
10:13:44 INFO  : targets -set -nocase -filter {name =~"APU*" && jtag_cable_name =~ "Platform Cable USB II 00001a50030301" && jtag_device_ctx=="jsn-DLC10-00001a50030301-5ba00477-0"}
10:13:44 INFO  : source /home3/CAD/Vitis2025_2/2025.2/Vitis/vitis-server/scripts/jtag_reg.tcl
10:13:44 INFO  : Boot mode is read from the target.
10:13:44 INFO  : Boot mode of the target is set to jtag.
10:13:44 INFO  : targets -set -nocase -filter {name =~ "*A53*#0" && jtag_cable_name =~ "Platform Cable USB II 00001a50030301" && jtag_device_ctx=="jsn-DLC10-00001a50030301-5ba00477-0"}
10:13:44 INFO  : rst -processor
10:13:50 INFO  : dow /home3/shared/chapman44/cheshire/platform/export/platform/sw/boot/fsbl.elf
10:13:50 INFO  : set bp_13_50_fsbl_bp [bpadd -addr &XFsbl_Exit]
10:13:51 INFO  : con -block -timeout 60
10:13:51 INFO  : bpremove $bp_13_50_fsbl_bp
10:13:51 INFO  : targets -set -nocase -filter {name =~ "*A53*#0" && jtag_cable_name =~ "Platform Cable USB II 00001a50030301" && jtag_device_ctx=="jsn-DLC10-00001a50030301-5ba00477-0"}
10:13:51 INFO  : rst -processor
10:13:57 INFO  : dow /home3/shared/chapman44/cheshire/app_component/build/app_component.elf
10:13:57 INFO  : con
10:13:57 INFO  : configparams force-mem-access 0
10:13:58 INFO  : Testing the connection for 127.0.0.1
10:14:14 INFO  : disconnect
10:14:17 INFO  : connect -url tcp:127.0.0.1:3121
10:14:17 INFO  : bpremove -all
10:14:17 INFO  : source /home3/CAD/Vitis2025_2/2025.2/Vitis/scripts/vitis/util/zynqmp_utils.tcl
10:14:17 INFO  : Context for 'APU' is selected.
10:14:17 INFO  : System reset is completed.
10:14:20 INFO  : 'after 3000' command is executed.
10:14:20 INFO  : 'targets -set -filter {jtag_cable_name =~ "Platform Cable USB II 00001a50030301" && level==0 && jtag_device_ctx=="jsn-DLC10-00001a50030301-24738093-0"}' command is executed.
10:15:35 INFO  : Device configured successfully with "/home3/shared/chapman44/cheshire/app_component/_ide/bitstream/connect_top.bit"
10:15:35 INFO  : targets -set -nocase -filter {name =~"PSU*" && jtag_cable_name =~ "Platform Cable USB II 00001a50030301" && jtag_device_ctx=="jsn-DLC10-00001a50030301-5ba00477-0"}
10:15:35 INFO  : catch {disable_pmu_gate}
10:15:35 INFO  : targets -set -nocase -filter {name =~"APU*" && jtag_cable_name =~ "Platform Cable USB II 00001a50030301" && jtag_device_ctx=="jsn-DLC10-00001a50030301-5ba00477-0"}
10:15:41 INFO  : loadhw -hw /home3/shared/chapman44/cheshire/platform/export/platform/hw/connect_top.xsa -mem-ranges [list {0x80000000 0xbfffffff} {0x400000000 0x5ffffffff} {0x1000000000 0x7fffffffff}]
10:15:41 INFO  : configparams force-mem-access 1
10:15:41 INFO  : targets -set -nocase -filter {name =~"APU*" && jtag_cable_name =~ "Platform Cable USB II 00001a50030301" && jtag_device_ctx=="jsn-DLC10-00001a50030301-5ba00477-0"}
10:15:41 INFO  : source /home3/CAD/Vitis2025_2/2025.2/Vitis/vitis-server/scripts/jtag_reg.tcl
10:15:41 INFO  : Boot mode is read from the target.
10:15:41 INFO  : Boot mode of the target is set to jtag.
10:15:41 INFO  : targets -set -nocase -filter {name =~ "*A53*#0" && jtag_cable_name =~ "Platform Cable USB II 00001a50030301" && jtag_device_ctx=="jsn-DLC10-00001a50030301-5ba00477-0"}
10:15:42 INFO  : rst -processor
10:15:48 INFO  : dow /home3/shared/chapman44/cheshire/platform/export/platform/sw/boot/fsbl.elf
10:15:48 INFO  : set bp_15_48_fsbl_bp [bpadd -addr &XFsbl_Exit]
10:15:49 INFO  : con -block -timeout 60
10:15:49 INFO  : bpremove $bp_15_48_fsbl_bp
10:15:49 INFO  : targets -set -nocase -filter {name =~ "*A53*#0" && jtag_cable_name =~ "Platform Cable USB II 00001a50030301" && jtag_device_ctx=="jsn-DLC10-00001a50030301-5ba00477-0"}
10:15:49 INFO  : rst -processor
10:15:55 INFO  : dow /home3/shared/chapman44/cheshire/app_component/build/app_component.elf
10:15:55 INFO  : con
10:15:55 INFO  : configparams force-mem-access 0
10:15:56 INFO  : Testing the connection for 127.0.0.1
10:16:28 INFO  : disconnect
10:16:31 INFO  : BSP build will be initiated for Domain standalone_psu_cortexa53_0
10:16:31 INFO  : BSP build will be initiated for Domain zynqmp_fsbl
10:16:31 INFO  : Generating BSP for the domain /home3/shared/chapman44/cheshire/platform/psu_cortexa53_0/standalone_psu_cortexa53_0/bsp
10:16:31 INFO  : Generating BSP for the domain /home3/shared/chapman44/cheshire/platform/zynqmp_fsbl/zynqmp_fsbl_bsp
10:16:31 INFO  : lopper command to reconfigure BSP :empyro reconfig_bsp -d /home3/shared/chapman44/cheshire/platform/psu_cortexa53_0/standalone_psu_cortexa53_0/bsp
10:16:31 INFO  : lopper command to reconfigure BSP :empyro reconfig_bsp -d /home3/shared/chapman44/cheshire/platform/zynqmp_fsbl/zynqmp_fsbl_bsp
10:16:31 INFO  : bash, -c, empyro reconfig_bsp -d /home3/shared/chapman44/cheshire/platform/zynqmp_fsbl/zynqmp_fsbl_bsp
10:16:31 INFO  : bash, -c, empyro reconfig_bsp -d /home3/shared/chapman44/cheshire/platform/psu_cortexa53_0/standalone_psu_cortexa53_0/bsp
10:16:31 INFO  : Domain reconfigured successfully
10:16:31 INFO  : Generating BSP for the domain /home3/shared/chapman44/cheshire/platform/psu_cortexa53_0/standalone_psu_cortexa53_0/bsp
10:16:31 INFO  : lopper command to build BSP :empyro build_bsp -d /home3/shared/chapman44/cheshire/platform/psu_cortexa53_0/standalone_psu_cortexa53_0/bsp
10:16:31 INFO  : bash, -c, empyro build_bsp -d /home3/shared/chapman44/cheshire/platform/psu_cortexa53_0/standalone_psu_cortexa53_0/bsp
10:16:31 INFO  : Domain reconfigured successfully
10:16:31 INFO  : Generating BSP for the domain /home3/shared/chapman44/cheshire/platform/zynqmp_fsbl/zynqmp_fsbl_bsp
10:16:31 INFO  : lopper command to build BSP :empyro build_bsp -d /home3/shared/chapman44/cheshire/platform/zynqmp_fsbl/zynqmp_fsbl_bsp
10:16:31 INFO  : bash, -c, empyro build_bsp -d /home3/shared/chapman44/cheshire/platform/zynqmp_fsbl/zynqmp_fsbl_bsp
10:16:31 INFO  : Domain build successfully
10:16:31 INFO  : Domain build successfully
10:16:31 INFO  : Generating Boot ELFs
10:16:31 INFO  : lopper command to retarget baremetal application :empyro retarget_app -s /home3/shared/chapman44/cheshire/platform/zynqmp_fsbl -d /home3/shared/chapman44/cheshire/platform/zynqmp_fsbl/zynqmp_fsbl_bsp -b /home3/shared/chapman44/cheshire/platform/zynqmp_fsbl/build
10:16:31 INFO  : bash, -c, empyro retarget_app -s /home3/shared/chapman44/cheshire/platform/zynqmp_fsbl -d /home3/shared/chapman44/cheshire/platform/zynqmp_fsbl/zynqmp_fsbl_bsp -b /home3/shared/chapman44/cheshire/platform/zynqmp_fsbl/build
10:16:32 INFO  : [INFO]: Retargeting app
10:16:32 INFO  : [INFO]: Updating link libraries based on new domain
10:16:32 INFO  : Successfully retargeted Application /home3/shared/chapman44/cheshire/platform/zynqmp_fsbl
10:16:32 INFO  : lopper command to build baremetal application :empyro build_app --src_dir /home3/shared/chapman44/cheshire/platform/zynqmp_fsbl --build_dir /home3/shared/chapman44/cheshire/platform/zynqmp_fsbl/build
10:16:32 INFO  : bash, -c, empyro build_app --src_dir /home3/shared/chapman44/cheshire/platform/zynqmp_fsbl --build_dir /home3/shared/chapman44/cheshire/platform/zynqmp_fsbl/build
10:16:34 INFO  : Successfully building the baremetal application/home3/shared/chapman44/cheshire/platform/zynqmp_fsbl/build
10:16:34 INFO  : Generating Export directory
10:16:34 INFO  : Platform Build Finished successfully.
10:16:35 INFO  : connect -url tcp:127.0.0.1:3121
10:16:35 INFO  : bpremove -all
10:16:35 INFO  : source /home3/CAD/Vitis2025_2/2025.2/Vitis/scripts/vitis/util/zynqmp_utils.tcl
10:16:35 INFO  : Context for 'APU' is selected.
10:16:35 INFO  : lopper command to retarget baremetal application :empyro retarget_app -s /home3/shared/chapman44/cheshire/app_component/src -d /home3/shared/chapman44/cheshire/platform/export/platform/sw/standalone_psu_cortexa53_0 -b /home3/shared/chapman44/cheshire/app_component/build
10:16:35 INFO  : bash, -c, empyro retarget_app -s /home3/shared/chapman44/cheshire/app_component/src -d /home3/shared/chapman44/cheshire/platform/export/platform/sw/standalone_psu_cortexa53_0 -b /home3/shared/chapman44/cheshire/app_component/build
10:16:35 INFO  : [INFO]: Retargeting app
10:16:35 INFO  : [INFO]: Updating link libraries based on new domain
10:16:35 INFO  : Successfully retargeted Application /home3/shared/chapman44/cheshire/app_component/src
10:16:35 INFO  : Initiating build for the app_component component.
10:16:35 INFO  : bash, -c, empyro build_app -s /home3/shared/chapman44/cheshire/app_component/src -b /home3/shared/chapman44/cheshire/app_component/build
10:16:35 INFO  : Command: bash -c unset CC CXX ;empyro build_app -s /home3/shared/chapman44/cheshire/app_component/src -b /home3/shared/chapman44/cheshire/app_component/build
10:16:35 INFO  : System reset is completed.
10:16:38 INFO  : 'after 3000' command is executed.
10:16:38 INFO  : 'targets -set -filter {jtag_cable_name =~ "Platform Cable USB II 00001a50030301" && level==0 && jtag_device_ctx=="jsn-DLC10-00001a50030301-24738093-0"}' command is executed.
10:17:52 INFO  : Device configured successfully with "/home3/shared/chapman44/cheshire/app_component/_ide/bitstream/connect_top.bit"
10:17:53 INFO  : targets -set -nocase -filter {name =~"PSU*" && jtag_cable_name =~ "Platform Cable USB II 00001a50030301" && jtag_device_ctx=="jsn-DLC10-00001a50030301-5ba00477-0"}
10:17:53 INFO  : catch {disable_pmu_gate}
10:17:53 INFO  : targets -set -nocase -filter {name =~"APU*" && jtag_cable_name =~ "Platform Cable USB II 00001a50030301" && jtag_device_ctx=="jsn-DLC10-00001a50030301-5ba00477-0"}
10:17:59 INFO  : loadhw -hw /home3/shared/chapman44/cheshire/platform/export/platform/hw/connect_top.xsa -mem-ranges [list {0x80000000 0xbfffffff} {0x400000000 0x5ffffffff} {0x1000000000 0x7fffffffff}]
10:17:59 INFO  : configparams force-mem-access 1
10:17:59 INFO  : targets -set -nocase -filter {name =~"APU*" && jtag_cable_name =~ "Platform Cable USB II 00001a50030301" && jtag_device_ctx=="jsn-DLC10-00001a50030301-5ba00477-0"}
10:17:59 INFO  : source /home3/CAD/Vitis2025_2/2025.2/Vitis/vitis-server/scripts/jtag_reg.tcl
10:17:59 INFO  : Boot mode is read from the target.
10:17:59 INFO  : Boot mode of the target is set to jtag.
10:17:59 INFO  : targets -set -nocase -filter {name =~ "*A53*#0" && jtag_cable_name =~ "Platform Cable USB II 00001a50030301" && jtag_device_ctx=="jsn-DLC10-00001a50030301-5ba00477-0"}
10:17:59 INFO  : rst -processor
10:18:05 INFO  : dow /home3/shared/chapman44/cheshire/platform/export/platform/sw/boot/fsbl.elf
10:18:05 INFO  : set bp_18_5_fsbl_bp [bpadd -addr &XFsbl_Exit]
10:18:06 INFO  : con -block -timeout 60
10:18:06 INFO  : bpremove $bp_18_5_fsbl_bp
10:18:06 INFO  : targets -set -nocase -filter {name =~ "*A53*#0" && jtag_cable_name =~ "Platform Cable USB II 00001a50030301" && jtag_device_ctx=="jsn-DLC10-00001a50030301-5ba00477-0"}
10:18:06 INFO  : rst -processor
10:18:12 INFO  : dow /home3/shared/chapman44/cheshire/app_component/build/app_component.elf
10:18:12 INFO  : con
10:18:12 INFO  : configparams force-mem-access 0
10:18:13 INFO  : Testing the connection for 127.0.0.1
10:18:34 INFO  : disconnect
10:18:41 INFO  : BSP build will be initiated for Domain zynqmp_fsbl
10:18:41 INFO  : BSP build will be initiated for Domain standalone_psu_cortexa53_0
10:18:41 INFO  : Generating BSP for the domain /home3/shared/chapman44/cheshire/platform/zynqmp_fsbl/zynqmp_fsbl_bsp
10:18:41 INFO  : Generating BSP for the domain /home3/shared/chapman44/cheshire/platform/psu_cortexa53_0/standalone_psu_cortexa53_0/bsp
10:18:41 INFO  : lopper command to reconfigure BSP :empyro reconfig_bsp -d /home3/shared/chapman44/cheshire/platform/zynqmp_fsbl/zynqmp_fsbl_bsp
10:18:41 INFO  : lopper command to reconfigure BSP :empyro reconfig_bsp -d /home3/shared/chapman44/cheshire/platform/psu_cortexa53_0/standalone_psu_cortexa53_0/bsp
10:18:41 INFO  : bash, -c, empyro reconfig_bsp -d /home3/shared/chapman44/cheshire/platform/psu_cortexa53_0/standalone_psu_cortexa53_0/bsp
10:18:41 INFO  : bash, -c, empyro reconfig_bsp -d /home3/shared/chapman44/cheshire/platform/zynqmp_fsbl/zynqmp_fsbl_bsp
10:18:41 INFO  : Domain reconfigured successfully
10:18:41 INFO  : Generating BSP for the domain /home3/shared/chapman44/cheshire/platform/psu_cortexa53_0/standalone_psu_cortexa53_0/bsp
10:18:41 INFO  : lopper command to build BSP :empyro build_bsp -d /home3/shared/chapman44/cheshire/platform/psu_cortexa53_0/standalone_psu_cortexa53_0/bsp
10:18:41 INFO  : bash, -c, empyro build_bsp -d /home3/shared/chapman44/cheshire/platform/psu_cortexa53_0/standalone_psu_cortexa53_0/bsp
10:18:41 INFO  : Domain reconfigured successfully
10:18:41 INFO  : Generating BSP for the domain /home3/shared/chapman44/cheshire/platform/zynqmp_fsbl/zynqmp_fsbl_bsp
10:18:41 INFO  : lopper command to build BSP :empyro build_bsp -d /home3/shared/chapman44/cheshire/platform/zynqmp_fsbl/zynqmp_fsbl_bsp
10:18:41 INFO  : bash, -c, empyro build_bsp -d /home3/shared/chapman44/cheshire/platform/zynqmp_fsbl/zynqmp_fsbl_bsp
10:18:42 INFO  : Domain build successfully
10:18:42 INFO  : Domain build successfully
10:18:42 INFO  : Generating Boot ELFs
10:18:42 INFO  : lopper command to retarget baremetal application :empyro retarget_app -s /home3/shared/chapman44/cheshire/platform/zynqmp_fsbl -d /home3/shared/chapman44/cheshire/platform/zynqmp_fsbl/zynqmp_fsbl_bsp -b /home3/shared/chapman44/cheshire/platform/zynqmp_fsbl/build
10:18:42 INFO  : bash, -c, empyro retarget_app -s /home3/shared/chapman44/cheshire/platform/zynqmp_fsbl -d /home3/shared/chapman44/cheshire/platform/zynqmp_fsbl/zynqmp_fsbl_bsp -b /home3/shared/chapman44/cheshire/platform/zynqmp_fsbl/build
10:18:42 INFO  : [INFO]: Retargeting app
10:18:42 INFO  : [INFO]: Updating link libraries based on new domain
10:18:42 INFO  : Successfully retargeted Application /home3/shared/chapman44/cheshire/platform/zynqmp_fsbl
10:18:42 INFO  : lopper command to build baremetal application :empyro build_app --src_dir /home3/shared/chapman44/cheshire/platform/zynqmp_fsbl --build_dir /home3/shared/chapman44/cheshire/platform/zynqmp_fsbl/build
10:18:42 INFO  : bash, -c, empyro build_app --src_dir /home3/shared/chapman44/cheshire/platform/zynqmp_fsbl --build_dir /home3/shared/chapman44/cheshire/platform/zynqmp_fsbl/build
10:18:45 INFO  : Successfully building the baremetal application/home3/shared/chapman44/cheshire/platform/zynqmp_fsbl/build
10:18:45 INFO  : Generating Export directory
10:18:45 INFO  : Platform Build Finished successfully.
10:18:45 INFO  : lopper command to retarget baremetal application :empyro retarget_app -s /home3/shared/chapman44/cheshire/app_component/src -d /home3/shared/chapman44/cheshire/platform/export/platform/sw/standalone_psu_cortexa53_0 -b /home3/shared/chapman44/cheshire/app_component/build
10:18:45 INFO  : bash, -c, empyro retarget_app -s /home3/shared/chapman44/cheshire/app_component/src -d /home3/shared/chapman44/cheshire/platform/export/platform/sw/standalone_psu_cortexa53_0 -b /home3/shared/chapman44/cheshire/app_component/build
10:18:45 INFO  : [INFO]: Retargeting app
10:18:45 INFO  : [INFO]: Updating link libraries based on new domain
10:18:45 INFO  : Successfully retargeted Application /home3/shared/chapman44/cheshire/app_component/src
10:18:45 INFO  : Initiating build for the app_component component.
10:18:45 INFO  : bash, -c, empyro build_app -s /home3/shared/chapman44/cheshire/app_component/src -b /home3/shared/chapman44/cheshire/app_component/build
10:18:45 INFO  : Command: bash -c unset CC CXX ;empyro build_app -s /home3/shared/chapman44/cheshire/app_component/src -b /home3/shared/chapman44/cheshire/app_component/build
10:18:49 INFO  : connect -url tcp:127.0.0.1:3121
10:18:49 INFO  : bpremove -all
10:18:49 INFO  : source /home3/CAD/Vitis2025_2/2025.2/Vitis/scripts/vitis/util/zynqmp_utils.tcl
10:18:49 INFO  : Context for 'APU' is selected.
10:18:50 INFO  : System reset is completed.
10:18:53 INFO  : 'after 3000' command is executed.
10:18:53 INFO  : 'targets -set -filter {jtag_cable_name =~ "Platform Cable USB II 00001a50030301" && level==0 && jtag_device_ctx=="jsn-DLC10-00001a50030301-24738093-0"}' command is executed.
10:20:07 INFO  : Device configured successfully with "/home3/shared/chapman44/cheshire/app_component/_ide/bitstream/connect_top.bit"
10:20:07 INFO  : targets -set -nocase -filter {name =~"PSU*" && jtag_cable_name =~ "Platform Cable USB II 00001a50030301" && jtag_device_ctx=="jsn-DLC10-00001a50030301-5ba00477-0"}
10:20:07 INFO  : catch {disable_pmu_gate}
10:20:07 INFO  : targets -set -nocase -filter {name =~"APU*" && jtag_cable_name =~ "Platform Cable USB II 00001a50030301" && jtag_device_ctx=="jsn-DLC10-00001a50030301-5ba00477-0"}
10:20:13 INFO  : loadhw -hw /home3/shared/chapman44/cheshire/platform/export/platform/hw/connect_top.xsa -mem-ranges [list {0x80000000 0xbfffffff} {0x400000000 0x5ffffffff} {0x1000000000 0x7fffffffff}]
10:20:13 INFO  : configparams force-mem-access 1
10:20:13 INFO  : targets -set -nocase -filter {name =~"APU*" && jtag_cable_name =~ "Platform Cable USB II 00001a50030301" && jtag_device_ctx=="jsn-DLC10-00001a50030301-5ba00477-0"}
10:20:13 INFO  : source /home3/CAD/Vitis2025_2/2025.2/Vitis/vitis-server/scripts/jtag_reg.tcl
10:20:13 INFO  : Boot mode is read from the target.
10:20:13 INFO  : Boot mode of the target is set to jtag.
10:20:13 INFO  : targets -set -nocase -filter {name =~ "*A53*#0" && jtag_cable_name =~ "Platform Cable USB II 00001a50030301" && jtag_device_ctx=="jsn-DLC10-00001a50030301-5ba00477-0"}
10:20:13 INFO  : rst -processor
10:20:19 INFO  : dow /home3/shared/chapman44/cheshire/platform/export/platform/sw/boot/fsbl.elf
10:20:19 INFO  : set bp_20_19_fsbl_bp [bpadd -addr &XFsbl_Exit]
10:20:20 INFO  : con -block -timeout 60
10:20:20 INFO  : bpremove $bp_20_19_fsbl_bp
10:20:20 INFO  : targets -set -nocase -filter {name =~ "*A53*#0" && jtag_cable_name =~ "Platform Cable USB II 00001a50030301" && jtag_device_ctx=="jsn-DLC10-00001a50030301-5ba00477-0"}
10:20:20 INFO  : rst -processor
10:20:26 INFO  : dow /home3/shared/chapman44/cheshire/app_component/build/app_component.elf
10:20:26 INFO  : con
10:20:26 INFO  : configparams force-mem-access 0
10:20:27 INFO  : Testing the connection for 127.0.0.1
10:20:34 INFO  : disconnect
10:23:24 INFO  : BSP build will be initiated for Domain zynqmp_fsbl
10:23:24 INFO  : BSP build will be initiated for Domain standalone_psu_cortexa53_0
10:23:24 INFO  : Generating BSP for the domain /home3/shared/chapman44/cheshire/platform/zynqmp_fsbl/zynqmp_fsbl_bsp
10:23:24 INFO  : Generating BSP for the domain /home3/shared/chapman44/cheshire/platform/psu_cortexa53_0/standalone_psu_cortexa53_0/bsp
10:23:24 INFO  : lopper command to reconfigure BSP :empyro reconfig_bsp -d /home3/shared/chapman44/cheshire/platform/zynqmp_fsbl/zynqmp_fsbl_bsp
10:23:24 INFO  : lopper command to reconfigure BSP :empyro reconfig_bsp -d /home3/shared/chapman44/cheshire/platform/psu_cortexa53_0/standalone_psu_cortexa53_0/bsp
10:23:24 INFO  : bash, -c, empyro reconfig_bsp -d /home3/shared/chapman44/cheshire/platform/zynqmp_fsbl/zynqmp_fsbl_bsp
10:23:24 INFO  : bash, -c, empyro reconfig_bsp -d /home3/shared/chapman44/cheshire/platform/psu_cortexa53_0/standalone_psu_cortexa53_0/bsp
10:23:25 INFO  : Domain reconfigured successfully
10:23:25 INFO  : Generating BSP for the domain /home3/shared/chapman44/cheshire/platform/psu_cortexa53_0/standalone_psu_cortexa53_0/bsp
10:23:25 INFO  : lopper command to build BSP :empyro build_bsp -d /home3/shared/chapman44/cheshire/platform/psu_cortexa53_0/standalone_psu_cortexa53_0/bsp
10:23:25 INFO  : bash, -c, empyro build_bsp -d /home3/shared/chapman44/cheshire/platform/psu_cortexa53_0/standalone_psu_cortexa53_0/bsp
10:23:25 INFO  : Domain reconfigured successfully
10:23:25 INFO  : Generating BSP for the domain /home3/shared/chapman44/cheshire/platform/zynqmp_fsbl/zynqmp_fsbl_bsp
10:23:25 INFO  : lopper command to build BSP :empyro build_bsp -d /home3/shared/chapman44/cheshire/platform/zynqmp_fsbl/zynqmp_fsbl_bsp
10:23:25 INFO  : bash, -c, empyro build_bsp -d /home3/shared/chapman44/cheshire/platform/zynqmp_fsbl/zynqmp_fsbl_bsp
10:23:25 INFO  : Domain build successfully
10:23:25 INFO  : Domain build successfully
10:23:25 INFO  : Generating Boot ELFs
10:23:25 INFO  : lopper command to retarget baremetal application :empyro retarget_app -s /home3/shared/chapman44/cheshire/platform/zynqmp_fsbl -d /home3/shared/chapman44/cheshire/platform/zynqmp_fsbl/zynqmp_fsbl_bsp -b /home3/shared/chapman44/cheshire/platform/zynqmp_fsbl/build
10:23:25 INFO  : bash, -c, empyro retarget_app -s /home3/shared/chapman44/cheshire/platform/zynqmp_fsbl -d /home3/shared/chapman44/cheshire/platform/zynqmp_fsbl/zynqmp_fsbl_bsp -b /home3/shared/chapman44/cheshire/platform/zynqmp_fsbl/build
10:23:25 INFO  : [INFO]: Retargeting app
10:23:25 INFO  : [INFO]: Updating link libraries based on new domain
10:23:25 INFO  : Successfully retargeted Application /home3/shared/chapman44/cheshire/platform/zynqmp_fsbl
10:23:25 INFO  : lopper command to build baremetal application :empyro build_app --src_dir /home3/shared/chapman44/cheshire/platform/zynqmp_fsbl --build_dir /home3/shared/chapman44/cheshire/platform/zynqmp_fsbl/build
10:23:25 INFO  : bash, -c, empyro build_app --src_dir /home3/shared/chapman44/cheshire/platform/zynqmp_fsbl --build_dir /home3/shared/chapman44/cheshire/platform/zynqmp_fsbl/build
10:23:28 INFO  : Successfully building the baremetal application/home3/shared/chapman44/cheshire/platform/zynqmp_fsbl/build
10:23:28 INFO  : Generating Export directory
10:23:28 INFO  : Platform Build Finished successfully.
10:23:28 INFO  : lopper command to retarget baremetal application :empyro retarget_app -s /home3/shared/chapman44/cheshire/app_component/src -d /home3/shared/chapman44/cheshire/platform/export/platform/sw/standalone_psu_cortexa53_0 -b /home3/shared/chapman44/cheshire/app_component/build
10:23:28 INFO  : bash, -c, empyro retarget_app -s /home3/shared/chapman44/cheshire/app_component/src -d /home3/shared/chapman44/cheshire/platform/export/platform/sw/standalone_psu_cortexa53_0 -b /home3/shared/chapman44/cheshire/app_component/build
10:23:29 INFO  : [INFO]: Retargeting app
10:23:29 INFO  : [INFO]: Updating link libraries based on new domain
10:23:29 INFO  : Successfully retargeted Application /home3/shared/chapman44/cheshire/app_component/src
10:23:29 INFO  : Initiating build for the app_component component.
10:23:29 INFO  : bash, -c, empyro build_app -s /home3/shared/chapman44/cheshire/app_component/src -b /home3/shared/chapman44/cheshire/app_component/build
10:23:29 INFO  : Command: bash -c unset CC CXX ;empyro build_app -s /home3/shared/chapman44/cheshire/app_component/src -b /home3/shared/chapman44/cheshire/app_component/build
10:23:34 INFO  : connect -url tcp:127.0.0.1:3121
10:23:34 INFO  : bpremove -all
10:23:34 INFO  : source /home3/CAD/Vitis2025_2/2025.2/Vitis/scripts/vitis/util/zynqmp_utils.tcl
10:23:34 INFO  : Context for 'APU' is selected.
10:23:35 INFO  : System reset is completed.
10:23:38 INFO  : 'after 3000' command is executed.
10:23:38 INFO  : 'targets -set -filter {jtag_cable_name =~ "Platform Cable USB II 00001a50030301" && level==0 && jtag_device_ctx=="jsn-DLC10-00001a50030301-24738093-0"}' command is executed.
10:24:52 INFO  : Device configured successfully with "/home3/shared/chapman44/cheshire/app_component/_ide/bitstream/connect_top.bit"
10:24:52 INFO  : targets -set -nocase -filter {name =~"PSU*" && jtag_cable_name =~ "Platform Cable USB II 00001a50030301" && jtag_device_ctx=="jsn-DLC10-00001a50030301-5ba00477-0"}
10:24:52 INFO  : catch {disable_pmu_gate}
10:24:52 INFO  : targets -set -nocase -filter {name =~"APU*" && jtag_cable_name =~ "Platform Cable USB II 00001a50030301" && jtag_device_ctx=="jsn-DLC10-00001a50030301-5ba00477-0"}
10:24:58 INFO  : loadhw -hw /home3/shared/chapman44/cheshire/platform/export/platform/hw/connect_top.xsa -mem-ranges [list {0x80000000 0xbfffffff} {0x400000000 0x5ffffffff} {0x1000000000 0x7fffffffff}]
10:24:58 INFO  : configparams force-mem-access 1
10:24:58 INFO  : targets -set -nocase -filter {name =~"APU*" && jtag_cable_name =~ "Platform Cable USB II 00001a50030301" && jtag_device_ctx=="jsn-DLC10-00001a50030301-5ba00477-0"}
10:24:58 INFO  : source /home3/CAD/Vitis2025_2/2025.2/Vitis/vitis-server/scripts/jtag_reg.tcl
10:24:58 INFO  : Boot mode is read from the target.
10:24:58 INFO  : Boot mode of the target is set to jtag.
10:24:58 INFO  : targets -set -nocase -filter {name =~ "*A53*#0" && jtag_cable_name =~ "Platform Cable USB II 00001a50030301" && jtag_device_ctx=="jsn-DLC10-00001a50030301-5ba00477-0"}
10:24:59 INFO  : rst -processor
10:25:05 INFO  : dow /home3/shared/chapman44/cheshire/platform/export/platform/sw/boot/fsbl.elf
10:25:05 INFO  : set bp_25_5_fsbl_bp [bpadd -addr &XFsbl_Exit]
10:25:06 INFO  : con -block -timeout 60
10:25:06 INFO  : bpremove $bp_25_5_fsbl_bp
10:25:06 INFO  : targets -set -nocase -filter {name =~ "*A53*#0" && jtag_cable_name =~ "Platform Cable USB II 00001a50030301" && jtag_device_ctx=="jsn-DLC10-00001a50030301-5ba00477-0"}
10:25:06 INFO  : rst -processor
10:25:12 INFO  : dow /home3/shared/chapman44/cheshire/app_component/build/app_component.elf
10:25:12 INFO  : con
10:25:12 INFO  : configparams force-mem-access 0
10:25:13 INFO  : Testing the connection for 127.0.0.1
10:26:31 INFO  : disconnect
10:26:32 INFO  : BSP build will be initiated for Domain zynqmp_fsbl
10:26:32 INFO  : BSP build will be initiated for Domain standalone_psu_cortexa53_0
10:26:32 INFO  : Generating BSP for the domain /home3/shared/chapman44/cheshire/platform/zynqmp_fsbl/zynqmp_fsbl_bsp
10:26:32 INFO  : Generating BSP for the domain /home3/shared/chapman44/cheshire/platform/psu_cortexa53_0/standalone_psu_cortexa53_0/bsp
10:26:32 INFO  : lopper command to reconfigure BSP :empyro reconfig_bsp -d /home3/shared/chapman44/cheshire/platform/zynqmp_fsbl/zynqmp_fsbl_bsp
10:26:32 INFO  : lopper command to reconfigure BSP :empyro reconfig_bsp -d /home3/shared/chapman44/cheshire/platform/psu_cortexa53_0/standalone_psu_cortexa53_0/bsp
10:26:32 INFO  : bash, -c, empyro reconfig_bsp -d /home3/shared/chapman44/cheshire/platform/psu_cortexa53_0/standalone_psu_cortexa53_0/bsp
10:26:32 INFO  : bash, -c, empyro reconfig_bsp -d /home3/shared/chapman44/cheshire/platform/zynqmp_fsbl/zynqmp_fsbl_bsp
10:26:32 INFO  : Domain reconfigured successfully
10:26:32 INFO  : Generating BSP for the domain /home3/shared/chapman44/cheshire/platform/psu_cortexa53_0/standalone_psu_cortexa53_0/bsp
10:26:32 INFO  : lopper command to build BSP :empyro build_bsp -d /home3/shared/chapman44/cheshire/platform/psu_cortexa53_0/standalone_psu_cortexa53_0/bsp
10:26:32 INFO  : bash, -c, empyro build_bsp -d /home3/shared/chapman44/cheshire/platform/psu_cortexa53_0/standalone_psu_cortexa53_0/bsp
10:26:32 INFO  : Domain reconfigured successfully
10:26:32 INFO  : Generating BSP for the domain /home3/shared/chapman44/cheshire/platform/zynqmp_fsbl/zynqmp_fsbl_bsp
10:26:32 INFO  : lopper command to build BSP :empyro build_bsp -d /home3/shared/chapman44/cheshire/platform/zynqmp_fsbl/zynqmp_fsbl_bsp
10:26:32 INFO  : bash, -c, empyro build_bsp -d /home3/shared/chapman44/cheshire/platform/zynqmp_fsbl/zynqmp_fsbl_bsp
10:26:33 INFO  : Domain build successfully
10:26:33 INFO  : Domain build successfully
10:26:33 INFO  : Generating Boot ELFs
10:26:33 INFO  : lopper command to retarget baremetal application :empyro retarget_app -s /home3/shared/chapman44/cheshire/platform/zynqmp_fsbl -d /home3/shared/chapman44/cheshire/platform/zynqmp_fsbl/zynqmp_fsbl_bsp -b /home3/shared/chapman44/cheshire/platform/zynqmp_fsbl/build
10:26:33 INFO  : bash, -c, empyro retarget_app -s /home3/shared/chapman44/cheshire/platform/zynqmp_fsbl -d /home3/shared/chapman44/cheshire/platform/zynqmp_fsbl/zynqmp_fsbl_bsp -b /home3/shared/chapman44/cheshire/platform/zynqmp_fsbl/build
10:26:33 INFO  : [INFO]: Retargeting app
10:26:33 INFO  : [INFO]: Updating link libraries based on new domain
10:26:33 INFO  : Successfully retargeted Application /home3/shared/chapman44/cheshire/platform/zynqmp_fsbl
10:26:33 INFO  : lopper command to build baremetal application :empyro build_app --src_dir /home3/shared/chapman44/cheshire/platform/zynqmp_fsbl --build_dir /home3/shared/chapman44/cheshire/platform/zynqmp_fsbl/build
10:26:33 INFO  : bash, -c, empyro build_app --src_dir /home3/shared/chapman44/cheshire/platform/zynqmp_fsbl --build_dir /home3/shared/chapman44/cheshire/platform/zynqmp_fsbl/build
10:26:36 INFO  : Successfully building the baremetal application/home3/shared/chapman44/cheshire/platform/zynqmp_fsbl/build
10:26:36 INFO  : Generating Export directory
10:26:36 INFO  : Platform Build Finished successfully.
10:26:36 INFO  : lopper command to retarget baremetal application :empyro retarget_app -s /home3/shared/chapman44/cheshire/app_component/src -d /home3/shared/chapman44/cheshire/platform/export/platform/sw/standalone_psu_cortexa53_0 -b /home3/shared/chapman44/cheshire/app_component/build
10:26:36 INFO  : bash, -c, empyro retarget_app -s /home3/shared/chapman44/cheshire/app_component/src -d /home3/shared/chapman44/cheshire/platform/export/platform/sw/standalone_psu_cortexa53_0 -b /home3/shared/chapman44/cheshire/app_component/build
10:26:36 INFO  : [INFO]: Retargeting app
10:26:36 INFO  : [INFO]: Updating link libraries based on new domain
10:26:36 INFO  : Successfully retargeted Application /home3/shared/chapman44/cheshire/app_component/src
10:26:36 INFO  : Initiating build for the app_component component.
10:26:36 INFO  : bash, -c, empyro build_app -s /home3/shared/chapman44/cheshire/app_component/src -b /home3/shared/chapman44/cheshire/app_component/build
10:26:36 INFO  : Command: bash -c unset CC CXX ;empyro build_app -s /home3/shared/chapman44/cheshire/app_component/src -b /home3/shared/chapman44/cheshire/app_component/build
10:26:40 INFO  : connect -url tcp:127.0.0.1:3121
10:26:40 INFO  : bpremove -all
10:26:40 INFO  : source /home3/CAD/Vitis2025_2/2025.2/Vitis/scripts/vitis/util/zynqmp_utils.tcl
10:26:40 INFO  : Context for 'APU' is selected.
10:26:40 INFO  : System reset is completed.
10:26:43 INFO  : 'after 3000' command is executed.
10:26:43 INFO  : 'targets -set -filter {jtag_cable_name =~ "Platform Cable USB II 00001a50030301" && level==0 && jtag_device_ctx=="jsn-DLC10-00001a50030301-24738093-0"}' command is executed.
10:27:57 INFO  : Device configured successfully with "/home3/shared/chapman44/cheshire/app_component/_ide/bitstream/connect_top.bit"
10:27:57 INFO  : targets -set -nocase -filter {name =~"PSU*" && jtag_cable_name =~ "Platform Cable USB II 00001a50030301" && jtag_device_ctx=="jsn-DLC10-00001a50030301-5ba00477-0"}
10:27:57 INFO  : catch {disable_pmu_gate}
10:27:57 INFO  : targets -set -nocase -filter {name =~"APU*" && jtag_cable_name =~ "Platform Cable USB II 00001a50030301" && jtag_device_ctx=="jsn-DLC10-00001a50030301-5ba00477-0"}
10:28:03 INFO  : loadhw -hw /home3/shared/chapman44/cheshire/platform/export/platform/hw/connect_top.xsa -mem-ranges [list {0x80000000 0xbfffffff} {0x400000000 0x5ffffffff} {0x1000000000 0x7fffffffff}]
10:28:03 INFO  : configparams force-mem-access 1
10:28:03 INFO  : targets -set -nocase -filter {name =~"APU*" && jtag_cable_name =~ "Platform Cable USB II 00001a50030301" && jtag_device_ctx=="jsn-DLC10-00001a50030301-5ba00477-0"}
10:28:03 INFO  : source /home3/CAD/Vitis2025_2/2025.2/Vitis/vitis-server/scripts/jtag_reg.tcl
10:28:03 INFO  : Boot mode is read from the target.
10:28:03 INFO  : Boot mode of the target is set to jtag.
10:28:03 INFO  : targets -set -nocase -filter {name =~ "*A53*#0" && jtag_cable_name =~ "Platform Cable USB II 00001a50030301" && jtag_device_ctx=="jsn-DLC10-00001a50030301-5ba00477-0"}
10:28:04 INFO  : rst -processor
10:28:09 INFO  : dow /home3/shared/chapman44/cheshire/platform/export/platform/sw/boot/fsbl.elf
10:28:09 INFO  : set bp_28_9_fsbl_bp [bpadd -addr &XFsbl_Exit]
10:28:10 INFO  : con -block -timeout 60
10:28:10 INFO  : bpremove $bp_28_9_fsbl_bp
10:28:10 INFO  : targets -set -nocase -filter {name =~ "*A53*#0" && jtag_cable_name =~ "Platform Cable USB II 00001a50030301" && jtag_device_ctx=="jsn-DLC10-00001a50030301-5ba00477-0"}
10:28:10 INFO  : rst -processor
10:28:16 INFO  : dow /home3/shared/chapman44/cheshire/app_component/build/app_component.elf
10:28:16 INFO  : con
10:28:16 INFO  : configparams force-mem-access 0
10:28:17 INFO  : Testing the connection for 127.0.0.1
10:29:25 INFO  : disconnect
10:29:41 INFO  : BSP build will be initiated for Domain standalone_psu_cortexa53_0
10:29:41 INFO  : BSP build will be initiated for Domain zynqmp_fsbl
10:29:41 INFO  : Generating BSP for the domain /home3/shared/chapman44/cheshire/platform/psu_cortexa53_0/standalone_psu_cortexa53_0/bsp
10:29:41 INFO  : Generating BSP for the domain /home3/shared/chapman44/cheshire/platform/zynqmp_fsbl/zynqmp_fsbl_bsp
10:29:41 INFO  : lopper command to reconfigure BSP :empyro reconfig_bsp -d /home3/shared/chapman44/cheshire/platform/psu_cortexa53_0/standalone_psu_cortexa53_0/bsp
10:29:41 INFO  : lopper command to reconfigure BSP :empyro reconfig_bsp -d /home3/shared/chapman44/cheshire/platform/zynqmp_fsbl/zynqmp_fsbl_bsp
10:29:41 INFO  : bash, -c, empyro reconfig_bsp -d /home3/shared/chapman44/cheshire/platform/psu_cortexa53_0/standalone_psu_cortexa53_0/bsp
10:29:41 INFO  : bash, -c, empyro reconfig_bsp -d /home3/shared/chapman44/cheshire/platform/zynqmp_fsbl/zynqmp_fsbl_bsp
10:29:42 INFO  : Domain reconfigured successfully
10:29:42 INFO  : Generating BSP for the domain /home3/shared/chapman44/cheshire/platform/psu_cortexa53_0/standalone_psu_cortexa53_0/bsp
10:29:42 INFO  : lopper command to build BSP :empyro build_bsp -d /home3/shared/chapman44/cheshire/platform/psu_cortexa53_0/standalone_psu_cortexa53_0/bsp
10:29:42 INFO  : bash, -c, empyro build_bsp -d /home3/shared/chapman44/cheshire/platform/psu_cortexa53_0/standalone_psu_cortexa53_0/bsp
10:29:42 INFO  : Domain reconfigured successfully
10:29:42 INFO  : Generating BSP for the domain /home3/shared/chapman44/cheshire/platform/zynqmp_fsbl/zynqmp_fsbl_bsp
10:29:42 INFO  : lopper command to build BSP :empyro build_bsp -d /home3/shared/chapman44/cheshire/platform/zynqmp_fsbl/zynqmp_fsbl_bsp
10:29:42 INFO  : bash, -c, empyro build_bsp -d /home3/shared/chapman44/cheshire/platform/zynqmp_fsbl/zynqmp_fsbl_bsp
10:29:42 INFO  : Domain build successfully
10:29:42 INFO  : Domain build successfully
10:29:42 INFO  : Generating Boot ELFs
10:29:42 INFO  : lopper command to retarget baremetal application :empyro retarget_app -s /home3/shared/chapman44/cheshire/platform/zynqmp_fsbl -d /home3/shared/chapman44/cheshire/platform/zynqmp_fsbl/zynqmp_fsbl_bsp -b /home3/shared/chapman44/cheshire/platform/zynqmp_fsbl/build
10:29:42 INFO  : bash, -c, empyro retarget_app -s /home3/shared/chapman44/cheshire/platform/zynqmp_fsbl -d /home3/shared/chapman44/cheshire/platform/zynqmp_fsbl/zynqmp_fsbl_bsp -b /home3/shared/chapman44/cheshire/platform/zynqmp_fsbl/build
10:29:42 INFO  : [INFO]: Retargeting app
10:29:42 INFO  : [INFO]: Updating link libraries based on new domain
10:29:42 INFO  : Successfully retargeted Application /home3/shared/chapman44/cheshire/platform/zynqmp_fsbl
10:29:42 INFO  : lopper command to build baremetal application :empyro build_app --src_dir /home3/shared/chapman44/cheshire/platform/zynqmp_fsbl --build_dir /home3/shared/chapman44/cheshire/platform/zynqmp_fsbl/build
10:29:42 INFO  : bash, -c, empyro build_app --src_dir /home3/shared/chapman44/cheshire/platform/zynqmp_fsbl --build_dir /home3/shared/chapman44/cheshire/platform/zynqmp_fsbl/build
10:29:45 INFO  : Successfully building the baremetal application/home3/shared/chapman44/cheshire/platform/zynqmp_fsbl/build
10:29:45 INFO  : Generating Export directory
10:29:45 INFO  : Platform Build Finished successfully.
10:29:46 INFO  : lopper command to retarget baremetal application :empyro retarget_app -s /home3/shared/chapman44/cheshire/app_component/src -d /home3/shared/chapman44/cheshire/platform/export/platform/sw/standalone_psu_cortexa53_0 -b /home3/shared/chapman44/cheshire/app_component/build
10:29:46 INFO  : bash, -c, empyro retarget_app -s /home3/shared/chapman44/cheshire/app_component/src -d /home3/shared/chapman44/cheshire/platform/export/platform/sw/standalone_psu_cortexa53_0 -b /home3/shared/chapman44/cheshire/app_component/build
10:29:46 INFO  : [INFO]: Retargeting app
10:29:46 INFO  : [INFO]: Updating link libraries based on new domain
10:29:46 INFO  : Successfully retargeted Application /home3/shared/chapman44/cheshire/app_component/src
10:29:46 INFO  : Initiating build for the app_component component.
10:29:46 INFO  : bash, -c, empyro build_app -s /home3/shared/chapman44/cheshire/app_component/src -b /home3/shared/chapman44/cheshire/app_component/build
10:29:46 INFO  : Command: bash -c unset CC CXX ;empyro build_app -s /home3/shared/chapman44/cheshire/app_component/src -b /home3/shared/chapman44/cheshire/app_component/build
10:29:50 INFO  : connect -url tcp:127.0.0.1:3121
10:29:50 INFO  : bpremove -all
10:29:50 INFO  : source /home3/CAD/Vitis2025_2/2025.2/Vitis/scripts/vitis/util/zynqmp_utils.tcl
10:29:50 INFO  : Context for 'APU' is selected.
10:29:51 INFO  : System reset is completed.
10:29:54 INFO  : 'after 3000' command is executed.
10:29:54 INFO  : 'targets -set -filter {jtag_cable_name =~ "Platform Cable USB II 00001a50030301" && level==0 && jtag_device_ctx=="jsn-DLC10-00001a50030301-24738093-0"}' command is executed.
10:31:08 INFO  : Device configured successfully with "/home3/shared/chapman44/cheshire/app_component/_ide/bitstream/connect_top.bit"
10:31:08 INFO  : targets -set -nocase -filter {name =~"PSU*" && jtag_cable_name =~ "Platform Cable USB II 00001a50030301" && jtag_device_ctx=="jsn-DLC10-00001a50030301-5ba00477-0"}
10:31:08 INFO  : catch {disable_pmu_gate}
10:31:08 INFO  : targets -set -nocase -filter {name =~"APU*" && jtag_cable_name =~ "Platform Cable USB II 00001a50030301" && jtag_device_ctx=="jsn-DLC10-00001a50030301-5ba00477-0"}
10:31:14 INFO  : loadhw -hw /home3/shared/chapman44/cheshire/platform/export/platform/hw/connect_top.xsa -mem-ranges [list {0x80000000 0xbfffffff} {0x400000000 0x5ffffffff} {0x1000000000 0x7fffffffff}]
10:31:14 INFO  : configparams force-mem-access 1
10:31:14 INFO  : targets -set -nocase -filter {name =~"APU*" && jtag_cable_name =~ "Platform Cable USB II 00001a50030301" && jtag_device_ctx=="jsn-DLC10-00001a50030301-5ba00477-0"}
10:31:14 INFO  : source /home3/CAD/Vitis2025_2/2025.2/Vitis/vitis-server/scripts/jtag_reg.tcl
10:31:14 INFO  : Boot mode is read from the target.
10:31:14 INFO  : Boot mode of the target is set to jtag.
10:31:14 INFO  : targets -set -nocase -filter {name =~ "*A53*#0" && jtag_cable_name =~ "Platform Cable USB II 00001a50030301" && jtag_device_ctx=="jsn-DLC10-00001a50030301-5ba00477-0"}
10:31:15 INFO  : rst -processor
10:31:21 INFO  : dow /home3/shared/chapman44/cheshire/platform/export/platform/sw/boot/fsbl.elf
10:31:21 INFO  : set bp_31_21_fsbl_bp [bpadd -addr &XFsbl_Exit]
10:31:22 INFO  : con -block -timeout 60
10:31:22 INFO  : bpremove $bp_31_21_fsbl_bp
10:31:22 INFO  : targets -set -nocase -filter {name =~ "*A53*#0" && jtag_cable_name =~ "Platform Cable USB II 00001a50030301" && jtag_device_ctx=="jsn-DLC10-00001a50030301-5ba00477-0"}
10:31:22 INFO  : rst -processor
10:31:28 INFO  : dow /home3/shared/chapman44/cheshire/app_component/build/app_component.elf
10:31:28 INFO  : con
10:31:28 INFO  : configparams force-mem-access 0
10:31:29 INFO  : Testing the connection for 127.0.0.1
10:31:46 INFO  : disconnect
10:33:57 INFO  : BSP build will be initiated for Domain zynqmp_fsbl
10:33:57 INFO  : BSP build will be initiated for Domain standalone_psu_cortexa53_0
10:33:57 INFO  : Generating BSP for the domain /home3/shared/chapman44/cheshire/platform/zynqmp_fsbl/zynqmp_fsbl_bsp
10:33:57 INFO  : Generating BSP for the domain /home3/shared/chapman44/cheshire/platform/psu_cortexa53_0/standalone_psu_cortexa53_0/bsp
10:33:57 INFO  : lopper command to reconfigure BSP :empyro reconfig_bsp -d /home3/shared/chapman44/cheshire/platform/zynqmp_fsbl/zynqmp_fsbl_bsp
10:33:57 INFO  : lopper command to reconfigure BSP :empyro reconfig_bsp -d /home3/shared/chapman44/cheshire/platform/psu_cortexa53_0/standalone_psu_cortexa53_0/bsp
10:33:57 INFO  : bash, -c, empyro reconfig_bsp -d /home3/shared/chapman44/cheshire/platform/psu_cortexa53_0/standalone_psu_cortexa53_0/bsp
10:33:57 INFO  : bash, -c, empyro reconfig_bsp -d /home3/shared/chapman44/cheshire/platform/zynqmp_fsbl/zynqmp_fsbl_bsp
10:33:58 INFO  : Domain reconfigured successfully
10:33:58 INFO  : Generating BSP for the domain /home3/shared/chapman44/cheshire/platform/psu_cortexa53_0/standalone_psu_cortexa53_0/bsp
10:33:58 INFO  : lopper command to build BSP :empyro build_bsp -d /home3/shared/chapman44/cheshire/platform/psu_cortexa53_0/standalone_psu_cortexa53_0/bsp
10:33:58 INFO  : bash, -c, empyro build_bsp -d /home3/shared/chapman44/cheshire/platform/psu_cortexa53_0/standalone_psu_cortexa53_0/bsp
10:33:58 INFO  : Domain reconfigured successfully
10:33:58 INFO  : Generating BSP for the domain /home3/shared/chapman44/cheshire/platform/zynqmp_fsbl/zynqmp_fsbl_bsp
10:33:58 INFO  : lopper command to build BSP :empyro build_bsp -d /home3/shared/chapman44/cheshire/platform/zynqmp_fsbl/zynqmp_fsbl_bsp
10:33:58 INFO  : bash, -c, empyro build_bsp -d /home3/shared/chapman44/cheshire/platform/zynqmp_fsbl/zynqmp_fsbl_bsp
10:33:58 INFO  : Domain build successfully
10:33:58 INFO  : Domain build successfully
10:33:58 INFO  : Generating Boot ELFs
10:33:58 INFO  : lopper command to retarget baremetal application :empyro retarget_app -s /home3/shared/chapman44/cheshire/platform/zynqmp_fsbl -d /home3/shared/chapman44/cheshire/platform/zynqmp_fsbl/zynqmp_fsbl_bsp -b /home3/shared/chapman44/cheshire/platform/zynqmp_fsbl/build
10:33:58 INFO  : bash, -c, empyro retarget_app -s /home3/shared/chapman44/cheshire/platform/zynqmp_fsbl -d /home3/shared/chapman44/cheshire/platform/zynqmp_fsbl/zynqmp_fsbl_bsp -b /home3/shared/chapman44/cheshire/platform/zynqmp_fsbl/build
10:33:58 INFO  : [INFO]: Retargeting app
10:33:58 INFO  : [INFO]: Updating link libraries based on new domain
10:33:58 INFO  : Successfully retargeted Application /home3/shared/chapman44/cheshire/platform/zynqmp_fsbl
10:33:58 INFO  : lopper command to build baremetal application :empyro build_app --src_dir /home3/shared/chapman44/cheshire/platform/zynqmp_fsbl --build_dir /home3/shared/chapman44/cheshire/platform/zynqmp_fsbl/build
10:33:58 INFO  : bash, -c, empyro build_app --src_dir /home3/shared/chapman44/cheshire/platform/zynqmp_fsbl --build_dir /home3/shared/chapman44/cheshire/platform/zynqmp_fsbl/build
10:34:01 INFO  : Successfully building the baremetal application/home3/shared/chapman44/cheshire/platform/zynqmp_fsbl/build
10:34:01 INFO  : Generating Export directory
10:34:01 INFO  : Platform Build Finished successfully.
10:34:02 INFO  : lopper command to retarget baremetal application :empyro retarget_app -s /home3/shared/chapman44/cheshire/app_component/src -d /home3/shared/chapman44/cheshire/platform/export/platform/sw/standalone_psu_cortexa53_0 -b /home3/shared/chapman44/cheshire/app_component/build
10:34:02 INFO  : bash, -c, empyro retarget_app -s /home3/shared/chapman44/cheshire/app_component/src -d /home3/shared/chapman44/cheshire/platform/export/platform/sw/standalone_psu_cortexa53_0 -b /home3/shared/chapman44/cheshire/app_component/build
10:34:02 INFO  : [INFO]: Retargeting app
10:34:02 INFO  : [INFO]: Updating link libraries based on new domain
10:34:02 INFO  : Successfully retargeted Application /home3/shared/chapman44/cheshire/app_component/src
10:34:02 INFO  : Initiating build for the app_component component.
10:34:02 INFO  : bash, -c, empyro build_app -s /home3/shared/chapman44/cheshire/app_component/src -b /home3/shared/chapman44/cheshire/app_component/build
10:34:02 INFO  : Command: bash -c unset CC CXX ;empyro build_app -s /home3/shared/chapman44/cheshire/app_component/src -b /home3/shared/chapman44/cheshire/app_component/build
10:34:05 INFO  : connect -url tcp:127.0.0.1:3121
10:34:05 INFO  : bpremove -all
10:34:05 INFO  : source /home3/CAD/Vitis2025_2/2025.2/Vitis/scripts/vitis/util/zynqmp_utils.tcl
10:34:05 INFO  : Context for 'APU' is selected.
10:34:05 INFO  : System reset is completed.
10:34:08 INFO  : 'after 3000' command is executed.
10:34:08 INFO  : 'targets -set -filter {jtag_cable_name =~ "Platform Cable USB II 00001a50030301" && level==0 && jtag_device_ctx=="jsn-DLC10-00001a50030301-24738093-0"}' command is executed.
10:35:23 INFO  : Device configured successfully with "/home3/shared/chapman44/cheshire/app_component/_ide/bitstream/connect_top.bit"
10:35:23 INFO  : targets -set -nocase -filter {name =~"PSU*" && jtag_cable_name =~ "Platform Cable USB II 00001a50030301" && jtag_device_ctx=="jsn-DLC10-00001a50030301-5ba00477-0"}
10:35:23 INFO  : catch {disable_pmu_gate}
10:35:23 INFO  : targets -set -nocase -filter {name =~"APU*" && jtag_cable_name =~ "Platform Cable USB II 00001a50030301" && jtag_device_ctx=="jsn-DLC10-00001a50030301-5ba00477-0"}
10:35:28 INFO  : loadhw -hw /home3/shared/chapman44/cheshire/platform/export/platform/hw/connect_top.xsa -mem-ranges [list {0x80000000 0xbfffffff} {0x400000000 0x5ffffffff} {0x1000000000 0x7fffffffff}]
10:35:28 INFO  : configparams force-mem-access 1
10:35:29 INFO  : targets -set -nocase -filter {name =~"APU*" && jtag_cable_name =~ "Platform Cable USB II 00001a50030301" && jtag_device_ctx=="jsn-DLC10-00001a50030301-5ba00477-0"}
10:35:29 INFO  : source /home3/CAD/Vitis2025_2/2025.2/Vitis/vitis-server/scripts/jtag_reg.tcl
10:35:29 INFO  : Boot mode is read from the target.
10:35:29 INFO  : Boot mode of the target is set to jtag.
10:35:29 INFO  : targets -set -nocase -filter {name =~ "*A53*#0" && jtag_cable_name =~ "Platform Cable USB II 00001a50030301" && jtag_device_ctx=="jsn-DLC10-00001a50030301-5ba00477-0"}
10:35:29 INFO  : rst -processor
10:35:35 INFO  : dow /home3/shared/chapman44/cheshire/platform/export/platform/sw/boot/fsbl.elf
10:35:35 INFO  : set bp_35_35_fsbl_bp [bpadd -addr &XFsbl_Exit]
10:35:36 INFO  : con -block -timeout 60
10:35:36 INFO  : bpremove $bp_35_35_fsbl_bp
10:35:36 INFO  : targets -set -nocase -filter {name =~ "*A53*#0" && jtag_cable_name =~ "Platform Cable USB II 00001a50030301" && jtag_device_ctx=="jsn-DLC10-00001a50030301-5ba00477-0"}
10:35:36 INFO  : rst -processor
10:35:42 INFO  : dow /home3/shared/chapman44/cheshire/app_component/build/app_component.elf
10:35:42 INFO  : con
10:35:42 INFO  : configparams force-mem-access 0
10:35:43 INFO  : Testing the connection for 127.0.0.1
10:37:03 INFO  : disconnect
10:37:15 INFO  : BSP build will be initiated for Domain zynqmp_fsbl
10:37:15 INFO  : BSP build will be initiated for Domain standalone_psu_cortexa53_0
10:37:15 INFO  : Generating BSP for the domain /home3/shared/chapman44/cheshire/platform/zynqmp_fsbl/zynqmp_fsbl_bsp
10:37:15 INFO  : Generating BSP for the domain /home3/shared/chapman44/cheshire/platform/psu_cortexa53_0/standalone_psu_cortexa53_0/bsp
10:37:15 INFO  : lopper command to reconfigure BSP :empyro reconfig_bsp -d /home3/shared/chapman44/cheshire/platform/zynqmp_fsbl/zynqmp_fsbl_bsp
10:37:15 INFO  : lopper command to reconfigure BSP :empyro reconfig_bsp -d /home3/shared/chapman44/cheshire/platform/psu_cortexa53_0/standalone_psu_cortexa53_0/bsp
10:37:15 INFO  : bash, -c, empyro reconfig_bsp -d /home3/shared/chapman44/cheshire/platform/zynqmp_fsbl/zynqmp_fsbl_bsp
10:37:15 INFO  : bash, -c, empyro reconfig_bsp -d /home3/shared/chapman44/cheshire/platform/psu_cortexa53_0/standalone_psu_cortexa53_0/bsp
10:37:15 INFO  : Domain reconfigured successfully
10:37:15 INFO  : Generating BSP for the domain /home3/shared/chapman44/cheshire/platform/psu_cortexa53_0/standalone_psu_cortexa53_0/bsp
10:37:15 INFO  : lopper command to build BSP :empyro build_bsp -d /home3/shared/chapman44/cheshire/platform/psu_cortexa53_0/standalone_psu_cortexa53_0/bsp
10:37:15 INFO  : bash, -c, empyro build_bsp -d /home3/shared/chapman44/cheshire/platform/psu_cortexa53_0/standalone_psu_cortexa53_0/bsp
10:37:15 INFO  : Domain reconfigured successfully
10:37:15 INFO  : Generating BSP for the domain /home3/shared/chapman44/cheshire/platform/zynqmp_fsbl/zynqmp_fsbl_bsp
10:37:15 INFO  : lopper command to build BSP :empyro build_bsp -d /home3/shared/chapman44/cheshire/platform/zynqmp_fsbl/zynqmp_fsbl_bsp
10:37:15 INFO  : bash, -c, empyro build_bsp -d /home3/shared/chapman44/cheshire/platform/zynqmp_fsbl/zynqmp_fsbl_bsp
10:37:15 INFO  : Domain build successfully
10:37:15 INFO  : Domain build successfully
10:37:15 INFO  : Generating Boot ELFs
10:37:15 INFO  : lopper command to retarget baremetal application :empyro retarget_app -s /home3/shared/chapman44/cheshire/platform/zynqmp_fsbl -d /home3/shared/chapman44/cheshire/platform/zynqmp_fsbl/zynqmp_fsbl_bsp -b /home3/shared/chapman44/cheshire/platform/zynqmp_fsbl/build
10:37:15 INFO  : bash, -c, empyro retarget_app -s /home3/shared/chapman44/cheshire/platform/zynqmp_fsbl -d /home3/shared/chapman44/cheshire/platform/zynqmp_fsbl/zynqmp_fsbl_bsp -b /home3/shared/chapman44/cheshire/platform/zynqmp_fsbl/build
10:37:16 INFO  : [INFO]: Retargeting app
10:37:16 INFO  : [INFO]: Updating link libraries based on new domain
10:37:16 INFO  : Successfully retargeted Application /home3/shared/chapman44/cheshire/platform/zynqmp_fsbl
10:37:16 INFO  : lopper command to build baremetal application :empyro build_app --src_dir /home3/shared/chapman44/cheshire/platform/zynqmp_fsbl --build_dir /home3/shared/chapman44/cheshire/platform/zynqmp_fsbl/build
10:37:16 INFO  : bash, -c, empyro build_app --src_dir /home3/shared/chapman44/cheshire/platform/zynqmp_fsbl --build_dir /home3/shared/chapman44/cheshire/platform/zynqmp_fsbl/build
10:37:18 INFO  : Successfully building the baremetal application/home3/shared/chapman44/cheshire/platform/zynqmp_fsbl/build
10:37:18 INFO  : Generating Export directory
10:37:18 INFO  : Platform Build Finished successfully.
10:37:19 INFO  : lopper command to retarget baremetal application :empyro retarget_app -s /home3/shared/chapman44/cheshire/app_component/src -d /home3/shared/chapman44/cheshire/platform/export/platform/sw/standalone_psu_cortexa53_0 -b /home3/shared/chapman44/cheshire/app_component/build
10:37:19 INFO  : bash, -c, empyro retarget_app -s /home3/shared/chapman44/cheshire/app_component/src -d /home3/shared/chapman44/cheshire/platform/export/platform/sw/standalone_psu_cortexa53_0 -b /home3/shared/chapman44/cheshire/app_component/build
10:37:19 INFO  : [INFO]: Retargeting app
10:37:19 INFO  : [INFO]: Updating link libraries based on new domain
10:37:19 INFO  : Successfully retargeted Application /home3/shared/chapman44/cheshire/app_component/src
10:37:19 INFO  : Initiating build for the app_component component.
10:37:19 INFO  : bash, -c, empyro build_app -s /home3/shared/chapman44/cheshire/app_component/src -b /home3/shared/chapman44/cheshire/app_component/build
10:37:19 INFO  : Command: bash -c unset CC CXX ;empyro build_app -s /home3/shared/chapman44/cheshire/app_component/src -b /home3/shared/chapman44/cheshire/app_component/build
10:37:21 INFO  : connect -url tcp:127.0.0.1:3121
10:37:21 INFO  : bpremove -all
10:37:21 INFO  : source /home3/CAD/Vitis2025_2/2025.2/Vitis/scripts/vitis/util/zynqmp_utils.tcl
10:37:21 INFO  : Context for 'APU' is selected.
10:37:21 INFO  : System reset is completed.
10:37:25 INFO  : 'after 3000' command is executed.
10:37:25 INFO  : 'targets -set -filter {jtag_cable_name =~ "Platform Cable USB II 00001a50030301" && level==0 && jtag_device_ctx=="jsn-DLC10-00001a50030301-24738093-0"}' command is executed.
10:38:39 INFO  : Device configured successfully with "/home3/shared/chapman44/cheshire/app_component/_ide/bitstream/connect_top.bit"
10:38:39 INFO  : targets -set -nocase -filter {name =~"PSU*" && jtag_cable_name =~ "Platform Cable USB II 00001a50030301" && jtag_device_ctx=="jsn-DLC10-00001a50030301-5ba00477-0"}
10:38:39 INFO  : catch {disable_pmu_gate}
10:38:39 INFO  : targets -set -nocase -filter {name =~"APU*" && jtag_cable_name =~ "Platform Cable USB II 00001a50030301" && jtag_device_ctx=="jsn-DLC10-00001a50030301-5ba00477-0"}
10:38:45 INFO  : loadhw -hw /home3/shared/chapman44/cheshire/platform/export/platform/hw/connect_top.xsa -mem-ranges [list {0x80000000 0xbfffffff} {0x400000000 0x5ffffffff} {0x1000000000 0x7fffffffff}]
10:38:45 INFO  : configparams force-mem-access 1
10:38:45 INFO  : targets -set -nocase -filter {name =~"APU*" && jtag_cable_name =~ "Platform Cable USB II 00001a50030301" && jtag_device_ctx=="jsn-DLC10-00001a50030301-5ba00477-0"}
10:38:45 INFO  : source /home3/CAD/Vitis2025_2/2025.2/Vitis/vitis-server/scripts/jtag_reg.tcl
10:38:45 INFO  : Boot mode is read from the target.
10:38:45 INFO  : Boot mode of the target is set to jtag.
10:38:45 INFO  : targets -set -nocase -filter {name =~ "*A53*#0" && jtag_cable_name =~ "Platform Cable USB II 00001a50030301" && jtag_device_ctx=="jsn-DLC10-00001a50030301-5ba00477-0"}
10:38:45 INFO  : rst -processor
10:38:51 INFO  : dow /home3/shared/chapman44/cheshire/platform/export/platform/sw/boot/fsbl.elf
10:38:51 INFO  : set bp_38_51_fsbl_bp [bpadd -addr &XFsbl_Exit]
10:38:52 INFO  : con -block -timeout 60
10:38:52 INFO  : bpremove $bp_38_51_fsbl_bp
10:38:52 INFO  : targets -set -nocase -filter {name =~ "*A53*#0" && jtag_cable_name =~ "Platform Cable USB II 00001a50030301" && jtag_device_ctx=="jsn-DLC10-00001a50030301-5ba00477-0"}
10:38:52 INFO  : rst -processor
10:38:58 INFO  : dow /home3/shared/chapman44/cheshire/app_component/build/app_component.elf
10:38:58 INFO  : con
10:38:58 INFO  : configparams force-mem-access 0
10:38:59 INFO  : Testing the connection for 127.0.0.1
10:40:12 INFO  : disconnect
10:40:38 INFO  : connect -url tcp:127.0.0.1:3121
10:40:38 INFO  : bpremove -all
10:40:38 INFO  : source /home3/CAD/Vitis2025_2/2025.2/Vitis/scripts/vitis/util/zynqmp_utils.tcl
10:40:39 INFO  : Context for 'APU' is selected.
10:40:39 INFO  : System reset is completed.
10:40:42 INFO  : 'after 3000' command is executed.
10:40:51 ERROR : Failed to initialize the hardware. Could not find FPGA device on the board for connection 'Local'.


Troubleshooting hints:
1. Check whether board is connected to system properly.
2. In case of zynq board, check whether Digilent/Xilinx cable switch settings are correct.
3. If you are using Xilinx Platform Cable USB, ensure that status LED is green.
10:40:57 INFO  : BSP build will be initiated for Domain zynqmp_fsbl
10:40:57 INFO  : BSP build will be initiated for Domain standalone_psu_cortexa53_0
10:40:57 INFO  : Generating BSP for the domain /home3/shared/chapman44/cheshire/platform/zynqmp_fsbl/zynqmp_fsbl_bsp
10:40:57 INFO  : Generating BSP for the domain /home3/shared/chapman44/cheshire/platform/psu_cortexa53_0/standalone_psu_cortexa53_0/bsp
10:40:57 INFO  : lopper command to reconfigure BSP :empyro reconfig_bsp -d /home3/shared/chapman44/cheshire/platform/zynqmp_fsbl/zynqmp_fsbl_bsp
10:40:57 INFO  : lopper command to reconfigure BSP :empyro reconfig_bsp -d /home3/shared/chapman44/cheshire/platform/psu_cortexa53_0/standalone_psu_cortexa53_0/bsp
10:40:57 INFO  : bash, -c, empyro reconfig_bsp -d /home3/shared/chapman44/cheshire/platform/psu_cortexa53_0/standalone_psu_cortexa53_0/bsp
10:40:57 INFO  : bash, -c, empyro reconfig_bsp -d /home3/shared/chapman44/cheshire/platform/zynqmp_fsbl/zynqmp_fsbl_bsp
10:40:57 INFO  : Domain reconfigured successfully
10:40:57 INFO  : Generating BSP for the domain /home3/shared/chapman44/cheshire/platform/psu_cortexa53_0/standalone_psu_cortexa53_0/bsp
10:40:57 INFO  : lopper command to build BSP :empyro build_bsp -d /home3/shared/chapman44/cheshire/platform/psu_cortexa53_0/standalone_psu_cortexa53_0/bsp
10:40:57 INFO  : bash, -c, empyro build_bsp -d /home3/shared/chapman44/cheshire/platform/psu_cortexa53_0/standalone_psu_cortexa53_0/bsp
10:40:57 INFO  : Domain reconfigured successfully
10:40:57 INFO  : Generating BSP for the domain /home3/shared/chapman44/cheshire/platform/zynqmp_fsbl/zynqmp_fsbl_bsp
10:40:57 INFO  : lopper command to build BSP :empyro build_bsp -d /home3/shared/chapman44/cheshire/platform/zynqmp_fsbl/zynqmp_fsbl_bsp
10:40:57 INFO  : bash, -c, empyro build_bsp -d /home3/shared/chapman44/cheshire/platform/zynqmp_fsbl/zynqmp_fsbl_bsp
10:40:58 INFO  : Domain build successfully
10:40:58 INFO  : Domain build successfully
10:40:58 INFO  : Generating Boot ELFs
10:40:58 INFO  : lopper command to retarget baremetal application :empyro retarget_app -s /home3/shared/chapman44/cheshire/platform/zynqmp_fsbl -d /home3/shared/chapman44/cheshire/platform/zynqmp_fsbl/zynqmp_fsbl_bsp -b /home3/shared/chapman44/cheshire/platform/zynqmp_fsbl/build
10:40:58 INFO  : bash, -c, empyro retarget_app -s /home3/shared/chapman44/cheshire/platform/zynqmp_fsbl -d /home3/shared/chapman44/cheshire/platform/zynqmp_fsbl/zynqmp_fsbl_bsp -b /home3/shared/chapman44/cheshire/platform/zynqmp_fsbl/build
10:40:58 INFO  : [INFO]: Retargeting app
10:40:58 INFO  : [INFO]: Updating link libraries based on new domain
10:40:58 INFO  : Successfully retargeted Application /home3/shared/chapman44/cheshire/platform/zynqmp_fsbl
10:40:58 INFO  : lopper command to build baremetal application :empyro build_app --src_dir /home3/shared/chapman44/cheshire/platform/zynqmp_fsbl --build_dir /home3/shared/chapman44/cheshire/platform/zynqmp_fsbl/build
10:40:58 INFO  : bash, -c, empyro build_app --src_dir /home3/shared/chapman44/cheshire/platform/zynqmp_fsbl --build_dir /home3/shared/chapman44/cheshire/platform/zynqmp_fsbl/build
10:41:01 INFO  : Successfully building the baremetal application/home3/shared/chapman44/cheshire/platform/zynqmp_fsbl/build
10:41:01 INFO  : Generating Export directory
10:41:01 INFO  : Platform Build Finished successfully.
10:41:01 INFO  : lopper command to retarget baremetal application :empyro retarget_app -s /home3/shared/chapman44/cheshire/app_component/src -d /home3/shared/chapman44/cheshire/platform/export/platform/sw/standalone_psu_cortexa53_0 -b /home3/shared/chapman44/cheshire/app_component/build
10:41:01 INFO  : bash, -c, empyro retarget_app -s /home3/shared/chapman44/cheshire/app_component/src -d /home3/shared/chapman44/cheshire/platform/export/platform/sw/standalone_psu_cortexa53_0 -b /home3/shared/chapman44/cheshire/app_component/build
10:41:01 INFO  : [INFO]: Retargeting app
10:41:01 INFO  : [INFO]: Updating link libraries based on new domain
10:41:01 INFO  : Successfully retargeted Application /home3/shared/chapman44/cheshire/app_component/src
10:41:01 INFO  : Initiating build for the app_component component.
10:41:01 INFO  : bash, -c, empyro build_app -s /home3/shared/chapman44/cheshire/app_component/src -b /home3/shared/chapman44/cheshire/app_component/build
10:41:01 INFO  : Command: bash -c unset CC CXX ;empyro build_app -s /home3/shared/chapman44/cheshire/app_component/src -b /home3/shared/chapman44/cheshire/app_component/build
10:41:19 INFO  : connect -url tcp:127.0.0.1:3121
10:41:19 INFO  : bpremove -all
10:41:19 INFO  : source /home3/CAD/Vitis2025_2/2025.2/Vitis/scripts/vitis/util/zynqmp_utils.tcl
10:41:19 INFO  : Context for 'APU' is selected.
10:41:20 INFO  : System reset is completed.
10:41:23 INFO  : 'after 3000' command is executed.
10:41:23 INFO  : 'targets -set -filter {jtag_cable_name =~ "Platform Cable USB II 00001a50030301" && level==0 && jtag_device_ctx=="jsn-DLC10-00001a50030301-24738093-0"}' command is executed.
10:42:37 INFO  : Device configured successfully with "/home3/shared/chapman44/cheshire/app_component/_ide/bitstream/connect_top.bit"
10:42:37 INFO  : targets -set -nocase -filter {name =~"PSU*" && jtag_cable_name =~ "Platform Cable USB II 00001a50030301" && jtag_device_ctx=="jsn-DLC10-00001a50030301-5ba00477-0"}
10:42:37 INFO  : catch {disable_pmu_gate}
10:42:37 INFO  : targets -set -nocase -filter {name =~"APU*" && jtag_cable_name =~ "Platform Cable USB II 00001a50030301" && jtag_device_ctx=="jsn-DLC10-00001a50030301-5ba00477-0"}
10:42:43 INFO  : loadhw -hw /home3/shared/chapman44/cheshire/platform/export/platform/hw/connect_top.xsa -mem-ranges [list {0x80000000 0xbfffffff} {0x400000000 0x5ffffffff} {0x1000000000 0x7fffffffff}]
10:42:43 INFO  : configparams force-mem-access 1
10:42:44 INFO  : targets -set -nocase -filter {name =~"APU*" && jtag_cable_name =~ "Platform Cable USB II 00001a50030301" && jtag_device_ctx=="jsn-DLC10-00001a50030301-5ba00477-0"}
10:42:44 INFO  : source /home3/CAD/Vitis2025_2/2025.2/Vitis/vitis-server/scripts/jtag_reg.tcl
10:42:44 INFO  : Boot mode is read from the target.
10:42:44 INFO  : Boot mode of the target is set to jtag.
10:42:44 INFO  : targets -set -nocase -filter {name =~ "*A53*#0" && jtag_cable_name =~ "Platform Cable USB II 00001a50030301" && jtag_device_ctx=="jsn-DLC10-00001a50030301-5ba00477-0"}
10:42:44 INFO  : rst -processor
10:42:50 INFO  : dow /home3/shared/chapman44/cheshire/platform/export/platform/sw/boot/fsbl.elf
10:42:50 INFO  : set bp_42_50_fsbl_bp [bpadd -addr &XFsbl_Exit]
10:42:51 INFO  : con -block -timeout 60
10:42:51 INFO  : bpremove $bp_42_50_fsbl_bp
10:42:51 INFO  : targets -set -nocase -filter {name =~ "*A53*#0" && jtag_cable_name =~ "Platform Cable USB II 00001a50030301" && jtag_device_ctx=="jsn-DLC10-00001a50030301-5ba00477-0"}
10:42:51 INFO  : rst -processor
10:42:57 INFO  : dow /home3/shared/chapman44/cheshire/app_component/build/app_component.elf
10:42:57 INFO  : con
10:42:57 INFO  : configparams force-mem-access 0
10:42:58 INFO  : Testing the connection for 127.0.0.1
10:43:05 INFO  : disconnect
10:43:45 INFO  : BSP build will be initiated for Domain zynqmp_fsbl
10:43:45 INFO  : BSP build will be initiated for Domain standalone_psu_cortexa53_0
10:43:45 INFO  : Generating BSP for the domain /home3/shared/chapman44/cheshire/platform/zynqmp_fsbl/zynqmp_fsbl_bsp
10:43:45 INFO  : Generating BSP for the domain /home3/shared/chapman44/cheshire/platform/psu_cortexa53_0/standalone_psu_cortexa53_0/bsp
10:43:45 INFO  : lopper command to reconfigure BSP :empyro reconfig_bsp -d /home3/shared/chapman44/cheshire/platform/zynqmp_fsbl/zynqmp_fsbl_bsp
10:43:45 INFO  : lopper command to reconfigure BSP :empyro reconfig_bsp -d /home3/shared/chapman44/cheshire/platform/psu_cortexa53_0/standalone_psu_cortexa53_0/bsp
10:43:45 INFO  : bash, -c, empyro reconfig_bsp -d /home3/shared/chapman44/cheshire/platform/psu_cortexa53_0/standalone_psu_cortexa53_0/bsp
10:43:45 INFO  : bash, -c, empyro reconfig_bsp -d /home3/shared/chapman44/cheshire/platform/zynqmp_fsbl/zynqmp_fsbl_bsp
10:43:46 INFO  : Domain reconfigured successfully
10:43:46 INFO  : Generating BSP for the domain /home3/shared/chapman44/cheshire/platform/psu_cortexa53_0/standalone_psu_cortexa53_0/bsp
10:43:46 INFO  : lopper command to build BSP :empyro build_bsp -d /home3/shared/chapman44/cheshire/platform/psu_cortexa53_0/standalone_psu_cortexa53_0/bsp
10:43:46 INFO  : bash, -c, empyro build_bsp -d /home3/shared/chapman44/cheshire/platform/psu_cortexa53_0/standalone_psu_cortexa53_0/bsp
10:43:46 INFO  : Domain reconfigured successfully
10:43:46 INFO  : Generating BSP for the domain /home3/shared/chapman44/cheshire/platform/zynqmp_fsbl/zynqmp_fsbl_bsp
10:43:46 INFO  : lopper command to build BSP :empyro build_bsp -d /home3/shared/chapman44/cheshire/platform/zynqmp_fsbl/zynqmp_fsbl_bsp
10:43:46 INFO  : bash, -c, empyro build_bsp -d /home3/shared/chapman44/cheshire/platform/zynqmp_fsbl/zynqmp_fsbl_bsp
10:43:46 INFO  : Domain build successfully
10:43:46 INFO  : Domain build successfully
10:43:46 INFO  : Generating Boot ELFs
10:43:46 INFO  : lopper command to retarget baremetal application :empyro retarget_app -s /home3/shared/chapman44/cheshire/platform/zynqmp_fsbl -d /home3/shared/chapman44/cheshire/platform/zynqmp_fsbl/zynqmp_fsbl_bsp -b /home3/shared/chapman44/cheshire/platform/zynqmp_fsbl/build
10:43:46 INFO  : bash, -c, empyro retarget_app -s /home3/shared/chapman44/cheshire/platform/zynqmp_fsbl -d /home3/shared/chapman44/cheshire/platform/zynqmp_fsbl/zynqmp_fsbl_bsp -b /home3/shared/chapman44/cheshire/platform/zynqmp_fsbl/build
10:43:46 INFO  : [INFO]: Retargeting app
10:43:46 INFO  : [INFO]: Updating link libraries based on new domain
10:43:46 INFO  : Successfully retargeted Application /home3/shared/chapman44/cheshire/platform/zynqmp_fsbl
10:43:46 INFO  : lopper command to build baremetal application :empyro build_app --src_dir /home3/shared/chapman44/cheshire/platform/zynqmp_fsbl --build_dir /home3/shared/chapman44/cheshire/platform/zynqmp_fsbl/build
10:43:46 INFO  : bash, -c, empyro build_app --src_dir /home3/shared/chapman44/cheshire/platform/zynqmp_fsbl --build_dir /home3/shared/chapman44/cheshire/platform/zynqmp_fsbl/build
10:43:49 INFO  : Successfully building the baremetal application/home3/shared/chapman44/cheshire/platform/zynqmp_fsbl/build
10:43:49 INFO  : Generating Export directory
10:43:49 INFO  : Platform Build Finished successfully.
10:43:50 INFO  : lopper command to retarget baremetal application :empyro retarget_app -s /home3/shared/chapman44/cheshire/app_component/src -d /home3/shared/chapman44/cheshire/platform/export/platform/sw/standalone_psu_cortexa53_0 -b /home3/shared/chapman44/cheshire/app_component/build
10:43:50 INFO  : bash, -c, empyro retarget_app -s /home3/shared/chapman44/cheshire/app_component/src -d /home3/shared/chapman44/cheshire/platform/export/platform/sw/standalone_psu_cortexa53_0 -b /home3/shared/chapman44/cheshire/app_component/build
10:43:50 INFO  : [INFO]: Retargeting app
10:43:50 INFO  : [INFO]: Updating link libraries based on new domain
10:43:50 INFO  : Successfully retargeted Application /home3/shared/chapman44/cheshire/app_component/src
10:43:50 INFO  : Initiating build for the app_component component.
10:43:50 INFO  : bash, -c, empyro build_app -s /home3/shared/chapman44/cheshire/app_component/src -b /home3/shared/chapman44/cheshire/app_component/build
10:43:50 INFO  : Command: bash -c unset CC CXX ;empyro build_app -s /home3/shared/chapman44/cheshire/app_component/src -b /home3/shared/chapman44/cheshire/app_component/build
10:43:56 INFO  : connect -url tcp:127.0.0.1:3121
10:43:56 INFO  : bpremove -all
10:43:56 INFO  : source /home3/CAD/Vitis2025_2/2025.2/Vitis/scripts/vitis/util/zynqmp_utils.tcl
10:43:57 INFO  : Context for 'APU' is selected.
10:43:57 INFO  : System reset is completed.
10:44:00 INFO  : 'after 3000' command is executed.
10:44:00 INFO  : 'targets -set -filter {jtag_cable_name =~ "Platform Cable USB II 00001a50030301" && level==0 && jtag_device_ctx=="jsn-DLC10-00001a50030301-24738093-0"}' command is executed.
10:45:14 INFO  : Device configured successfully with "/home3/shared/chapman44/cheshire/app_component/_ide/bitstream/connect_top.bit"
10:45:15 INFO  : targets -set -nocase -filter {name =~"PSU*" && jtag_cable_name =~ "Platform Cable USB II 00001a50030301" && jtag_device_ctx=="jsn-DLC10-00001a50030301-5ba00477-0"}
10:45:15 INFO  : catch {disable_pmu_gate}
10:45:15 INFO  : targets -set -nocase -filter {name =~"APU*" && jtag_cable_name =~ "Platform Cable USB II 00001a50030301" && jtag_device_ctx=="jsn-DLC10-00001a50030301-5ba00477-0"}
10:45:21 INFO  : loadhw -hw /home3/shared/chapman44/cheshire/platform/export/platform/hw/connect_top.xsa -mem-ranges [list {0x80000000 0xbfffffff} {0x400000000 0x5ffffffff} {0x1000000000 0x7fffffffff}]
10:45:21 INFO  : configparams force-mem-access 1
10:45:21 INFO  : targets -set -nocase -filter {name =~"APU*" && jtag_cable_name =~ "Platform Cable USB II 00001a50030301" && jtag_device_ctx=="jsn-DLC10-00001a50030301-5ba00477-0"}
10:45:21 INFO  : source /home3/CAD/Vitis2025_2/2025.2/Vitis/vitis-server/scripts/jtag_reg.tcl
10:45:21 INFO  : Boot mode is read from the target.
10:45:21 INFO  : Boot mode of the target is set to jtag.
10:45:21 INFO  : targets -set -nocase -filter {name =~ "*A53*#0" && jtag_cable_name =~ "Platform Cable USB II 00001a50030301" && jtag_device_ctx=="jsn-DLC10-00001a50030301-5ba00477-0"}
10:45:22 INFO  : rst -processor
10:45:28 INFO  : dow /home3/shared/chapman44/cheshire/platform/export/platform/sw/boot/fsbl.elf
10:45:28 INFO  : set bp_45_28_fsbl_bp [bpadd -addr &XFsbl_Exit]
10:45:29 INFO  : con -block -timeout 60
10:45:29 INFO  : bpremove $bp_45_28_fsbl_bp
10:45:29 INFO  : targets -set -nocase -filter {name =~ "*A53*#0" && jtag_cable_name =~ "Platform Cable USB II 00001a50030301" && jtag_device_ctx=="jsn-DLC10-00001a50030301-5ba00477-0"}
10:45:29 INFO  : rst -processor
10:45:35 INFO  : dow /home3/shared/chapman44/cheshire/app_component/build/app_component.elf
10:45:35 INFO  : con
10:45:35 INFO  : configparams force-mem-access 0
10:45:36 INFO  : Testing the connection for 127.0.0.1
10:46:33 INFO  : disconnect
10:46:50 INFO  : BSP build will be initiated for Domain zynqmp_fsbl
10:46:50 INFO  : BSP build will be initiated for Domain standalone_psu_cortexa53_0
10:46:50 INFO  : Generating BSP for the domain /home3/shared/chapman44/cheshire/platform/zynqmp_fsbl/zynqmp_fsbl_bsp
10:46:50 INFO  : Generating BSP for the domain /home3/shared/chapman44/cheshire/platform/psu_cortexa53_0/standalone_psu_cortexa53_0/bsp
10:46:50 INFO  : lopper command to reconfigure BSP :empyro reconfig_bsp -d /home3/shared/chapman44/cheshire/platform/zynqmp_fsbl/zynqmp_fsbl_bsp
10:46:50 INFO  : lopper command to reconfigure BSP :empyro reconfig_bsp -d /home3/shared/chapman44/cheshire/platform/psu_cortexa53_0/standalone_psu_cortexa53_0/bsp
10:46:50 INFO  : bash, -c, empyro reconfig_bsp -d /home3/shared/chapman44/cheshire/platform/zynqmp_fsbl/zynqmp_fsbl_bsp
10:46:50 INFO  : bash, -c, empyro reconfig_bsp -d /home3/shared/chapman44/cheshire/platform/psu_cortexa53_0/standalone_psu_cortexa53_0/bsp
10:46:50 INFO  : Domain reconfigured successfully
10:46:50 INFO  : Generating BSP for the domain /home3/shared/chapman44/cheshire/platform/psu_cortexa53_0/standalone_psu_cortexa53_0/bsp
10:46:50 INFO  : lopper command to build BSP :empyro build_bsp -d /home3/shared/chapman44/cheshire/platform/psu_cortexa53_0/standalone_psu_cortexa53_0/bsp
10:46:50 INFO  : bash, -c, empyro build_bsp -d /home3/shared/chapman44/cheshire/platform/psu_cortexa53_0/standalone_psu_cortexa53_0/bsp
10:46:50 INFO  : Domain reconfigured successfully
10:46:50 INFO  : Generating BSP for the domain /home3/shared/chapman44/cheshire/platform/zynqmp_fsbl/zynqmp_fsbl_bsp
10:46:50 INFO  : lopper command to build BSP :empyro build_bsp -d /home3/shared/chapman44/cheshire/platform/zynqmp_fsbl/zynqmp_fsbl_bsp
10:46:50 INFO  : bash, -c, empyro build_bsp -d /home3/shared/chapman44/cheshire/platform/zynqmp_fsbl/zynqmp_fsbl_bsp
10:46:51 INFO  : Domain build successfully
10:46:51 INFO  : Domain build successfully
10:46:51 INFO  : Generating Boot ELFs
10:46:51 INFO  : lopper command to retarget baremetal application :empyro retarget_app -s /home3/shared/chapman44/cheshire/platform/zynqmp_fsbl -d /home3/shared/chapman44/cheshire/platform/zynqmp_fsbl/zynqmp_fsbl_bsp -b /home3/shared/chapman44/cheshire/platform/zynqmp_fsbl/build
10:46:51 INFO  : bash, -c, empyro retarget_app -s /home3/shared/chapman44/cheshire/platform/zynqmp_fsbl -d /home3/shared/chapman44/cheshire/platform/zynqmp_fsbl/zynqmp_fsbl_bsp -b /home3/shared/chapman44/cheshire/platform/zynqmp_fsbl/build
10:46:51 INFO  : [INFO]: Retargeting app
10:46:51 INFO  : [INFO]: Updating link libraries based on new domain
10:46:51 INFO  : Successfully retargeted Application /home3/shared/chapman44/cheshire/platform/zynqmp_fsbl
10:46:51 INFO  : lopper command to build baremetal application :empyro build_app --src_dir /home3/shared/chapman44/cheshire/platform/zynqmp_fsbl --build_dir /home3/shared/chapman44/cheshire/platform/zynqmp_fsbl/build
10:46:51 INFO  : bash, -c, empyro build_app --src_dir /home3/shared/chapman44/cheshire/platform/zynqmp_fsbl --build_dir /home3/shared/chapman44/cheshire/platform/zynqmp_fsbl/build
10:46:54 INFO  : Successfully building the baremetal application/home3/shared/chapman44/cheshire/platform/zynqmp_fsbl/build
10:46:54 INFO  : Generating Export directory
10:46:54 INFO  : Platform Build Finished successfully.
10:46:54 INFO  : lopper command to retarget baremetal application :empyro retarget_app -s /home3/shared/chapman44/cheshire/app_component/src -d /home3/shared/chapman44/cheshire/platform/export/platform/sw/standalone_psu_cortexa53_0 -b /home3/shared/chapman44/cheshire/app_component/build
10:46:54 INFO  : bash, -c, empyro retarget_app -s /home3/shared/chapman44/cheshire/app_component/src -d /home3/shared/chapman44/cheshire/platform/export/platform/sw/standalone_psu_cortexa53_0 -b /home3/shared/chapman44/cheshire/app_component/build
10:46:54 INFO  : [INFO]: Retargeting app
10:46:54 INFO  : [INFO]: Updating link libraries based on new domain
10:46:54 INFO  : Successfully retargeted Application /home3/shared/chapman44/cheshire/app_component/src
10:46:54 INFO  : Initiating build for the app_component component.
10:46:54 INFO  : bash, -c, empyro build_app -s /home3/shared/chapman44/cheshire/app_component/src -b /home3/shared/chapman44/cheshire/app_component/build
10:46:54 INFO  : Command: bash -c unset CC CXX ;empyro build_app -s /home3/shared/chapman44/cheshire/app_component/src -b /home3/shared/chapman44/cheshire/app_component/build
10:46:58 INFO  : connect -url tcp:127.0.0.1:3121
10:46:58 INFO  : bpremove -all
10:46:58 INFO  : source /home3/CAD/Vitis2025_2/2025.2/Vitis/scripts/vitis/util/zynqmp_utils.tcl
10:46:58 INFO  : Context for 'APU' is selected.
10:46:59 INFO  : System reset is completed.
10:47:02 INFO  : 'after 3000' command is executed.
10:47:02 INFO  : 'targets -set -filter {jtag_cable_name =~ "Platform Cable USB II 00001a50030301" && level==0 && jtag_device_ctx=="jsn-DLC10-00001a50030301-24738093-0"}' command is executed.
10:48:16 INFO  : Device configured successfully with "/home3/shared/chapman44/cheshire/app_component/_ide/bitstream/connect_top.bit"
10:48:16 INFO  : targets -set -nocase -filter {name =~"PSU*" && jtag_cable_name =~ "Platform Cable USB II 00001a50030301" && jtag_device_ctx=="jsn-DLC10-00001a50030301-5ba00477-0"}
10:48:16 INFO  : catch {disable_pmu_gate}
10:48:16 INFO  : targets -set -nocase -filter {name =~"APU*" && jtag_cable_name =~ "Platform Cable USB II 00001a50030301" && jtag_device_ctx=="jsn-DLC10-00001a50030301-5ba00477-0"}
10:48:23 INFO  : loadhw -hw /home3/shared/chapman44/cheshire/platform/export/platform/hw/connect_top.xsa -mem-ranges [list {0x80000000 0xbfffffff} {0x400000000 0x5ffffffff} {0x1000000000 0x7fffffffff}]
10:48:23 INFO  : configparams force-mem-access 1
10:48:23 INFO  : targets -set -nocase -filter {name =~"APU*" && jtag_cable_name =~ "Platform Cable USB II 00001a50030301" && jtag_device_ctx=="jsn-DLC10-00001a50030301-5ba00477-0"}
10:48:23 INFO  : source /home3/CAD/Vitis2025_2/2025.2/Vitis/vitis-server/scripts/jtag_reg.tcl
10:48:23 INFO  : Boot mode is read from the target.
10:48:23 INFO  : Boot mode of the target is set to jtag.
10:48:23 INFO  : targets -set -nocase -filter {name =~ "*A53*#0" && jtag_cable_name =~ "Platform Cable USB II 00001a50030301" && jtag_device_ctx=="jsn-DLC10-00001a50030301-5ba00477-0"}
10:48:23 INFO  : rst -processor
10:48:29 INFO  : dow /home3/shared/chapman44/cheshire/platform/export/platform/sw/boot/fsbl.elf
10:48:29 INFO  : set bp_48_29_fsbl_bp [bpadd -addr &XFsbl_Exit]
10:48:30 INFO  : con -block -timeout 60
10:48:30 INFO  : bpremove $bp_48_29_fsbl_bp
10:48:30 INFO  : targets -set -nocase -filter {name =~ "*A53*#0" && jtag_cable_name =~ "Platform Cable USB II 00001a50030301" && jtag_device_ctx=="jsn-DLC10-00001a50030301-5ba00477-0"}
10:48:30 INFO  : rst -processor
10:48:36 INFO  : dow /home3/shared/chapman44/cheshire/app_component/build/app_component.elf
10:48:36 INFO  : con
10:48:36 INFO  : configparams force-mem-access 0
10:48:37 INFO  : Testing the connection for 127.0.0.1
10:51:28 INFO  : disconnect
10:51:49 INFO  : BSP build will be initiated for Domain zynqmp_fsbl
10:51:49 INFO  : BSP build will be initiated for Domain standalone_psu_cortexa53_0
10:51:49 INFO  : Generating BSP for the domain /home3/shared/chapman44/cheshire/platform/zynqmp_fsbl/zynqmp_fsbl_bsp
10:51:49 INFO  : Generating BSP for the domain /home3/shared/chapman44/cheshire/platform/psu_cortexa53_0/standalone_psu_cortexa53_0/bsp
10:51:49 INFO  : lopper command to reconfigure BSP :empyro reconfig_bsp -d /home3/shared/chapman44/cheshire/platform/zynqmp_fsbl/zynqmp_fsbl_bsp
10:51:49 INFO  : lopper command to reconfigure BSP :empyro reconfig_bsp -d /home3/shared/chapman44/cheshire/platform/psu_cortexa53_0/standalone_psu_cortexa53_0/bsp
10:51:49 INFO  : bash, -c, empyro reconfig_bsp -d /home3/shared/chapman44/cheshire/platform/psu_cortexa53_0/standalone_psu_cortexa53_0/bsp
10:51:49 INFO  : bash, -c, empyro reconfig_bsp -d /home3/shared/chapman44/cheshire/platform/zynqmp_fsbl/zynqmp_fsbl_bsp
10:51:49 INFO  : Domain reconfigured successfully
10:51:49 INFO  : Generating BSP for the domain /home3/shared/chapman44/cheshire/platform/psu_cortexa53_0/standalone_psu_cortexa53_0/bsp
10:51:49 INFO  : lopper command to build BSP :empyro build_bsp -d /home3/shared/chapman44/cheshire/platform/psu_cortexa53_0/standalone_psu_cortexa53_0/bsp
10:51:49 INFO  : bash, -c, empyro build_bsp -d /home3/shared/chapman44/cheshire/platform/psu_cortexa53_0/standalone_psu_cortexa53_0/bsp
10:51:49 INFO  : Domain reconfigured successfully
10:51:49 INFO  : Generating BSP for the domain /home3/shared/chapman44/cheshire/platform/zynqmp_fsbl/zynqmp_fsbl_bsp
10:51:49 INFO  : lopper command to build BSP :empyro build_bsp -d /home3/shared/chapman44/cheshire/platform/zynqmp_fsbl/zynqmp_fsbl_bsp
10:51:49 INFO  : bash, -c, empyro build_bsp -d /home3/shared/chapman44/cheshire/platform/zynqmp_fsbl/zynqmp_fsbl_bsp
10:51:50 INFO  : Domain build successfully
10:51:50 INFO  : Domain build successfully
10:51:50 INFO  : Generating Boot ELFs
10:51:50 INFO  : lopper command to retarget baremetal application :empyro retarget_app -s /home3/shared/chapman44/cheshire/platform/zynqmp_fsbl -d /home3/shared/chapman44/cheshire/platform/zynqmp_fsbl/zynqmp_fsbl_bsp -b /home3/shared/chapman44/cheshire/platform/zynqmp_fsbl/build
10:51:50 INFO  : bash, -c, empyro retarget_app -s /home3/shared/chapman44/cheshire/platform/zynqmp_fsbl -d /home3/shared/chapman44/cheshire/platform/zynqmp_fsbl/zynqmp_fsbl_bsp -b /home3/shared/chapman44/cheshire/platform/zynqmp_fsbl/build
10:51:50 INFO  : [INFO]: Retargeting app
10:51:50 INFO  : [INFO]: Updating link libraries based on new domain
10:51:50 INFO  : Successfully retargeted Application /home3/shared/chapman44/cheshire/platform/zynqmp_fsbl
10:51:50 INFO  : lopper command to build baremetal application :empyro build_app --src_dir /home3/shared/chapman44/cheshire/platform/zynqmp_fsbl --build_dir /home3/shared/chapman44/cheshire/platform/zynqmp_fsbl/build
10:51:50 INFO  : bash, -c, empyro build_app --src_dir /home3/shared/chapman44/cheshire/platform/zynqmp_fsbl --build_dir /home3/shared/chapman44/cheshire/platform/zynqmp_fsbl/build
10:51:53 INFO  : Successfully building the baremetal application/home3/shared/chapman44/cheshire/platform/zynqmp_fsbl/build
10:51:53 INFO  : Generating Export directory
10:51:53 INFO  : Platform Build Finished successfully.
10:51:53 INFO  : lopper command to retarget baremetal application :empyro retarget_app -s /home3/shared/chapman44/cheshire/app_component/src -d /home3/shared/chapman44/cheshire/platform/export/platform/sw/standalone_psu_cortexa53_0 -b /home3/shared/chapman44/cheshire/app_component/build
10:51:53 INFO  : bash, -c, empyro retarget_app -s /home3/shared/chapman44/cheshire/app_component/src -d /home3/shared/chapman44/cheshire/platform/export/platform/sw/standalone_psu_cortexa53_0 -b /home3/shared/chapman44/cheshire/app_component/build
10:51:53 INFO  : [INFO]: Retargeting app
10:51:53 INFO  : [INFO]: Updating link libraries based on new domain
10:51:53 INFO  : Successfully retargeted Application /home3/shared/chapman44/cheshire/app_component/src
10:51:53 INFO  : Initiating build for the app_component component.
10:51:53 INFO  : bash, -c, empyro build_app -s /home3/shared/chapman44/cheshire/app_component/src -b /home3/shared/chapman44/cheshire/app_component/build
10:51:53 INFO  : Command: bash -c unset CC CXX ;empyro build_app -s /home3/shared/chapman44/cheshire/app_component/src -b /home3/shared/chapman44/cheshire/app_component/build
10:51:56 INFO  : connect -url tcp:127.0.0.1:3121
10:51:56 INFO  : bpremove -all
10:51:56 INFO  : source /home3/CAD/Vitis2025_2/2025.2/Vitis/scripts/vitis/util/zynqmp_utils.tcl
10:51:56 INFO  : Context for 'APU' is selected.
10:51:57 INFO  : System reset is completed.
10:52:00 INFO  : 'after 3000' command is executed.
10:52:00 INFO  : 'targets -set -filter {jtag_cable_name =~ "Platform Cable USB II 00001a50030301" && level==0 && jtag_device_ctx=="jsn-DLC10-00001a50030301-24738093-0"}' command is executed.
10:53:14 INFO  : Device configured successfully with "/home3/shared/chapman44/cheshire/app_component/_ide/bitstream/connect_top.bit"
10:53:14 INFO  : targets -set -nocase -filter {name =~"PSU*" && jtag_cable_name =~ "Platform Cable USB II 00001a50030301" && jtag_device_ctx=="jsn-DLC10-00001a50030301-5ba00477-0"}
10:53:14 INFO  : catch {disable_pmu_gate}
10:53:14 INFO  : targets -set -nocase -filter {name =~"APU*" && jtag_cable_name =~ "Platform Cable USB II 00001a50030301" && jtag_device_ctx=="jsn-DLC10-00001a50030301-5ba00477-0"}
10:53:20 INFO  : loadhw -hw /home3/shared/chapman44/cheshire/platform/export/platform/hw/connect_top.xsa -mem-ranges [list {0x80000000 0xbfffffff} {0x400000000 0x5ffffffff} {0x1000000000 0x7fffffffff}]
10:53:20 INFO  : configparams force-mem-access 1
10:53:20 INFO  : targets -set -nocase -filter {name =~"APU*" && jtag_cable_name =~ "Platform Cable USB II 00001a50030301" && jtag_device_ctx=="jsn-DLC10-00001a50030301-5ba00477-0"}
10:53:20 INFO  : source /home3/CAD/Vitis2025_2/2025.2/Vitis/vitis-server/scripts/jtag_reg.tcl
10:53:20 INFO  : Boot mode is read from the target.
10:53:20 INFO  : Boot mode of the target is set to jtag.
10:53:20 INFO  : targets -set -nocase -filter {name =~ "*A53*#0" && jtag_cable_name =~ "Platform Cable USB II 00001a50030301" && jtag_device_ctx=="jsn-DLC10-00001a50030301-5ba00477-0"}
10:53:20 INFO  : rst -processor
10:53:26 INFO  : dow /home3/shared/chapman44/cheshire/platform/export/platform/sw/boot/fsbl.elf
10:53:26 INFO  : set bp_53_26_fsbl_bp [bpadd -addr &XFsbl_Exit]
10:53:27 INFO  : con -block -timeout 60
10:53:27 INFO  : bpremove $bp_53_26_fsbl_bp
10:53:27 INFO  : targets -set -nocase -filter {name =~ "*A53*#0" && jtag_cable_name =~ "Platform Cable USB II 00001a50030301" && jtag_device_ctx=="jsn-DLC10-00001a50030301-5ba00477-0"}
10:53:28 INFO  : rst -processor
10:53:33 INFO  : dow /home3/shared/chapman44/cheshire/app_component/build/app_component.elf
10:53:33 INFO  : con
10:53:33 INFO  : configparams force-mem-access 0
10:53:35 INFO  : Testing the connection for 127.0.0.1
10:53:58 INFO  : BSP build will be initiated for Domain standalone_psu_cortexa53_0
10:53:58 INFO  : BSP build will be initiated for Domain zynqmp_fsbl
10:53:58 INFO  : Generating BSP for the domain /home3/shared/chapman44/cheshire/platform/psu_cortexa53_0/standalone_psu_cortexa53_0/bsp
10:53:58 INFO  : Generating BSP for the domain /home3/shared/chapman44/cheshire/platform/zynqmp_fsbl/zynqmp_fsbl_bsp
10:53:58 INFO  : lopper command to reconfigure BSP :empyro reconfig_bsp -d /home3/shared/chapman44/cheshire/platform/psu_cortexa53_0/standalone_psu_cortexa53_0/bsp
10:53:58 INFO  : lopper command to reconfigure BSP :empyro reconfig_bsp -d /home3/shared/chapman44/cheshire/platform/zynqmp_fsbl/zynqmp_fsbl_bsp
10:53:58 INFO  : bash, -c, empyro reconfig_bsp -d /home3/shared/chapman44/cheshire/platform/psu_cortexa53_0/standalone_psu_cortexa53_0/bsp
10:53:58 INFO  : bash, -c, empyro reconfig_bsp -d /home3/shared/chapman44/cheshire/platform/zynqmp_fsbl/zynqmp_fsbl_bsp
10:53:59 INFO  : Domain reconfigured successfully
10:53:59 INFO  : Generating BSP for the domain /home3/shared/chapman44/cheshire/platform/psu_cortexa53_0/standalone_psu_cortexa53_0/bsp
10:53:59 INFO  : lopper command to build BSP :empyro build_bsp -d /home3/shared/chapman44/cheshire/platform/psu_cortexa53_0/standalone_psu_cortexa53_0/bsp
10:53:59 INFO  : bash, -c, empyro build_bsp -d /home3/shared/chapman44/cheshire/platform/psu_cortexa53_0/standalone_psu_cortexa53_0/bsp
10:53:59 INFO  : Domain reconfigured successfully
10:53:59 INFO  : Generating BSP for the domain /home3/shared/chapman44/cheshire/platform/zynqmp_fsbl/zynqmp_fsbl_bsp
10:53:59 INFO  : lopper command to build BSP :empyro build_bsp -d /home3/shared/chapman44/cheshire/platform/zynqmp_fsbl/zynqmp_fsbl_bsp
10:53:59 INFO  : bash, -c, empyro build_bsp -d /home3/shared/chapman44/cheshire/platform/zynqmp_fsbl/zynqmp_fsbl_bsp
10:53:59 INFO  : Domain build successfully
10:53:59 INFO  : Domain build successfully
10:53:59 INFO  : Generating Boot ELFs
10:53:59 INFO  : lopper command to retarget baremetal application :empyro retarget_app -s /home3/shared/chapman44/cheshire/platform/zynqmp_fsbl -d /home3/shared/chapman44/cheshire/platform/zynqmp_fsbl/zynqmp_fsbl_bsp -b /home3/shared/chapman44/cheshire/platform/zynqmp_fsbl/build
10:53:59 INFO  : bash, -c, empyro retarget_app -s /home3/shared/chapman44/cheshire/platform/zynqmp_fsbl -d /home3/shared/chapman44/cheshire/platform/zynqmp_fsbl/zynqmp_fsbl_bsp -b /home3/shared/chapman44/cheshire/platform/zynqmp_fsbl/build
10:53:59 INFO  : disconnect
10:53:59 INFO  : [INFO]: Retargeting app
10:53:59 INFO  : [INFO]: Updating link libraries based on new domain
10:53:59 INFO  : Successfully retargeted Application /home3/shared/chapman44/cheshire/platform/zynqmp_fsbl
10:53:59 INFO  : lopper command to build baremetal application :empyro build_app --src_dir /home3/shared/chapman44/cheshire/platform/zynqmp_fsbl --build_dir /home3/shared/chapman44/cheshire/platform/zynqmp_fsbl/build
10:53:59 INFO  : bash, -c, empyro build_app --src_dir /home3/shared/chapman44/cheshire/platform/zynqmp_fsbl --build_dir /home3/shared/chapman44/cheshire/platform/zynqmp_fsbl/build
10:54:02 INFO  : Successfully building the baremetal application/home3/shared/chapman44/cheshire/platform/zynqmp_fsbl/build
10:54:02 INFO  : Generating Export directory
10:54:02 INFO  : Platform Build Finished successfully.
10:54:03 INFO  : lopper command to retarget baremetal application :empyro retarget_app -s /home3/shared/chapman44/cheshire/app_component/src -d /home3/shared/chapman44/cheshire/platform/export/platform/sw/standalone_psu_cortexa53_0 -b /home3/shared/chapman44/cheshire/app_component/build
10:54:03 INFO  : bash, -c, empyro retarget_app -s /home3/shared/chapman44/cheshire/app_component/src -d /home3/shared/chapman44/cheshire/platform/export/platform/sw/standalone_psu_cortexa53_0 -b /home3/shared/chapman44/cheshire/app_component/build
10:54:03 INFO  : [INFO]: Retargeting app
10:54:03 INFO  : [INFO]: Updating link libraries based on new domain
10:54:03 INFO  : Successfully retargeted Application /home3/shared/chapman44/cheshire/app_component/src
10:54:03 INFO  : Initiating build for the app_component component.
10:54:03 INFO  : bash, -c, empyro build_app -s /home3/shared/chapman44/cheshire/app_component/src -b /home3/shared/chapman44/cheshire/app_component/build
10:54:03 INFO  : Command: bash -c unset CC CXX ;empyro build_app -s /home3/shared/chapman44/cheshire/app_component/src -b /home3/shared/chapman44/cheshire/app_component/build
10:54:05 INFO  : connect -url tcp:127.0.0.1:3121
10:54:05 INFO  : bpremove -all
10:54:05 INFO  : source /home3/CAD/Vitis2025_2/2025.2/Vitis/scripts/vitis/util/zynqmp_utils.tcl
10:54:05 INFO  : Context for 'APU' is selected.
10:54:05 INFO  : System reset is completed.
10:54:08 INFO  : 'after 3000' command is executed.
10:54:08 INFO  : 'targets -set -filter {jtag_cable_name =~ "Platform Cable USB II 00001a50030301" && level==0 && jtag_device_ctx=="jsn-DLC10-00001a50030301-24738093-0"}' command is executed.
10:55:23 INFO  : Device configured successfully with "/home3/shared/chapman44/cheshire/app_component/_ide/bitstream/connect_top.bit"
10:55:23 INFO  : targets -set -nocase -filter {name =~"PSU*" && jtag_cable_name =~ "Platform Cable USB II 00001a50030301" && jtag_device_ctx=="jsn-DLC10-00001a50030301-5ba00477-0"}
10:55:23 INFO  : catch {disable_pmu_gate}
10:55:23 INFO  : targets -set -nocase -filter {name =~"APU*" && jtag_cable_name =~ "Platform Cable USB II 00001a50030301" && jtag_device_ctx=="jsn-DLC10-00001a50030301-5ba00477-0"}
10:55:29 INFO  : loadhw -hw /home3/shared/chapman44/cheshire/platform/export/platform/hw/connect_top.xsa -mem-ranges [list {0x80000000 0xbfffffff} {0x400000000 0x5ffffffff} {0x1000000000 0x7fffffffff}]
10:55:29 INFO  : configparams force-mem-access 1
10:55:29 INFO  : targets -set -nocase -filter {name =~"APU*" && jtag_cable_name =~ "Platform Cable USB II 00001a50030301" && jtag_device_ctx=="jsn-DLC10-00001a50030301-5ba00477-0"}
10:55:29 INFO  : source /home3/CAD/Vitis2025_2/2025.2/Vitis/vitis-server/scripts/jtag_reg.tcl
10:55:29 INFO  : Boot mode is read from the target.
10:55:29 INFO  : Boot mode of the target is set to jtag.
10:55:29 INFO  : targets -set -nocase -filter {name =~ "*A53*#0" && jtag_cable_name =~ "Platform Cable USB II 00001a50030301" && jtag_device_ctx=="jsn-DLC10-00001a50030301-5ba00477-0"}
10:55:29 INFO  : rst -processor
10:55:35 INFO  : dow /home3/shared/chapman44/cheshire/platform/export/platform/sw/boot/fsbl.elf
10:55:35 INFO  : set bp_55_35_fsbl_bp [bpadd -addr &XFsbl_Exit]
10:55:36 INFO  : con -block -timeout 60
10:55:36 INFO  : bpremove $bp_55_35_fsbl_bp
10:55:36 INFO  : targets -set -nocase -filter {name =~ "*A53*#0" && jtag_cable_name =~ "Platform Cable USB II 00001a50030301" && jtag_device_ctx=="jsn-DLC10-00001a50030301-5ba00477-0"}
10:55:36 INFO  : rst -processor
10:55:42 INFO  : dow /home3/shared/chapman44/cheshire/app_component/build/app_component.elf
10:55:42 INFO  : con
10:55:42 INFO  : configparams force-mem-access 0
10:55:43 INFO  : Testing the connection for 127.0.0.1
10:56:04 INFO  : disconnect
10:56:19 INFO  : BSP build will be initiated for Domain zynqmp_fsbl
10:56:19 INFO  : BSP build will be initiated for Domain standalone_psu_cortexa53_0
10:56:19 INFO  : Generating BSP for the domain /home3/shared/chapman44/cheshire/platform/zynqmp_fsbl/zynqmp_fsbl_bsp
10:56:19 INFO  : Generating BSP for the domain /home3/shared/chapman44/cheshire/platform/psu_cortexa53_0/standalone_psu_cortexa53_0/bsp
10:56:19 INFO  : lopper command to reconfigure BSP :empyro reconfig_bsp -d /home3/shared/chapman44/cheshire/platform/zynqmp_fsbl/zynqmp_fsbl_bsp
10:56:19 INFO  : lopper command to reconfigure BSP :empyro reconfig_bsp -d /home3/shared/chapman44/cheshire/platform/psu_cortexa53_0/standalone_psu_cortexa53_0/bsp
10:56:19 INFO  : bash, -c, empyro reconfig_bsp -d /home3/shared/chapman44/cheshire/platform/zynqmp_fsbl/zynqmp_fsbl_bsp
10:56:19 INFO  : bash, -c, empyro reconfig_bsp -d /home3/shared/chapman44/cheshire/platform/psu_cortexa53_0/standalone_psu_cortexa53_0/bsp
10:56:19 INFO  : Domain reconfigured successfully
10:56:19 INFO  : Generating BSP for the domain /home3/shared/chapman44/cheshire/platform/psu_cortexa53_0/standalone_psu_cortexa53_0/bsp
10:56:19 INFO  : lopper command to build BSP :empyro build_bsp -d /home3/shared/chapman44/cheshire/platform/psu_cortexa53_0/standalone_psu_cortexa53_0/bsp
10:56:19 INFO  : bash, -c, empyro build_bsp -d /home3/shared/chapman44/cheshire/platform/psu_cortexa53_0/standalone_psu_cortexa53_0/bsp
10:56:19 INFO  : Domain reconfigured successfully
10:56:19 INFO  : Generating BSP for the domain /home3/shared/chapman44/cheshire/platform/zynqmp_fsbl/zynqmp_fsbl_bsp
10:56:19 INFO  : lopper command to build BSP :empyro build_bsp -d /home3/shared/chapman44/cheshire/platform/zynqmp_fsbl/zynqmp_fsbl_bsp
10:56:19 INFO  : bash, -c, empyro build_bsp -d /home3/shared/chapman44/cheshire/platform/zynqmp_fsbl/zynqmp_fsbl_bsp
10:56:20 INFO  : Domain build successfully
10:56:20 INFO  : Domain build successfully
10:56:20 INFO  : Generating Boot ELFs
10:56:20 INFO  : lopper command to retarget baremetal application :empyro retarget_app -s /home3/shared/chapman44/cheshire/platform/zynqmp_fsbl -d /home3/shared/chapman44/cheshire/platform/zynqmp_fsbl/zynqmp_fsbl_bsp -b /home3/shared/chapman44/cheshire/platform/zynqmp_fsbl/build
10:56:20 INFO  : bash, -c, empyro retarget_app -s /home3/shared/chapman44/cheshire/platform/zynqmp_fsbl -d /home3/shared/chapman44/cheshire/platform/zynqmp_fsbl/zynqmp_fsbl_bsp -b /home3/shared/chapman44/cheshire/platform/zynqmp_fsbl/build
10:56:20 INFO  : [INFO]: Retargeting app
10:56:20 INFO  : [INFO]: Updating link libraries based on new domain
10:56:20 INFO  : Successfully retargeted Application /home3/shared/chapman44/cheshire/platform/zynqmp_fsbl
10:56:20 INFO  : lopper command to build baremetal application :empyro build_app --src_dir /home3/shared/chapman44/cheshire/platform/zynqmp_fsbl --build_dir /home3/shared/chapman44/cheshire/platform/zynqmp_fsbl/build
10:56:20 INFO  : bash, -c, empyro build_app --src_dir /home3/shared/chapman44/cheshire/platform/zynqmp_fsbl --build_dir /home3/shared/chapman44/cheshire/platform/zynqmp_fsbl/build
10:56:23 INFO  : Successfully building the baremetal application/home3/shared/chapman44/cheshire/platform/zynqmp_fsbl/build
10:56:23 INFO  : Generating Export directory
10:56:23 INFO  : Platform Build Finished successfully.
10:56:23 INFO  : lopper command to retarget baremetal application :empyro retarget_app -s /home3/shared/chapman44/cheshire/app_component/src -d /home3/shared/chapman44/cheshire/platform/export/platform/sw/standalone_psu_cortexa53_0 -b /home3/shared/chapman44/cheshire/app_component/build
10:56:23 INFO  : bash, -c, empyro retarget_app -s /home3/shared/chapman44/cheshire/app_component/src -d /home3/shared/chapman44/cheshire/platform/export/platform/sw/standalone_psu_cortexa53_0 -b /home3/shared/chapman44/cheshire/app_component/build
10:56:24 INFO  : [INFO]: Retargeting app
10:56:24 INFO  : [INFO]: Updating link libraries based on new domain
10:56:24 INFO  : Successfully retargeted Application /home3/shared/chapman44/cheshire/app_component/src
10:56:24 INFO  : Initiating build for the app_component component.
10:56:24 INFO  : bash, -c, empyro build_app -s /home3/shared/chapman44/cheshire/app_component/src -b /home3/shared/chapman44/cheshire/app_component/build
10:56:24 INFO  : Command: bash -c unset CC CXX ;empyro build_app -s /home3/shared/chapman44/cheshire/app_component/src -b /home3/shared/chapman44/cheshire/app_component/build
10:56:34 INFO  : BSP build will be initiated for Domain standalone_psu_cortexa53_0
10:56:34 INFO  : BSP build will be initiated for Domain zynqmp_fsbl
10:56:34 INFO  : Generating BSP for the domain /home3/shared/chapman44/cheshire/platform/psu_cortexa53_0/standalone_psu_cortexa53_0/bsp
10:56:34 INFO  : Generating BSP for the domain /home3/shared/chapman44/cheshire/platform/zynqmp_fsbl/zynqmp_fsbl_bsp
10:56:34 INFO  : lopper command to reconfigure BSP :empyro reconfig_bsp -d /home3/shared/chapman44/cheshire/platform/psu_cortexa53_0/standalone_psu_cortexa53_0/bsp
10:56:34 INFO  : lopper command to reconfigure BSP :empyro reconfig_bsp -d /home3/shared/chapman44/cheshire/platform/zynqmp_fsbl/zynqmp_fsbl_bsp
10:56:34 INFO  : bash, -c, empyro reconfig_bsp -d /home3/shared/chapman44/cheshire/platform/zynqmp_fsbl/zynqmp_fsbl_bsp
10:56:34 INFO  : bash, -c, empyro reconfig_bsp -d /home3/shared/chapman44/cheshire/platform/psu_cortexa53_0/standalone_psu_cortexa53_0/bsp
10:56:35 INFO  : Domain reconfigured successfully
10:56:35 INFO  : Generating BSP for the domain /home3/shared/chapman44/cheshire/platform/psu_cortexa53_0/standalone_psu_cortexa53_0/bsp
10:56:35 INFO  : lopper command to build BSP :empyro build_bsp -d /home3/shared/chapman44/cheshire/platform/psu_cortexa53_0/standalone_psu_cortexa53_0/bsp
10:56:35 INFO  : bash, -c, empyro build_bsp -d /home3/shared/chapman44/cheshire/platform/psu_cortexa53_0/standalone_psu_cortexa53_0/bsp
10:56:35 INFO  : Domain reconfigured successfully
10:56:35 INFO  : Generating BSP for the domain /home3/shared/chapman44/cheshire/platform/zynqmp_fsbl/zynqmp_fsbl_bsp
10:56:35 INFO  : lopper command to build BSP :empyro build_bsp -d /home3/shared/chapman44/cheshire/platform/zynqmp_fsbl/zynqmp_fsbl_bsp
10:56:35 INFO  : bash, -c, empyro build_bsp -d /home3/shared/chapman44/cheshire/platform/zynqmp_fsbl/zynqmp_fsbl_bsp
10:56:35 INFO  : Domain build successfully
10:56:35 INFO  : Domain build successfully
10:56:35 INFO  : Generating Boot ELFs
10:56:35 INFO  : lopper command to retarget baremetal application :empyro retarget_app -s /home3/shared/chapman44/cheshire/platform/zynqmp_fsbl -d /home3/shared/chapman44/cheshire/platform/zynqmp_fsbl/zynqmp_fsbl_bsp -b /home3/shared/chapman44/cheshire/platform/zynqmp_fsbl/build
10:56:35 INFO  : bash, -c, empyro retarget_app -s /home3/shared/chapman44/cheshire/platform/zynqmp_fsbl -d /home3/shared/chapman44/cheshire/platform/zynqmp_fsbl/zynqmp_fsbl_bsp -b /home3/shared/chapman44/cheshire/platform/zynqmp_fsbl/build
10:56:35 INFO  : [INFO]: Retargeting app
10:56:35 INFO  : [INFO]: Updating link libraries based on new domain
10:56:35 INFO  : Successfully retargeted Application /home3/shared/chapman44/cheshire/platform/zynqmp_fsbl
10:56:35 INFO  : lopper command to build baremetal application :empyro build_app --src_dir /home3/shared/chapman44/cheshire/platform/zynqmp_fsbl --build_dir /home3/shared/chapman44/cheshire/platform/zynqmp_fsbl/build
10:56:35 INFO  : bash, -c, empyro build_app --src_dir /home3/shared/chapman44/cheshire/platform/zynqmp_fsbl --build_dir /home3/shared/chapman44/cheshire/platform/zynqmp_fsbl/build
10:56:38 INFO  : Successfully building the baremetal application/home3/shared/chapman44/cheshire/platform/zynqmp_fsbl/build
10:56:38 INFO  : Generating Export directory
10:56:38 INFO  : Platform Build Finished successfully.
10:56:39 INFO  : lopper command to retarget baremetal application :empyro retarget_app -s /home3/shared/chapman44/cheshire/app_component/src -d /home3/shared/chapman44/cheshire/platform/export/platform/sw/standalone_psu_cortexa53_0 -b /home3/shared/chapman44/cheshire/app_component/build
10:56:39 INFO  : bash, -c, empyro retarget_app -s /home3/shared/chapman44/cheshire/app_component/src -d /home3/shared/chapman44/cheshire/platform/export/platform/sw/standalone_psu_cortexa53_0 -b /home3/shared/chapman44/cheshire/app_component/build
10:56:39 INFO  : [INFO]: Retargeting app
10:56:39 INFO  : [INFO]: Updating link libraries based on new domain
10:56:39 INFO  : Successfully retargeted Application /home3/shared/chapman44/cheshire/app_component/src
10:56:39 INFO  : Initiating build for the app_component component.
10:56:39 INFO  : bash, -c, empyro build_app -s /home3/shared/chapman44/cheshire/app_component/src -b /home3/shared/chapman44/cheshire/app_component/build
10:56:39 INFO  : Command: bash -c unset CC CXX ;empyro build_app -s /home3/shared/chapman44/cheshire/app_component/src -b /home3/shared/chapman44/cheshire/app_component/build
10:56:51 INFO  : connect -url tcp:127.0.0.1:3121
10:56:51 INFO  : bpremove -all
10:56:51 INFO  : source /home3/CAD/Vitis2025_2/2025.2/Vitis/scripts/vitis/util/zynqmp_utils.tcl
10:56:51 INFO  : Context for 'APU' is selected.
10:56:52 INFO  : System reset is completed.
10:56:55 INFO  : 'after 3000' command is executed.
10:56:55 INFO  : 'targets -set -filter {jtag_cable_name =~ "Platform Cable USB II 00001a50030301" && level==0 && jtag_device_ctx=="jsn-DLC10-00001a50030301-24738093-0"}' command is executed.
10:58:09 INFO  : Device configured successfully with "/home3/shared/chapman44/cheshire/app_component/_ide/bitstream/connect_top.bit"
10:58:09 INFO  : targets -set -nocase -filter {name =~"PSU*" && jtag_cable_name =~ "Platform Cable USB II 00001a50030301" && jtag_device_ctx=="jsn-DLC10-00001a50030301-5ba00477-0"}
10:58:09 INFO  : catch {disable_pmu_gate}
10:58:09 INFO  : targets -set -nocase -filter {name =~"APU*" && jtag_cable_name =~ "Platform Cable USB II 00001a50030301" && jtag_device_ctx=="jsn-DLC10-00001a50030301-5ba00477-0"}
10:58:15 INFO  : loadhw -hw /home3/shared/chapman44/cheshire/platform/export/platform/hw/connect_top.xsa -mem-ranges [list {0x80000000 0xbfffffff} {0x400000000 0x5ffffffff} {0x1000000000 0x7fffffffff}]
10:58:15 INFO  : configparams force-mem-access 1
10:58:15 INFO  : targets -set -nocase -filter {name =~"APU*" && jtag_cable_name =~ "Platform Cable USB II 00001a50030301" && jtag_device_ctx=="jsn-DLC10-00001a50030301-5ba00477-0"}
10:58:15 INFO  : source /home3/CAD/Vitis2025_2/2025.2/Vitis/vitis-server/scripts/jtag_reg.tcl
10:58:15 INFO  : Boot mode is read from the target.
10:58:15 INFO  : Boot mode of the target is set to jtag.
10:58:16 INFO  : targets -set -nocase -filter {name =~ "*A53*#0" && jtag_cable_name =~ "Platform Cable USB II 00001a50030301" && jtag_device_ctx=="jsn-DLC10-00001a50030301-5ba00477-0"}
10:58:16 INFO  : rst -processor
10:58:22 INFO  : dow /home3/shared/chapman44/cheshire/platform/export/platform/sw/boot/fsbl.elf
10:58:22 INFO  : set bp_58_22_fsbl_bp [bpadd -addr &XFsbl_Exit]
10:58:23 INFO  : con -block -timeout 60
10:58:23 INFO  : bpremove $bp_58_22_fsbl_bp
10:58:23 INFO  : targets -set -nocase -filter {name =~ "*A53*#0" && jtag_cable_name =~ "Platform Cable USB II 00001a50030301" && jtag_device_ctx=="jsn-DLC10-00001a50030301-5ba00477-0"}
10:58:23 INFO  : rst -processor
10:58:29 INFO  : dow /home3/shared/chapman44/cheshire/app_component/build/app_component.elf
10:58:29 INFO  : con
10:58:29 INFO  : configparams force-mem-access 0
10:58:30 INFO  : Testing the connection for 127.0.0.1
10:58:51 INFO  : BSP build will be initiated for Domain zynqmp_fsbl
10:58:51 INFO  : BSP build will be initiated for Domain standalone_psu_cortexa53_0
10:58:51 INFO  : Generating BSP for the domain /home3/shared/chapman44/cheshire/platform/zynqmp_fsbl/zynqmp_fsbl_bsp
10:58:51 INFO  : Generating BSP for the domain /home3/shared/chapman44/cheshire/platform/psu_cortexa53_0/standalone_psu_cortexa53_0/bsp
10:58:51 INFO  : lopper command to reconfigure BSP :empyro reconfig_bsp -d /home3/shared/chapman44/cheshire/platform/zynqmp_fsbl/zynqmp_fsbl_bsp
10:58:51 INFO  : lopper command to reconfigure BSP :empyro reconfig_bsp -d /home3/shared/chapman44/cheshire/platform/psu_cortexa53_0/standalone_psu_cortexa53_0/bsp
10:58:51 INFO  : bash, -c, empyro reconfig_bsp -d /home3/shared/chapman44/cheshire/platform/psu_cortexa53_0/standalone_psu_cortexa53_0/bsp
10:58:51 INFO  : bash, -c, empyro reconfig_bsp -d /home3/shared/chapman44/cheshire/platform/zynqmp_fsbl/zynqmp_fsbl_bsp
10:58:51 INFO  : Domain reconfigured successfully
10:58:51 INFO  : Generating BSP for the domain /home3/shared/chapman44/cheshire/platform/psu_cortexa53_0/standalone_psu_cortexa53_0/bsp
10:58:51 INFO  : lopper command to build BSP :empyro build_bsp -d /home3/shared/chapman44/cheshire/platform/psu_cortexa53_0/standalone_psu_cortexa53_0/bsp
10:58:51 INFO  : bash, -c, empyro build_bsp -d /home3/shared/chapman44/cheshire/platform/psu_cortexa53_0/standalone_psu_cortexa53_0/bsp
10:58:52 INFO  : Domain reconfigured successfully
10:58:52 INFO  : Generating BSP for the domain /home3/shared/chapman44/cheshire/platform/zynqmp_fsbl/zynqmp_fsbl_bsp
10:58:52 INFO  : lopper command to build BSP :empyro build_bsp -d /home3/shared/chapman44/cheshire/platform/zynqmp_fsbl/zynqmp_fsbl_bsp
10:58:52 INFO  : bash, -c, empyro build_bsp -d /home3/shared/chapman44/cheshire/platform/zynqmp_fsbl/zynqmp_fsbl_bsp
10:58:52 INFO  : disconnect
10:58:52 INFO  : Domain build successfully
10:58:52 INFO  : Domain build successfully
10:58:52 INFO  : Generating Boot ELFs
10:58:52 INFO  : lopper command to retarget baremetal application :empyro retarget_app -s /home3/shared/chapman44/cheshire/platform/zynqmp_fsbl -d /home3/shared/chapman44/cheshire/platform/zynqmp_fsbl/zynqmp_fsbl_bsp -b /home3/shared/chapman44/cheshire/platform/zynqmp_fsbl/build
10:58:52 INFO  : bash, -c, empyro retarget_app -s /home3/shared/chapman44/cheshire/platform/zynqmp_fsbl -d /home3/shared/chapman44/cheshire/platform/zynqmp_fsbl/zynqmp_fsbl_bsp -b /home3/shared/chapman44/cheshire/platform/zynqmp_fsbl/build
10:58:52 INFO  : [INFO]: Retargeting app
10:58:52 INFO  : [INFO]: Updating link libraries based on new domain
10:58:52 INFO  : Successfully retargeted Application /home3/shared/chapman44/cheshire/platform/zynqmp_fsbl
10:58:52 INFO  : lopper command to build baremetal application :empyro build_app --src_dir /home3/shared/chapman44/cheshire/platform/zynqmp_fsbl --build_dir /home3/shared/chapman44/cheshire/platform/zynqmp_fsbl/build
10:58:52 INFO  : bash, -c, empyro build_app --src_dir /home3/shared/chapman44/cheshire/platform/zynqmp_fsbl --build_dir /home3/shared/chapman44/cheshire/platform/zynqmp_fsbl/build
10:58:55 INFO  : Successfully building the baremetal application/home3/shared/chapman44/cheshire/platform/zynqmp_fsbl/build
10:58:55 INFO  : Generating Export directory
10:58:55 INFO  : Platform Build Finished successfully.
10:58:55 INFO  : lopper command to retarget baremetal application :empyro retarget_app -s /home3/shared/chapman44/cheshire/app_component/src -d /home3/shared/chapman44/cheshire/platform/export/platform/sw/standalone_psu_cortexa53_0 -b /home3/shared/chapman44/cheshire/app_component/build
10:58:55 INFO  : bash, -c, empyro retarget_app -s /home3/shared/chapman44/cheshire/app_component/src -d /home3/shared/chapman44/cheshire/platform/export/platform/sw/standalone_psu_cortexa53_0 -b /home3/shared/chapman44/cheshire/app_component/build
10:58:56 INFO  : [INFO]: Retargeting app
10:58:56 INFO  : [INFO]: Updating link libraries based on new domain
10:58:56 INFO  : Successfully retargeted Application /home3/shared/chapman44/cheshire/app_component/src
10:58:56 INFO  : Initiating build for the app_component component.
10:58:56 INFO  : bash, -c, empyro build_app -s /home3/shared/chapman44/cheshire/app_component/src -b /home3/shared/chapman44/cheshire/app_component/build
10:58:56 INFO  : Command: bash -c unset CC CXX ;empyro build_app -s /home3/shared/chapman44/cheshire/app_component/src -b /home3/shared/chapman44/cheshire/app_component/build
10:58:59 INFO  : connect -url tcp:127.0.0.1:3121
10:58:59 INFO  : bpremove -all
10:58:59 INFO  : source /home3/CAD/Vitis2025_2/2025.2/Vitis/scripts/vitis/util/zynqmp_utils.tcl
10:58:59 INFO  : Context for 'APU' is selected.
10:59:00 INFO  : System reset is completed.
10:59:03 INFO  : 'after 3000' command is executed.
10:59:03 INFO  : 'targets -set -filter {jtag_cable_name =~ "Platform Cable USB II 00001a50030301" && level==0 && jtag_device_ctx=="jsn-DLC10-00001a50030301-24738093-0"}' command is executed.
11:00:17 INFO  : Device configured successfully with "/home3/shared/chapman44/cheshire/app_component/_ide/bitstream/connect_top.bit"
11:00:17 INFO  : targets -set -nocase -filter {name =~"PSU*" && jtag_cable_name =~ "Platform Cable USB II 00001a50030301" && jtag_device_ctx=="jsn-DLC10-00001a50030301-5ba00477-0"}
11:00:17 INFO  : catch {disable_pmu_gate}
11:00:17 INFO  : targets -set -nocase -filter {name =~"APU*" && jtag_cable_name =~ "Platform Cable USB II 00001a50030301" && jtag_device_ctx=="jsn-DLC10-00001a50030301-5ba00477-0"}
11:00:23 INFO  : loadhw -hw /home3/shared/chapman44/cheshire/platform/export/platform/hw/connect_top.xsa -mem-ranges [list {0x80000000 0xbfffffff} {0x400000000 0x5ffffffff} {0x1000000000 0x7fffffffff}]
11:00:23 INFO  : configparams force-mem-access 1
11:00:23 INFO  : targets -set -nocase -filter {name =~"APU*" && jtag_cable_name =~ "Platform Cable USB II 00001a50030301" && jtag_device_ctx=="jsn-DLC10-00001a50030301-5ba00477-0"}
11:00:23 INFO  : source /home3/CAD/Vitis2025_2/2025.2/Vitis/vitis-server/scripts/jtag_reg.tcl
11:00:23 INFO  : Boot mode is read from the target.
11:00:23 INFO  : Boot mode of the target is set to jtag.
11:00:23 INFO  : targets -set -nocase -filter {name =~ "*A53*#0" && jtag_cable_name =~ "Platform Cable USB II 00001a50030301" && jtag_device_ctx=="jsn-DLC10-00001a50030301-5ba00477-0"}
11:00:23 INFO  : rst -processor
11:00:30 INFO  : dow /home3/shared/chapman44/cheshire/platform/export/platform/sw/boot/fsbl.elf
11:00:30 INFO  : set bp_0_30_fsbl_bp [bpadd -addr &XFsbl_Exit]
11:00:31 INFO  : con -block -timeout 60
11:00:31 INFO  : bpremove $bp_0_30_fsbl_bp
11:00:31 INFO  : targets -set -nocase -filter {name =~ "*A53*#0" && jtag_cable_name =~ "Platform Cable USB II 00001a50030301" && jtag_device_ctx=="jsn-DLC10-00001a50030301-5ba00477-0"}
11:00:31 INFO  : rst -processor
11:00:37 INFO  : dow /home3/shared/chapman44/cheshire/app_component/build/app_component.elf
11:00:37 INFO  : con
11:00:37 INFO  : configparams force-mem-access 0
11:00:38 INFO  : Testing the connection for 127.0.0.1
11:02:14 INFO  : disconnect
11:12:12 INFO  : BSP build will be initiated for Domain zynqmp_fsbl
11:12:12 INFO  : BSP build will be initiated for Domain standalone_psu_cortexa53_0
11:12:12 INFO  : Generating BSP for the domain /home3/shared/chapman44/cheshire/platform/zynqmp_fsbl/zynqmp_fsbl_bsp
11:12:12 INFO  : Generating BSP for the domain /home3/shared/chapman44/cheshire/platform/psu_cortexa53_0/standalone_psu_cortexa53_0/bsp
11:12:12 INFO  : lopper command to reconfigure BSP :empyro reconfig_bsp -d /home3/shared/chapman44/cheshire/platform/zynqmp_fsbl/zynqmp_fsbl_bsp
11:12:12 INFO  : lopper command to reconfigure BSP :empyro reconfig_bsp -d /home3/shared/chapman44/cheshire/platform/psu_cortexa53_0/standalone_psu_cortexa53_0/bsp
11:12:12 INFO  : bash, -c, empyro reconfig_bsp -d /home3/shared/chapman44/cheshire/platform/zynqmp_fsbl/zynqmp_fsbl_bsp
11:12:12 INFO  : bash, -c, empyro reconfig_bsp -d /home3/shared/chapman44/cheshire/platform/psu_cortexa53_0/standalone_psu_cortexa53_0/bsp
11:12:12 INFO  : Domain reconfigured successfully
11:12:12 INFO  : Generating BSP for the domain /home3/shared/chapman44/cheshire/platform/psu_cortexa53_0/standalone_psu_cortexa53_0/bsp
11:12:12 INFO  : lopper command to build BSP :empyro build_bsp -d /home3/shared/chapman44/cheshire/platform/psu_cortexa53_0/standalone_psu_cortexa53_0/bsp
11:12:12 INFO  : bash, -c, empyro build_bsp -d /home3/shared/chapman44/cheshire/platform/psu_cortexa53_0/standalone_psu_cortexa53_0/bsp
11:12:12 INFO  : Domain reconfigured successfully
11:12:12 INFO  : Generating BSP for the domain /home3/shared/chapman44/cheshire/platform/zynqmp_fsbl/zynqmp_fsbl_bsp
11:12:12 INFO  : lopper command to build BSP :empyro build_bsp -d /home3/shared/chapman44/cheshire/platform/zynqmp_fsbl/zynqmp_fsbl_bsp
11:12:12 INFO  : bash, -c, empyro build_bsp -d /home3/shared/chapman44/cheshire/platform/zynqmp_fsbl/zynqmp_fsbl_bsp
11:12:12 INFO  : Domain build successfully
11:12:12 INFO  : Domain build successfully
11:12:12 INFO  : Generating Boot ELFs
11:12:12 INFO  : lopper command to retarget baremetal application :empyro retarget_app -s /home3/shared/chapman44/cheshire/platform/zynqmp_fsbl -d /home3/shared/chapman44/cheshire/platform/zynqmp_fsbl/zynqmp_fsbl_bsp -b /home3/shared/chapman44/cheshire/platform/zynqmp_fsbl/build
11:12:12 INFO  : bash, -c, empyro retarget_app -s /home3/shared/chapman44/cheshire/platform/zynqmp_fsbl -d /home3/shared/chapman44/cheshire/platform/zynqmp_fsbl/zynqmp_fsbl_bsp -b /home3/shared/chapman44/cheshire/platform/zynqmp_fsbl/build
11:12:13 INFO  : [INFO]: Retargeting app
11:12:13 INFO  : [INFO]: Updating link libraries based on new domain
11:12:13 INFO  : Successfully retargeted Application /home3/shared/chapman44/cheshire/platform/zynqmp_fsbl
11:12:13 INFO  : lopper command to build baremetal application :empyro build_app --src_dir /home3/shared/chapman44/cheshire/platform/zynqmp_fsbl --build_dir /home3/shared/chapman44/cheshire/platform/zynqmp_fsbl/build
11:12:13 INFO  : bash, -c, empyro build_app --src_dir /home3/shared/chapman44/cheshire/platform/zynqmp_fsbl --build_dir /home3/shared/chapman44/cheshire/platform/zynqmp_fsbl/build
11:12:15 INFO  : Successfully building the baremetal application/home3/shared/chapman44/cheshire/platform/zynqmp_fsbl/build
11:12:15 INFO  : Generating Export directory
11:12:15 INFO  : Platform Build Finished successfully.
11:12:16 INFO  : lopper command to retarget baremetal application :empyro retarget_app -s /home3/shared/chapman44/cheshire/app_component/src -d /home3/shared/chapman44/cheshire/platform/export/platform/sw/standalone_psu_cortexa53_0 -b /home3/shared/chapman44/cheshire/app_component/build
11:12:16 INFO  : bash, -c, empyro retarget_app -s /home3/shared/chapman44/cheshire/app_component/src -d /home3/shared/chapman44/cheshire/platform/export/platform/sw/standalone_psu_cortexa53_0 -b /home3/shared/chapman44/cheshire/app_component/build
11:12:16 INFO  : [INFO]: Retargeting app
11:12:16 INFO  : [INFO]: Updating link libraries based on new domain
11:12:16 INFO  : Successfully retargeted Application /home3/shared/chapman44/cheshire/app_component/src
11:12:16 INFO  : Initiating build for the app_component component.
11:12:16 INFO  : bash, -c, empyro build_app -s /home3/shared/chapman44/cheshire/app_component/src -b /home3/shared/chapman44/cheshire/app_component/build
11:12:16 INFO  : Command: bash -c unset CC CXX ;empyro build_app -s /home3/shared/chapman44/cheshire/app_component/src -b /home3/shared/chapman44/cheshire/app_component/build
11:12:16 ERROR : app_component build failed. 
11:12:44 INFO  : BSP build will be initiated for Domain zynqmp_fsbl
11:12:44 INFO  : BSP build will be initiated for Domain standalone_psu_cortexa53_0
11:12:44 INFO  : Generating BSP for the domain /home3/shared/chapman44/cheshire/platform/zynqmp_fsbl/zynqmp_fsbl_bsp
11:12:44 INFO  : Generating BSP for the domain /home3/shared/chapman44/cheshire/platform/psu_cortexa53_0/standalone_psu_cortexa53_0/bsp
11:12:44 INFO  : lopper command to reconfigure BSP :empyro reconfig_bsp -d /home3/shared/chapman44/cheshire/platform/zynqmp_fsbl/zynqmp_fsbl_bsp
11:12:44 INFO  : lopper command to reconfigure BSP :empyro reconfig_bsp -d /home3/shared/chapman44/cheshire/platform/psu_cortexa53_0/standalone_psu_cortexa53_0/bsp
11:12:44 INFO  : bash, -c, empyro reconfig_bsp -d /home3/shared/chapman44/cheshire/platform/psu_cortexa53_0/standalone_psu_cortexa53_0/bsp
11:12:44 INFO  : bash, -c, empyro reconfig_bsp -d /home3/shared/chapman44/cheshire/platform/zynqmp_fsbl/zynqmp_fsbl_bsp
11:12:44 INFO  : Domain reconfigured successfully
11:12:44 INFO  : Generating BSP for the domain /home3/shared/chapman44/cheshire/platform/psu_cortexa53_0/standalone_psu_cortexa53_0/bsp
11:12:44 INFO  : lopper command to build BSP :empyro build_bsp -d /home3/shared/chapman44/cheshire/platform/psu_cortexa53_0/standalone_psu_cortexa53_0/bsp
11:12:44 INFO  : bash, -c, empyro build_bsp -d /home3/shared/chapman44/cheshire/platform/psu_cortexa53_0/standalone_psu_cortexa53_0/bsp
11:12:44 INFO  : Domain reconfigured successfully
11:12:44 INFO  : Generating BSP for the domain /home3/shared/chapman44/cheshire/platform/zynqmp_fsbl/zynqmp_fsbl_bsp
11:12:44 INFO  : lopper command to build BSP :empyro build_bsp -d /home3/shared/chapman44/cheshire/platform/zynqmp_fsbl/zynqmp_fsbl_bsp
11:12:44 INFO  : bash, -c, empyro build_bsp -d /home3/shared/chapman44/cheshire/platform/zynqmp_fsbl/zynqmp_fsbl_bsp
11:12:44 INFO  : Domain build successfully
11:12:44 INFO  : Domain build successfully
11:12:44 INFO  : Generating Boot ELFs
11:12:44 INFO  : lopper command to retarget baremetal application :empyro retarget_app -s /home3/shared/chapman44/cheshire/platform/zynqmp_fsbl -d /home3/shared/chapman44/cheshire/platform/zynqmp_fsbl/zynqmp_fsbl_bsp -b /home3/shared/chapman44/cheshire/platform/zynqmp_fsbl/build
11:12:44 INFO  : bash, -c, empyro retarget_app -s /home3/shared/chapman44/cheshire/platform/zynqmp_fsbl -d /home3/shared/chapman44/cheshire/platform/zynqmp_fsbl/zynqmp_fsbl_bsp -b /home3/shared/chapman44/cheshire/platform/zynqmp_fsbl/build
11:12:45 INFO  : [INFO]: Retargeting app
11:12:45 INFO  : [INFO]: Updating link libraries based on new domain
11:12:45 INFO  : Successfully retargeted Application /home3/shared/chapman44/cheshire/platform/zynqmp_fsbl
11:12:45 INFO  : lopper command to build baremetal application :empyro build_app --src_dir /home3/shared/chapman44/cheshire/platform/zynqmp_fsbl --build_dir /home3/shared/chapman44/cheshire/platform/zynqmp_fsbl/build
11:12:45 INFO  : bash, -c, empyro build_app --src_dir /home3/shared/chapman44/cheshire/platform/zynqmp_fsbl --build_dir /home3/shared/chapman44/cheshire/platform/zynqmp_fsbl/build
11:12:47 INFO  : Successfully building the baremetal application/home3/shared/chapman44/cheshire/platform/zynqmp_fsbl/build
11:12:47 INFO  : Generating Export directory
11:12:47 INFO  : Platform Build Finished successfully.
11:12:48 INFO  : lopper command to retarget baremetal application :empyro retarget_app -s /home3/shared/chapman44/cheshire/app_component/src -d /home3/shared/chapman44/cheshire/platform/export/platform/sw/standalone_psu_cortexa53_0 -b /home3/shared/chapman44/cheshire/app_component/build
11:12:48 INFO  : bash, -c, empyro retarget_app -s /home3/shared/chapman44/cheshire/app_component/src -d /home3/shared/chapman44/cheshire/platform/export/platform/sw/standalone_psu_cortexa53_0 -b /home3/shared/chapman44/cheshire/app_component/build
11:12:48 INFO  : [INFO]: Retargeting app
11:12:48 INFO  : [INFO]: Updating link libraries based on new domain
11:12:48 INFO  : Successfully retargeted Application /home3/shared/chapman44/cheshire/app_component/src
11:12:48 INFO  : Initiating build for the app_component component.
11:12:48 INFO  : bash, -c, empyro build_app -s /home3/shared/chapman44/cheshire/app_component/src -b /home3/shared/chapman44/cheshire/app_component/build
11:12:48 INFO  : Command: bash -c unset CC CXX ;empyro build_app -s /home3/shared/chapman44/cheshire/app_component/src -b /home3/shared/chapman44/cheshire/app_component/build
11:12:49 ERROR : app_component build failed. 
11:13:49 INFO  : BSP build will be initiated for Domain standalone_psu_cortexa53_0
11:13:49 INFO  : BSP build will be initiated for Domain zynqmp_fsbl
11:13:49 INFO  : Generating BSP for the domain /home3/shared/chapman44/cheshire/platform/psu_cortexa53_0/standalone_psu_cortexa53_0/bsp
11:13:49 INFO  : Generating BSP for the domain /home3/shared/chapman44/cheshire/platform/zynqmp_fsbl/zynqmp_fsbl_bsp
11:13:49 INFO  : lopper command to reconfigure BSP :empyro reconfig_bsp -d /home3/shared/chapman44/cheshire/platform/psu_cortexa53_0/standalone_psu_cortexa53_0/bsp
11:13:49 INFO  : lopper command to reconfigure BSP :empyro reconfig_bsp -d /home3/shared/chapman44/cheshire/platform/zynqmp_fsbl/zynqmp_fsbl_bsp
11:13:49 INFO  : bash, -c, empyro reconfig_bsp -d /home3/shared/chapman44/cheshire/platform/psu_cortexa53_0/standalone_psu_cortexa53_0/bsp
11:13:49 INFO  : bash, -c, empyro reconfig_bsp -d /home3/shared/chapman44/cheshire/platform/zynqmp_fsbl/zynqmp_fsbl_bsp
11:13:49 INFO  : Domain reconfigured successfully
11:13:49 INFO  : Generating BSP for the domain /home3/shared/chapman44/cheshire/platform/psu_cortexa53_0/standalone_psu_cortexa53_0/bsp
11:13:49 INFO  : lopper command to build BSP :empyro build_bsp -d /home3/shared/chapman44/cheshire/platform/psu_cortexa53_0/standalone_psu_cortexa53_0/bsp
11:13:49 INFO  : bash, -c, empyro build_bsp -d /home3/shared/chapman44/cheshire/platform/psu_cortexa53_0/standalone_psu_cortexa53_0/bsp
11:13:49 INFO  : Domain reconfigured successfully
11:13:49 INFO  : Generating BSP for the domain /home3/shared/chapman44/cheshire/platform/zynqmp_fsbl/zynqmp_fsbl_bsp
11:13:49 INFO  : lopper command to build BSP :empyro build_bsp -d /home3/shared/chapman44/cheshire/platform/zynqmp_fsbl/zynqmp_fsbl_bsp
11:13:49 INFO  : bash, -c, empyro build_bsp -d /home3/shared/chapman44/cheshire/platform/zynqmp_fsbl/zynqmp_fsbl_bsp
11:13:49 INFO  : Domain build successfully
11:13:49 INFO  : Domain build successfully
11:13:49 INFO  : Generating Boot ELFs
11:13:49 INFO  : lopper command to retarget baremetal application :empyro retarget_app -s /home3/shared/chapman44/cheshire/platform/zynqmp_fsbl -d /home3/shared/chapman44/cheshire/platform/zynqmp_fsbl/zynqmp_fsbl_bsp -b /home3/shared/chapman44/cheshire/platform/zynqmp_fsbl/build
11:13:49 INFO  : bash, -c, empyro retarget_app -s /home3/shared/chapman44/cheshire/platform/zynqmp_fsbl -d /home3/shared/chapman44/cheshire/platform/zynqmp_fsbl/zynqmp_fsbl_bsp -b /home3/shared/chapman44/cheshire/platform/zynqmp_fsbl/build
11:13:50 INFO  : [INFO]: Retargeting app
11:13:50 INFO  : [INFO]: Updating link libraries based on new domain
11:13:50 INFO  : Successfully retargeted Application /home3/shared/chapman44/cheshire/platform/zynqmp_fsbl
11:13:50 INFO  : lopper command to build baremetal application :empyro build_app --src_dir /home3/shared/chapman44/cheshire/platform/zynqmp_fsbl --build_dir /home3/shared/chapman44/cheshire/platform/zynqmp_fsbl/build
11:13:50 INFO  : bash, -c, empyro build_app --src_dir /home3/shared/chapman44/cheshire/platform/zynqmp_fsbl --build_dir /home3/shared/chapman44/cheshire/platform/zynqmp_fsbl/build
11:13:52 INFO  : Successfully building the baremetal application/home3/shared/chapman44/cheshire/platform/zynqmp_fsbl/build
11:13:52 INFO  : Generating Export directory
11:13:53 INFO  : Platform Build Finished successfully.
11:13:53 INFO  : lopper command to retarget baremetal application :empyro retarget_app -s /home3/shared/chapman44/cheshire/app_component/src -d /home3/shared/chapman44/cheshire/platform/export/platform/sw/standalone_psu_cortexa53_0 -b /home3/shared/chapman44/cheshire/app_component/build
11:13:53 INFO  : bash, -c, empyro retarget_app -s /home3/shared/chapman44/cheshire/app_component/src -d /home3/shared/chapman44/cheshire/platform/export/platform/sw/standalone_psu_cortexa53_0 -b /home3/shared/chapman44/cheshire/app_component/build
11:13:53 INFO  : [INFO]: Retargeting app
11:13:53 INFO  : [INFO]: Updating link libraries based on new domain
11:13:53 INFO  : Successfully retargeted Application /home3/shared/chapman44/cheshire/app_component/src
11:13:53 INFO  : Initiating build for the app_component component.
11:13:53 INFO  : bash, -c, empyro build_app -s /home3/shared/chapman44/cheshire/app_component/src -b /home3/shared/chapman44/cheshire/app_component/build
11:13:53 INFO  : Command: bash -c unset CC CXX ;empyro build_app -s /home3/shared/chapman44/cheshire/app_component/src -b /home3/shared/chapman44/cheshire/app_component/build
11:13:54 ERROR : app_component build failed. 
11:14:32 INFO  : BSP build will be initiated for Domain zynqmp_fsbl
11:14:32 INFO  : BSP build will be initiated for Domain standalone_psu_cortexa53_0
11:14:32 INFO  : Generating BSP for the domain /home3/shared/chapman44/cheshire/platform/zynqmp_fsbl/zynqmp_fsbl_bsp
11:14:32 INFO  : Generating BSP for the domain /home3/shared/chapman44/cheshire/platform/psu_cortexa53_0/standalone_psu_cortexa53_0/bsp
11:14:32 INFO  : lopper command to reconfigure BSP :empyro reconfig_bsp -d /home3/shared/chapman44/cheshire/platform/zynqmp_fsbl/zynqmp_fsbl_bsp
11:14:32 INFO  : lopper command to reconfigure BSP :empyro reconfig_bsp -d /home3/shared/chapman44/cheshire/platform/psu_cortexa53_0/standalone_psu_cortexa53_0/bsp
11:14:32 INFO  : bash, -c, empyro reconfig_bsp -d /home3/shared/chapman44/cheshire/platform/zynqmp_fsbl/zynqmp_fsbl_bsp
11:14:32 INFO  : bash, -c, empyro reconfig_bsp -d /home3/shared/chapman44/cheshire/platform/psu_cortexa53_0/standalone_psu_cortexa53_0/bsp
11:14:32 INFO  : Domain reconfigured successfully
11:14:32 INFO  : Generating BSP for the domain /home3/shared/chapman44/cheshire/platform/psu_cortexa53_0/standalone_psu_cortexa53_0/bsp
11:14:32 INFO  : lopper command to build BSP :empyro build_bsp -d /home3/shared/chapman44/cheshire/platform/psu_cortexa53_0/standalone_psu_cortexa53_0/bsp
11:14:32 INFO  : bash, -c, empyro build_bsp -d /home3/shared/chapman44/cheshire/platform/psu_cortexa53_0/standalone_psu_cortexa53_0/bsp
11:14:32 INFO  : Domain reconfigured successfully
11:14:32 INFO  : Generating BSP for the domain /home3/shared/chapman44/cheshire/platform/zynqmp_fsbl/zynqmp_fsbl_bsp
11:14:32 INFO  : lopper command to build BSP :empyro build_bsp -d /home3/shared/chapman44/cheshire/platform/zynqmp_fsbl/zynqmp_fsbl_bsp
11:14:32 INFO  : bash, -c, empyro build_bsp -d /home3/shared/chapman44/cheshire/platform/zynqmp_fsbl/zynqmp_fsbl_bsp
11:14:33 INFO  : Domain build successfully
11:14:33 INFO  : Domain build successfully
11:14:33 INFO  : Generating Boot ELFs
11:14:33 INFO  : lopper command to retarget baremetal application :empyro retarget_app -s /home3/shared/chapman44/cheshire/platform/zynqmp_fsbl -d /home3/shared/chapman44/cheshire/platform/zynqmp_fsbl/zynqmp_fsbl_bsp -b /home3/shared/chapman44/cheshire/platform/zynqmp_fsbl/build
11:14:33 INFO  : bash, -c, empyro retarget_app -s /home3/shared/chapman44/cheshire/platform/zynqmp_fsbl -d /home3/shared/chapman44/cheshire/platform/zynqmp_fsbl/zynqmp_fsbl_bsp -b /home3/shared/chapman44/cheshire/platform/zynqmp_fsbl/build
11:14:33 INFO  : [INFO]: Retargeting app
11:14:33 INFO  : [INFO]: Updating link libraries based on new domain
11:14:33 INFO  : Successfully retargeted Application /home3/shared/chapman44/cheshire/platform/zynqmp_fsbl
11:14:33 INFO  : lopper command to build baremetal application :empyro build_app --src_dir /home3/shared/chapman44/cheshire/platform/zynqmp_fsbl --build_dir /home3/shared/chapman44/cheshire/platform/zynqmp_fsbl/build
11:14:33 INFO  : bash, -c, empyro build_app --src_dir /home3/shared/chapman44/cheshire/platform/zynqmp_fsbl --build_dir /home3/shared/chapman44/cheshire/platform/zynqmp_fsbl/build
11:14:36 INFO  : Successfully building the baremetal application/home3/shared/chapman44/cheshire/platform/zynqmp_fsbl/build
11:14:36 INFO  : Generating Export directory
11:14:36 INFO  : Platform Build Finished successfully.
11:14:36 INFO  : lopper command to retarget baremetal application :empyro retarget_app -s /home3/shared/chapman44/cheshire/app_component/src -d /home3/shared/chapman44/cheshire/platform/export/platform/sw/standalone_psu_cortexa53_0 -b /home3/shared/chapman44/cheshire/app_component/build
11:14:36 INFO  : bash, -c, empyro retarget_app -s /home3/shared/chapman44/cheshire/app_component/src -d /home3/shared/chapman44/cheshire/platform/export/platform/sw/standalone_psu_cortexa53_0 -b /home3/shared/chapman44/cheshire/app_component/build
11:14:36 INFO  : [INFO]: Retargeting app
11:14:36 INFO  : [INFO]: Updating link libraries based on new domain
11:14:36 INFO  : Successfully retargeted Application /home3/shared/chapman44/cheshire/app_component/src
11:14:36 INFO  : Initiating build for the app_component component.
11:14:36 INFO  : bash, -c, empyro build_app -s /home3/shared/chapman44/cheshire/app_component/src -b /home3/shared/chapman44/cheshire/app_component/build
11:14:36 INFO  : Command: bash -c unset CC CXX ;empyro build_app -s /home3/shared/chapman44/cheshire/app_component/src -b /home3/shared/chapman44/cheshire/app_component/build
11:14:39 INFO  : connect -url tcp:127.0.0.1:3121
11:14:39 INFO  : bpremove -all
11:14:39 INFO  : source /home3/CAD/Vitis2025_2/2025.2/Vitis/scripts/vitis/util/zynqmp_utils.tcl
11:14:39 INFO  : Context for 'APU' is selected.
11:14:39 INFO  : System reset is completed.
11:14:42 INFO  : 'after 3000' command is executed.
11:14:42 INFO  : 'targets -set -filter {jtag_cable_name =~ "Platform Cable USB II 00001a50030301" && level==0 && jtag_device_ctx=="jsn-DLC10-00001a50030301-24738093-0"}' command is executed.
11:15:57 INFO  : Device configured successfully with "/home3/shared/chapman44/cheshire/app_component/_ide/bitstream/connect_top.bit"
11:15:57 INFO  : targets -set -nocase -filter {name =~"PSU*" && jtag_cable_name =~ "Platform Cable USB II 00001a50030301" && jtag_device_ctx=="jsn-DLC10-00001a50030301-5ba00477-0"}
11:15:57 INFO  : catch {disable_pmu_gate}
11:15:57 INFO  : targets -set -nocase -filter {name =~"APU*" && jtag_cable_name =~ "Platform Cable USB II 00001a50030301" && jtag_device_ctx=="jsn-DLC10-00001a50030301-5ba00477-0"}
11:16:03 INFO  : loadhw -hw /home3/shared/chapman44/cheshire/platform/export/platform/hw/connect_top.xsa -mem-ranges [list {0x80000000 0xbfffffff} {0x400000000 0x5ffffffff} {0x1000000000 0x7fffffffff}]
11:16:03 INFO  : configparams force-mem-access 1
11:16:03 INFO  : targets -set -nocase -filter {name =~"APU*" && jtag_cable_name =~ "Platform Cable USB II 00001a50030301" && jtag_device_ctx=="jsn-DLC10-00001a50030301-5ba00477-0"}
11:16:03 INFO  : source /home3/CAD/Vitis2025_2/2025.2/Vitis/vitis-server/scripts/jtag_reg.tcl
11:16:03 INFO  : Boot mode is read from the target.
11:16:03 INFO  : Boot mode of the target is set to jtag.
11:16:03 INFO  : targets -set -nocase -filter {name =~ "*A53*#0" && jtag_cable_name =~ "Platform Cable USB II 00001a50030301" && jtag_device_ctx=="jsn-DLC10-00001a50030301-5ba00477-0"}
11:16:03 INFO  : rst -processor
11:16:09 INFO  : dow /home3/shared/chapman44/cheshire/platform/export/platform/sw/boot/fsbl.elf
11:16:09 INFO  : set bp_16_9_fsbl_bp [bpadd -addr &XFsbl_Exit]
11:16:10 INFO  : con -block -timeout 60
11:16:10 INFO  : bpremove $bp_16_9_fsbl_bp
11:16:10 INFO  : targets -set -nocase -filter {name =~ "*A53*#0" && jtag_cable_name =~ "Platform Cable USB II 00001a50030301" && jtag_device_ctx=="jsn-DLC10-00001a50030301-5ba00477-0"}
11:16:11 INFO  : rst -processor
11:16:17 INFO  : dow /home3/shared/chapman44/cheshire/app_component/build/app_component.elf
11:16:17 INFO  : con
11:16:17 INFO  : configparams force-mem-access 0
11:16:18 INFO  : Testing the connection for 127.0.0.1
11:18:09 INFO  : disconnect
11:18:31 INFO  : BSP build will be initiated for Domain zynqmp_fsbl
11:18:31 INFO  : BSP build will be initiated for Domain standalone_psu_cortexa53_0
11:18:31 INFO  : Generating BSP for the domain /home3/shared/chapman44/cheshire/platform/zynqmp_fsbl/zynqmp_fsbl_bsp
11:18:31 INFO  : Generating BSP for the domain /home3/shared/chapman44/cheshire/platform/psu_cortexa53_0/standalone_psu_cortexa53_0/bsp
11:18:31 INFO  : lopper command to reconfigure BSP :empyro reconfig_bsp -d /home3/shared/chapman44/cheshire/platform/zynqmp_fsbl/zynqmp_fsbl_bsp
11:18:31 INFO  : lopper command to reconfigure BSP :empyro reconfig_bsp -d /home3/shared/chapman44/cheshire/platform/psu_cortexa53_0/standalone_psu_cortexa53_0/bsp
11:18:31 INFO  : bash, -c, empyro reconfig_bsp -d /home3/shared/chapman44/cheshire/platform/psu_cortexa53_0/standalone_psu_cortexa53_0/bsp
11:18:31 INFO  : bash, -c, empyro reconfig_bsp -d /home3/shared/chapman44/cheshire/platform/zynqmp_fsbl/zynqmp_fsbl_bsp
11:18:32 INFO  : Domain reconfigured successfully
11:18:32 INFO  : Generating BSP for the domain /home3/shared/chapman44/cheshire/platform/psu_cortexa53_0/standalone_psu_cortexa53_0/bsp
11:18:32 INFO  : lopper command to build BSP :empyro build_bsp -d /home3/shared/chapman44/cheshire/platform/psu_cortexa53_0/standalone_psu_cortexa53_0/bsp
11:18:32 INFO  : bash, -c, empyro build_bsp -d /home3/shared/chapman44/cheshire/platform/psu_cortexa53_0/standalone_psu_cortexa53_0/bsp
11:18:32 INFO  : Domain reconfigured successfully
11:18:32 INFO  : Generating BSP for the domain /home3/shared/chapman44/cheshire/platform/zynqmp_fsbl/zynqmp_fsbl_bsp
11:18:32 INFO  : lopper command to build BSP :empyro build_bsp -d /home3/shared/chapman44/cheshire/platform/zynqmp_fsbl/zynqmp_fsbl_bsp
11:18:32 INFO  : bash, -c, empyro build_bsp -d /home3/shared/chapman44/cheshire/platform/zynqmp_fsbl/zynqmp_fsbl_bsp
11:18:32 INFO  : Domain build successfully
11:18:32 INFO  : Domain build successfully
11:18:32 INFO  : Generating Boot ELFs
11:18:32 INFO  : lopper command to retarget baremetal application :empyro retarget_app -s /home3/shared/chapman44/cheshire/platform/zynqmp_fsbl -d /home3/shared/chapman44/cheshire/platform/zynqmp_fsbl/zynqmp_fsbl_bsp -b /home3/shared/chapman44/cheshire/platform/zynqmp_fsbl/build
11:18:32 INFO  : bash, -c, empyro retarget_app -s /home3/shared/chapman44/cheshire/platform/zynqmp_fsbl -d /home3/shared/chapman44/cheshire/platform/zynqmp_fsbl/zynqmp_fsbl_bsp -b /home3/shared/chapman44/cheshire/platform/zynqmp_fsbl/build
11:18:32 INFO  : [INFO]: Retargeting app
11:18:32 INFO  : [INFO]: Updating link libraries based on new domain
11:18:32 INFO  : Successfully retargeted Application /home3/shared/chapman44/cheshire/platform/zynqmp_fsbl
11:18:32 INFO  : lopper command to build baremetal application :empyro build_app --src_dir /home3/shared/chapman44/cheshire/platform/zynqmp_fsbl --build_dir /home3/shared/chapman44/cheshire/platform/zynqmp_fsbl/build
11:18:32 INFO  : bash, -c, empyro build_app --src_dir /home3/shared/chapman44/cheshire/platform/zynqmp_fsbl --build_dir /home3/shared/chapman44/cheshire/platform/zynqmp_fsbl/build
11:18:35 INFO  : Successfully building the baremetal application/home3/shared/chapman44/cheshire/platform/zynqmp_fsbl/build
11:18:35 INFO  : Generating Export directory
11:18:35 INFO  : Platform Build Finished successfully.
11:18:35 INFO  : lopper command to retarget baremetal application :empyro retarget_app -s /home3/shared/chapman44/cheshire/app_component/src -d /home3/shared/chapman44/cheshire/platform/export/platform/sw/standalone_psu_cortexa53_0 -b /home3/shared/chapman44/cheshire/app_component/build
11:18:35 INFO  : bash, -c, empyro retarget_app -s /home3/shared/chapman44/cheshire/app_component/src -d /home3/shared/chapman44/cheshire/platform/export/platform/sw/standalone_psu_cortexa53_0 -b /home3/shared/chapman44/cheshire/app_component/build
11:18:36 INFO  : [INFO]: Retargeting app
11:18:36 INFO  : [INFO]: Updating link libraries based on new domain
11:18:36 INFO  : Successfully retargeted Application /home3/shared/chapman44/cheshire/app_component/src
11:18:36 INFO  : Initiating build for the app_component component.
11:18:36 INFO  : bash, -c, empyro build_app -s /home3/shared/chapman44/cheshire/app_component/src -b /home3/shared/chapman44/cheshire/app_component/build
11:18:36 INFO  : Command: bash -c unset CC CXX ;empyro build_app -s /home3/shared/chapman44/cheshire/app_component/src -b /home3/shared/chapman44/cheshire/app_component/build
11:21:18 INFO  : BSP build will be initiated for Domain standalone_psu_cortexa53_0
11:21:18 INFO  : BSP build will be initiated for Domain zynqmp_fsbl
11:21:18 INFO  : Generating BSP for the domain /home3/shared/chapman44/cheshire/platform/psu_cortexa53_0/standalone_psu_cortexa53_0/bsp
11:21:18 INFO  : Generating BSP for the domain /home3/shared/chapman44/cheshire/platform/zynqmp_fsbl/zynqmp_fsbl_bsp
11:21:18 INFO  : lopper command to reconfigure BSP :empyro reconfig_bsp -d /home3/shared/chapman44/cheshire/platform/psu_cortexa53_0/standalone_psu_cortexa53_0/bsp
11:21:18 INFO  : lopper command to reconfigure BSP :empyro reconfig_bsp -d /home3/shared/chapman44/cheshire/platform/zynqmp_fsbl/zynqmp_fsbl_bsp
11:21:18 INFO  : bash, -c, empyro reconfig_bsp -d /home3/shared/chapman44/cheshire/platform/psu_cortexa53_0/standalone_psu_cortexa53_0/bsp
11:21:18 INFO  : bash, -c, empyro reconfig_bsp -d /home3/shared/chapman44/cheshire/platform/zynqmp_fsbl/zynqmp_fsbl_bsp
11:21:19 INFO  : Domain reconfigured successfully
11:21:19 INFO  : Generating BSP for the domain /home3/shared/chapman44/cheshire/platform/psu_cortexa53_0/standalone_psu_cortexa53_0/bsp
11:21:19 INFO  : lopper command to build BSP :empyro build_bsp -d /home3/shared/chapman44/cheshire/platform/psu_cortexa53_0/standalone_psu_cortexa53_0/bsp
11:21:19 INFO  : bash, -c, empyro build_bsp -d /home3/shared/chapman44/cheshire/platform/psu_cortexa53_0/standalone_psu_cortexa53_0/bsp
11:21:19 INFO  : Domain reconfigured successfully
11:21:19 INFO  : Generating BSP for the domain /home3/shared/chapman44/cheshire/platform/zynqmp_fsbl/zynqmp_fsbl_bsp
11:21:19 INFO  : lopper command to build BSP :empyro build_bsp -d /home3/shared/chapman44/cheshire/platform/zynqmp_fsbl/zynqmp_fsbl_bsp
11:21:19 INFO  : bash, -c, empyro build_bsp -d /home3/shared/chapman44/cheshire/platform/zynqmp_fsbl/zynqmp_fsbl_bsp
11:21:19 INFO  : Domain build successfully
11:21:19 INFO  : Domain build successfully
11:21:19 INFO  : Generating Boot ELFs
11:21:19 INFO  : lopper command to retarget baremetal application :empyro retarget_app -s /home3/shared/chapman44/cheshire/platform/zynqmp_fsbl -d /home3/shared/chapman44/cheshire/platform/zynqmp_fsbl/zynqmp_fsbl_bsp -b /home3/shared/chapman44/cheshire/platform/zynqmp_fsbl/build
11:21:19 INFO  : bash, -c, empyro retarget_app -s /home3/shared/chapman44/cheshire/platform/zynqmp_fsbl -d /home3/shared/chapman44/cheshire/platform/zynqmp_fsbl/zynqmp_fsbl_bsp -b /home3/shared/chapman44/cheshire/platform/zynqmp_fsbl/build
11:21:19 INFO  : [INFO]: Retargeting app
11:21:19 INFO  : [INFO]: Updating link libraries based on new domain
11:21:19 INFO  : Successfully retargeted Application /home3/shared/chapman44/cheshire/platform/zynqmp_fsbl
11:21:19 INFO  : lopper command to build baremetal application :empyro build_app --src_dir /home3/shared/chapman44/cheshire/platform/zynqmp_fsbl --build_dir /home3/shared/chapman44/cheshire/platform/zynqmp_fsbl/build
11:21:19 INFO  : bash, -c, empyro build_app --src_dir /home3/shared/chapman44/cheshire/platform/zynqmp_fsbl --build_dir /home3/shared/chapman44/cheshire/platform/zynqmp_fsbl/build
11:21:22 INFO  : Successfully building the baremetal application/home3/shared/chapman44/cheshire/platform/zynqmp_fsbl/build
11:21:22 INFO  : Generating Export directory
11:21:22 INFO  : Platform Build Finished successfully.
11:21:23 INFO  : lopper command to retarget baremetal application :empyro retarget_app -s /home3/shared/chapman44/cheshire/app_component/src -d /home3/shared/chapman44/cheshire/platform/export/platform/sw/standalone_psu_cortexa53_0 -b /home3/shared/chapman44/cheshire/app_component/build
11:21:23 INFO  : bash, -c, empyro retarget_app -s /home3/shared/chapman44/cheshire/app_component/src -d /home3/shared/chapman44/cheshire/platform/export/platform/sw/standalone_psu_cortexa53_0 -b /home3/shared/chapman44/cheshire/app_component/build
11:21:23 INFO  : [INFO]: Retargeting app
11:21:23 INFO  : [INFO]: Updating link libraries based on new domain
11:21:23 INFO  : Successfully retargeted Application /home3/shared/chapman44/cheshire/app_component/src
11:21:23 INFO  : Initiating build for the app_component component.
11:21:23 INFO  : bash, -c, empyro build_app -s /home3/shared/chapman44/cheshire/app_component/src -b /home3/shared/chapman44/cheshire/app_component/build
11:21:23 INFO  : Command: bash -c unset CC CXX ;empyro build_app -s /home3/shared/chapman44/cheshire/app_component/src -b /home3/shared/chapman44/cheshire/app_component/build
11:21:23 ERROR : app_component build failed. 
11:22:00 INFO  : BSP build will be initiated for Domain zynqmp_fsbl
11:22:00 INFO  : BSP build will be initiated for Domain standalone_psu_cortexa53_0
11:22:00 INFO  : Generating BSP for the domain /home3/shared/chapman44/cheshire/platform/zynqmp_fsbl/zynqmp_fsbl_bsp
11:22:00 INFO  : Generating BSP for the domain /home3/shared/chapman44/cheshire/platform/psu_cortexa53_0/standalone_psu_cortexa53_0/bsp
11:22:00 INFO  : lopper command to reconfigure BSP :empyro reconfig_bsp -d /home3/shared/chapman44/cheshire/platform/zynqmp_fsbl/zynqmp_fsbl_bsp
11:22:00 INFO  : lopper command to reconfigure BSP :empyro reconfig_bsp -d /home3/shared/chapman44/cheshire/platform/psu_cortexa53_0/standalone_psu_cortexa53_0/bsp
11:22:00 INFO  : bash, -c, empyro reconfig_bsp -d /home3/shared/chapman44/cheshire/platform/zynqmp_fsbl/zynqmp_fsbl_bsp
11:22:00 INFO  : bash, -c, empyro reconfig_bsp -d /home3/shared/chapman44/cheshire/platform/psu_cortexa53_0/standalone_psu_cortexa53_0/bsp
11:22:00 INFO  : Domain reconfigured successfully
11:22:00 INFO  : Generating BSP for the domain /home3/shared/chapman44/cheshire/platform/psu_cortexa53_0/standalone_psu_cortexa53_0/bsp
11:22:00 INFO  : lopper command to build BSP :empyro build_bsp -d /home3/shared/chapman44/cheshire/platform/psu_cortexa53_0/standalone_psu_cortexa53_0/bsp
11:22:00 INFO  : bash, -c, empyro build_bsp -d /home3/shared/chapman44/cheshire/platform/psu_cortexa53_0/standalone_psu_cortexa53_0/bsp
11:22:00 INFO  : Domain reconfigured successfully
11:22:00 INFO  : Generating BSP for the domain /home3/shared/chapman44/cheshire/platform/zynqmp_fsbl/zynqmp_fsbl_bsp
11:22:00 INFO  : lopper command to build BSP :empyro build_bsp -d /home3/shared/chapman44/cheshire/platform/zynqmp_fsbl/zynqmp_fsbl_bsp
11:22:00 INFO  : bash, -c, empyro build_bsp -d /home3/shared/chapman44/cheshire/platform/zynqmp_fsbl/zynqmp_fsbl_bsp
11:22:00 INFO  : Domain build successfully
11:22:00 INFO  : Domain build successfully
11:22:00 INFO  : Generating Boot ELFs
11:22:00 INFO  : lopper command to retarget baremetal application :empyro retarget_app -s /home3/shared/chapman44/cheshire/platform/zynqmp_fsbl -d /home3/shared/chapman44/cheshire/platform/zynqmp_fsbl/zynqmp_fsbl_bsp -b /home3/shared/chapman44/cheshire/platform/zynqmp_fsbl/build
11:22:00 INFO  : bash, -c, empyro retarget_app -s /home3/shared/chapman44/cheshire/platform/zynqmp_fsbl -d /home3/shared/chapman44/cheshire/platform/zynqmp_fsbl/zynqmp_fsbl_bsp -b /home3/shared/chapman44/cheshire/platform/zynqmp_fsbl/build
11:22:01 INFO  : [INFO]: Retargeting app
11:22:01 INFO  : [INFO]: Updating link libraries based on new domain
11:22:01 INFO  : Successfully retargeted Application /home3/shared/chapman44/cheshire/platform/zynqmp_fsbl
11:22:01 INFO  : lopper command to build baremetal application :empyro build_app --src_dir /home3/shared/chapman44/cheshire/platform/zynqmp_fsbl --build_dir /home3/shared/chapman44/cheshire/platform/zynqmp_fsbl/build
11:22:01 INFO  : bash, -c, empyro build_app --src_dir /home3/shared/chapman44/cheshire/platform/zynqmp_fsbl --build_dir /home3/shared/chapman44/cheshire/platform/zynqmp_fsbl/build
11:22:03 INFO  : Successfully building the baremetal application/home3/shared/chapman44/cheshire/platform/zynqmp_fsbl/build
11:22:03 INFO  : Generating Export directory
11:22:04 INFO  : Platform Build Finished successfully.
11:22:04 INFO  : lopper command to retarget baremetal application :empyro retarget_app -s /home3/shared/chapman44/cheshire/app_component/src -d /home3/shared/chapman44/cheshire/platform/export/platform/sw/standalone_psu_cortexa53_0 -b /home3/shared/chapman44/cheshire/app_component/build
11:22:04 INFO  : bash, -c, empyro retarget_app -s /home3/shared/chapman44/cheshire/app_component/src -d /home3/shared/chapman44/cheshire/platform/export/platform/sw/standalone_psu_cortexa53_0 -b /home3/shared/chapman44/cheshire/app_component/build
11:22:04 INFO  : [INFO]: Retargeting app
11:22:04 INFO  : [INFO]: Updating link libraries based on new domain
11:22:04 INFO  : Successfully retargeted Application /home3/shared/chapman44/cheshire/app_component/src
11:22:04 INFO  : Initiating build for the app_component component.
11:22:04 INFO  : bash, -c, empyro build_app -s /home3/shared/chapman44/cheshire/app_component/src -b /home3/shared/chapman44/cheshire/app_component/build
11:22:04 INFO  : Command: bash -c unset CC CXX ;empyro build_app -s /home3/shared/chapman44/cheshire/app_component/src -b /home3/shared/chapman44/cheshire/app_component/build
11:22:05 ERROR : app_component build failed. 
11:22:27 INFO  : BSP build will be initiated for Domain zynqmp_fsbl
11:22:27 INFO  : BSP build will be initiated for Domain standalone_psu_cortexa53_0
11:22:27 INFO  : Generating BSP for the domain /home3/shared/chapman44/cheshire/platform/zynqmp_fsbl/zynqmp_fsbl_bsp
11:22:27 INFO  : Generating BSP for the domain /home3/shared/chapman44/cheshire/platform/psu_cortexa53_0/standalone_psu_cortexa53_0/bsp
11:22:27 INFO  : lopper command to reconfigure BSP :empyro reconfig_bsp -d /home3/shared/chapman44/cheshire/platform/zynqmp_fsbl/zynqmp_fsbl_bsp
11:22:27 INFO  : lopper command to reconfigure BSP :empyro reconfig_bsp -d /home3/shared/chapman44/cheshire/platform/psu_cortexa53_0/standalone_psu_cortexa53_0/bsp
11:22:27 INFO  : bash, -c, empyro reconfig_bsp -d /home3/shared/chapman44/cheshire/platform/psu_cortexa53_0/standalone_psu_cortexa53_0/bsp
11:22:27 INFO  : bash, -c, empyro reconfig_bsp -d /home3/shared/chapman44/cheshire/platform/zynqmp_fsbl/zynqmp_fsbl_bsp
11:22:28 INFO  : Domain reconfigured successfully
11:22:28 INFO  : Generating BSP for the domain /home3/shared/chapman44/cheshire/platform/psu_cortexa53_0/standalone_psu_cortexa53_0/bsp
11:22:28 INFO  : lopper command to build BSP :empyro build_bsp -d /home3/shared/chapman44/cheshire/platform/psu_cortexa53_0/standalone_psu_cortexa53_0/bsp
11:22:28 INFO  : bash, -c, empyro build_bsp -d /home3/shared/chapman44/cheshire/platform/psu_cortexa53_0/standalone_psu_cortexa53_0/bsp
11:22:28 INFO  : Domain reconfigured successfully
11:22:28 INFO  : Generating BSP for the domain /home3/shared/chapman44/cheshire/platform/zynqmp_fsbl/zynqmp_fsbl_bsp
11:22:28 INFO  : lopper command to build BSP :empyro build_bsp -d /home3/shared/chapman44/cheshire/platform/zynqmp_fsbl/zynqmp_fsbl_bsp
11:22:28 INFO  : bash, -c, empyro build_bsp -d /home3/shared/chapman44/cheshire/platform/zynqmp_fsbl/zynqmp_fsbl_bsp
11:22:28 INFO  : Domain build successfully
11:22:28 INFO  : Domain build successfully
11:22:28 INFO  : Generating Boot ELFs
11:22:28 INFO  : lopper command to retarget baremetal application :empyro retarget_app -s /home3/shared/chapman44/cheshire/platform/zynqmp_fsbl -d /home3/shared/chapman44/cheshire/platform/zynqmp_fsbl/zynqmp_fsbl_bsp -b /home3/shared/chapman44/cheshire/platform/zynqmp_fsbl/build
11:22:28 INFO  : bash, -c, empyro retarget_app -s /home3/shared/chapman44/cheshire/platform/zynqmp_fsbl -d /home3/shared/chapman44/cheshire/platform/zynqmp_fsbl/zynqmp_fsbl_bsp -b /home3/shared/chapman44/cheshire/platform/zynqmp_fsbl/build
11:22:28 INFO  : [INFO]: Retargeting app
11:22:28 INFO  : [INFO]: Updating link libraries based on new domain
11:22:28 INFO  : Successfully retargeted Application /home3/shared/chapman44/cheshire/platform/zynqmp_fsbl
11:22:28 INFO  : lopper command to build baremetal application :empyro build_app --src_dir /home3/shared/chapman44/cheshire/platform/zynqmp_fsbl --build_dir /home3/shared/chapman44/cheshire/platform/zynqmp_fsbl/build
11:22:28 INFO  : bash, -c, empyro build_app --src_dir /home3/shared/chapman44/cheshire/platform/zynqmp_fsbl --build_dir /home3/shared/chapman44/cheshire/platform/zynqmp_fsbl/build
11:22:31 INFO  : Successfully building the baremetal application/home3/shared/chapman44/cheshire/platform/zynqmp_fsbl/build
11:22:31 INFO  : Generating Export directory
11:22:31 INFO  : Platform Build Finished successfully.
11:22:32 INFO  : lopper command to retarget baremetal application :empyro retarget_app -s /home3/shared/chapman44/cheshire/app_component/src -d /home3/shared/chapman44/cheshire/platform/export/platform/sw/standalone_psu_cortexa53_0 -b /home3/shared/chapman44/cheshire/app_component/build
11:22:32 INFO  : bash, -c, empyro retarget_app -s /home3/shared/chapman44/cheshire/app_component/src -d /home3/shared/chapman44/cheshire/platform/export/platform/sw/standalone_psu_cortexa53_0 -b /home3/shared/chapman44/cheshire/app_component/build
11:22:32 INFO  : [INFO]: Retargeting app
11:22:32 INFO  : [INFO]: Updating link libraries based on new domain
11:22:32 INFO  : Successfully retargeted Application /home3/shared/chapman44/cheshire/app_component/src
11:22:32 INFO  : Initiating build for the app_component component.
11:22:32 INFO  : bash, -c, empyro build_app -s /home3/shared/chapman44/cheshire/app_component/src -b /home3/shared/chapman44/cheshire/app_component/build
11:22:32 INFO  : Command: bash -c unset CC CXX ;empyro build_app -s /home3/shared/chapman44/cheshire/app_component/src -b /home3/shared/chapman44/cheshire/app_component/build
11:22:32 ERROR : app_component build failed. 
11:24:29 INFO  : BSP build will be initiated for Domain zynqmp_fsbl
11:24:29 INFO  : BSP build will be initiated for Domain standalone_psu_cortexa53_0
11:24:29 INFO  : Generating BSP for the domain /home3/shared/chapman44/cheshire/platform/zynqmp_fsbl/zynqmp_fsbl_bsp
11:24:29 INFO  : lopper command to reconfigure BSP :empyro reconfig_bsp -d /home3/shared/chapman44/cheshire/platform/zynqmp_fsbl/zynqmp_fsbl_bsp
11:24:29 INFO  : Generating BSP for the domain /home3/shared/chapman44/cheshire/platform/psu_cortexa53_0/standalone_psu_cortexa53_0/bsp
11:24:29 INFO  : lopper command to reconfigure BSP :empyro reconfig_bsp -d /home3/shared/chapman44/cheshire/platform/psu_cortexa53_0/standalone_psu_cortexa53_0/bsp
11:24:29 INFO  : bash, -c, empyro reconfig_bsp -d /home3/shared/chapman44/cheshire/platform/zynqmp_fsbl/zynqmp_fsbl_bsp
11:24:29 INFO  : bash, -c, empyro reconfig_bsp -d /home3/shared/chapman44/cheshire/platform/psu_cortexa53_0/standalone_psu_cortexa53_0/bsp
11:24:29 INFO  : Domain reconfigured successfully
11:24:29 INFO  : Generating BSP for the domain /home3/shared/chapman44/cheshire/platform/psu_cortexa53_0/standalone_psu_cortexa53_0/bsp
11:24:29 INFO  : lopper command to build BSP :empyro build_bsp -d /home3/shared/chapman44/cheshire/platform/psu_cortexa53_0/standalone_psu_cortexa53_0/bsp
11:24:29 INFO  : bash, -c, empyro build_bsp -d /home3/shared/chapman44/cheshire/platform/psu_cortexa53_0/standalone_psu_cortexa53_0/bsp
11:24:29 INFO  : Domain reconfigured successfully
11:24:29 INFO  : Generating BSP for the domain /home3/shared/chapman44/cheshire/platform/zynqmp_fsbl/zynqmp_fsbl_bsp
11:24:29 INFO  : lopper command to build BSP :empyro build_bsp -d /home3/shared/chapman44/cheshire/platform/zynqmp_fsbl/zynqmp_fsbl_bsp
11:24:29 INFO  : bash, -c, empyro build_bsp -d /home3/shared/chapman44/cheshire/platform/zynqmp_fsbl/zynqmp_fsbl_bsp
11:24:30 INFO  : Domain build successfully
11:24:30 INFO  : Domain build successfully
11:24:30 INFO  : Generating Boot ELFs
11:24:30 INFO  : lopper command to retarget baremetal application :empyro retarget_app -s /home3/shared/chapman44/cheshire/platform/zynqmp_fsbl -d /home3/shared/chapman44/cheshire/platform/zynqmp_fsbl/zynqmp_fsbl_bsp -b /home3/shared/chapman44/cheshire/platform/zynqmp_fsbl/build
11:24:30 INFO  : bash, -c, empyro retarget_app -s /home3/shared/chapman44/cheshire/platform/zynqmp_fsbl -d /home3/shared/chapman44/cheshire/platform/zynqmp_fsbl/zynqmp_fsbl_bsp -b /home3/shared/chapman44/cheshire/platform/zynqmp_fsbl/build
11:24:30 INFO  : [INFO]: Retargeting app
11:24:30 INFO  : [INFO]: Updating link libraries based on new domain
11:24:30 INFO  : Successfully retargeted Application /home3/shared/chapman44/cheshire/platform/zynqmp_fsbl
11:24:30 INFO  : lopper command to build baremetal application :empyro build_app --src_dir /home3/shared/chapman44/cheshire/platform/zynqmp_fsbl --build_dir /home3/shared/chapman44/cheshire/platform/zynqmp_fsbl/build
11:24:30 INFO  : bash, -c, empyro build_app --src_dir /home3/shared/chapman44/cheshire/platform/zynqmp_fsbl --build_dir /home3/shared/chapman44/cheshire/platform/zynqmp_fsbl/build
11:24:33 INFO  : Successfully building the baremetal application/home3/shared/chapman44/cheshire/platform/zynqmp_fsbl/build
11:24:33 INFO  : Generating Export directory
11:24:33 INFO  : Platform Build Finished successfully.
11:24:33 INFO  : lopper command to retarget baremetal application :empyro retarget_app -s /home3/shared/chapman44/cheshire/app_component/src -d /home3/shared/chapman44/cheshire/platform/export/platform/sw/standalone_psu_cortexa53_0 -b /home3/shared/chapman44/cheshire/app_component/build
11:24:33 INFO  : bash, -c, empyro retarget_app -s /home3/shared/chapman44/cheshire/app_component/src -d /home3/shared/chapman44/cheshire/platform/export/platform/sw/standalone_psu_cortexa53_0 -b /home3/shared/chapman44/cheshire/app_component/build
11:24:33 INFO  : [INFO]: Retargeting app
11:24:33 INFO  : [INFO]: Updating link libraries based on new domain
11:24:33 INFO  : Successfully retargeted Application /home3/shared/chapman44/cheshire/app_component/src
11:24:33 INFO  : Initiating build for the app_component component.
11:24:33 INFO  : bash, -c, empyro build_app -s /home3/shared/chapman44/cheshire/app_component/src -b /home3/shared/chapman44/cheshire/app_component/build
11:24:33 INFO  : Command: bash -c unset CC CXX ;empyro build_app -s /home3/shared/chapman44/cheshire/app_component/src -b /home3/shared/chapman44/cheshire/app_component/build
11:24:34 ERROR : app_component build failed. 
11:24:58 INFO  : BSP build will be initiated for Domain zynqmp_fsbl
11:24:58 INFO  : BSP build will be initiated for Domain standalone_psu_cortexa53_0
11:24:58 INFO  : Generating BSP for the domain /home3/shared/chapman44/cheshire/platform/zynqmp_fsbl/zynqmp_fsbl_bsp
11:24:58 INFO  : Generating BSP for the domain /home3/shared/chapman44/cheshire/platform/psu_cortexa53_0/standalone_psu_cortexa53_0/bsp
11:24:58 INFO  : lopper command to reconfigure BSP :empyro reconfig_bsp -d /home3/shared/chapman44/cheshire/platform/zynqmp_fsbl/zynqmp_fsbl_bsp
11:24:58 INFO  : lopper command to reconfigure BSP :empyro reconfig_bsp -d /home3/shared/chapman44/cheshire/platform/psu_cortexa53_0/standalone_psu_cortexa53_0/bsp
11:24:58 INFO  : bash, -c, empyro reconfig_bsp -d /home3/shared/chapman44/cheshire/platform/psu_cortexa53_0/standalone_psu_cortexa53_0/bsp
11:24:58 INFO  : bash, -c, empyro reconfig_bsp -d /home3/shared/chapman44/cheshire/platform/zynqmp_fsbl/zynqmp_fsbl_bsp
11:24:58 INFO  : Domain reconfigured successfully
11:24:58 INFO  : Generating BSP for the domain /home3/shared/chapman44/cheshire/platform/psu_cortexa53_0/standalone_psu_cortexa53_0/bsp
11:24:58 INFO  : lopper command to build BSP :empyro build_bsp -d /home3/shared/chapman44/cheshire/platform/psu_cortexa53_0/standalone_psu_cortexa53_0/bsp
11:24:58 INFO  : bash, -c, empyro build_bsp -d /home3/shared/chapman44/cheshire/platform/psu_cortexa53_0/standalone_psu_cortexa53_0/bsp
11:24:58 INFO  : Domain reconfigured successfully
11:24:58 INFO  : Generating BSP for the domain /home3/shared/chapman44/cheshire/platform/zynqmp_fsbl/zynqmp_fsbl_bsp
11:24:58 INFO  : lopper command to build BSP :empyro build_bsp -d /home3/shared/chapman44/cheshire/platform/zynqmp_fsbl/zynqmp_fsbl_bsp
11:24:58 INFO  : bash, -c, empyro build_bsp -d /home3/shared/chapman44/cheshire/platform/zynqmp_fsbl/zynqmp_fsbl_bsp
11:24:58 INFO  : Domain build successfully
11:24:58 INFO  : Domain build successfully
11:24:58 INFO  : Generating Boot ELFs
11:24:58 INFO  : lopper command to retarget baremetal application :empyro retarget_app -s /home3/shared/chapman44/cheshire/platform/zynqmp_fsbl -d /home3/shared/chapman44/cheshire/platform/zynqmp_fsbl/zynqmp_fsbl_bsp -b /home3/shared/chapman44/cheshire/platform/zynqmp_fsbl/build
11:24:58 INFO  : bash, -c, empyro retarget_app -s /home3/shared/chapman44/cheshire/platform/zynqmp_fsbl -d /home3/shared/chapman44/cheshire/platform/zynqmp_fsbl/zynqmp_fsbl_bsp -b /home3/shared/chapman44/cheshire/platform/zynqmp_fsbl/build
11:24:58 INFO  : [INFO]: Retargeting app
11:24:58 INFO  : [INFO]: Updating link libraries based on new domain
11:24:58 INFO  : Successfully retargeted Application /home3/shared/chapman44/cheshire/platform/zynqmp_fsbl
11:24:58 INFO  : lopper command to build baremetal application :empyro build_app --src_dir /home3/shared/chapman44/cheshire/platform/zynqmp_fsbl --build_dir /home3/shared/chapman44/cheshire/platform/zynqmp_fsbl/build
11:24:58 INFO  : bash, -c, empyro build_app --src_dir /home3/shared/chapman44/cheshire/platform/zynqmp_fsbl --build_dir /home3/shared/chapman44/cheshire/platform/zynqmp_fsbl/build
11:25:01 INFO  : Successfully building the baremetal application/home3/shared/chapman44/cheshire/platform/zynqmp_fsbl/build
11:25:01 INFO  : Generating Export directory
11:25:01 INFO  : Platform Build Finished successfully.
11:25:02 INFO  : lopper command to retarget baremetal application :empyro retarget_app -s /home3/shared/chapman44/cheshire/app_component/src -d /home3/shared/chapman44/cheshire/platform/export/platform/sw/standalone_psu_cortexa53_0 -b /home3/shared/chapman44/cheshire/app_component/build
11:25:02 INFO  : bash, -c, empyro retarget_app -s /home3/shared/chapman44/cheshire/app_component/src -d /home3/shared/chapman44/cheshire/platform/export/platform/sw/standalone_psu_cortexa53_0 -b /home3/shared/chapman44/cheshire/app_component/build
11:25:02 INFO  : [INFO]: Retargeting app
11:25:02 INFO  : [INFO]: Updating link libraries based on new domain
11:25:02 INFO  : Successfully retargeted Application /home3/shared/chapman44/cheshire/app_component/src
11:25:02 INFO  : Initiating build for the app_component component.
11:25:02 INFO  : bash, -c, empyro build_app -s /home3/shared/chapman44/cheshire/app_component/src -b /home3/shared/chapman44/cheshire/app_component/build
11:25:02 INFO  : Command: bash -c unset CC CXX ;empyro build_app -s /home3/shared/chapman44/cheshire/app_component/src -b /home3/shared/chapman44/cheshire/app_component/build
11:25:02 ERROR : app_component build failed. 
11:25:11 INFO  : BSP build will be initiated for Domain standalone_psu_cortexa53_0
11:25:11 INFO  : BSP build will be initiated for Domain zynqmp_fsbl
11:25:11 INFO  : Generating BSP for the domain /home3/shared/chapman44/cheshire/platform/psu_cortexa53_0/standalone_psu_cortexa53_0/bsp
11:25:11 INFO  : Generating BSP for the domain /home3/shared/chapman44/cheshire/platform/zynqmp_fsbl/zynqmp_fsbl_bsp
11:25:11 INFO  : lopper command to reconfigure BSP :empyro reconfig_bsp -d /home3/shared/chapman44/cheshire/platform/psu_cortexa53_0/standalone_psu_cortexa53_0/bsp
11:25:11 INFO  : lopper command to reconfigure BSP :empyro reconfig_bsp -d /home3/shared/chapman44/cheshire/platform/zynqmp_fsbl/zynqmp_fsbl_bsp
11:25:11 INFO  : bash, -c, empyro reconfig_bsp -d /home3/shared/chapman44/cheshire/platform/zynqmp_fsbl/zynqmp_fsbl_bsp
11:25:11 INFO  : bash, -c, empyro reconfig_bsp -d /home3/shared/chapman44/cheshire/platform/psu_cortexa53_0/standalone_psu_cortexa53_0/bsp
11:25:11 INFO  : Domain reconfigured successfully
11:25:11 INFO  : Generating BSP for the domain /home3/shared/chapman44/cheshire/platform/psu_cortexa53_0/standalone_psu_cortexa53_0/bsp
11:25:11 INFO  : lopper command to build BSP :empyro build_bsp -d /home3/shared/chapman44/cheshire/platform/psu_cortexa53_0/standalone_psu_cortexa53_0/bsp
11:25:11 INFO  : bash, -c, empyro build_bsp -d /home3/shared/chapman44/cheshire/platform/psu_cortexa53_0/standalone_psu_cortexa53_0/bsp
11:25:11 INFO  : Domain reconfigured successfully
11:25:11 INFO  : Generating BSP for the domain /home3/shared/chapman44/cheshire/platform/zynqmp_fsbl/zynqmp_fsbl_bsp
11:25:11 INFO  : lopper command to build BSP :empyro build_bsp -d /home3/shared/chapman44/cheshire/platform/zynqmp_fsbl/zynqmp_fsbl_bsp
11:25:11 INFO  : bash, -c, empyro build_bsp -d /home3/shared/chapman44/cheshire/platform/zynqmp_fsbl/zynqmp_fsbl_bsp
11:25:12 INFO  : Domain build successfully
11:25:12 INFO  : Domain build successfully
11:25:12 INFO  : Generating Boot ELFs
11:25:12 INFO  : lopper command to retarget baremetal application :empyro retarget_app -s /home3/shared/chapman44/cheshire/platform/zynqmp_fsbl -d /home3/shared/chapman44/cheshire/platform/zynqmp_fsbl/zynqmp_fsbl_bsp -b /home3/shared/chapman44/cheshire/platform/zynqmp_fsbl/build
11:25:12 INFO  : bash, -c, empyro retarget_app -s /home3/shared/chapman44/cheshire/platform/zynqmp_fsbl -d /home3/shared/chapman44/cheshire/platform/zynqmp_fsbl/zynqmp_fsbl_bsp -b /home3/shared/chapman44/cheshire/platform/zynqmp_fsbl/build
11:25:12 INFO  : [INFO]: Retargeting app
11:25:12 INFO  : [INFO]: Updating link libraries based on new domain
11:25:12 INFO  : Successfully retargeted Application /home3/shared/chapman44/cheshire/platform/zynqmp_fsbl
11:25:12 INFO  : lopper command to build baremetal application :empyro build_app --src_dir /home3/shared/chapman44/cheshire/platform/zynqmp_fsbl --build_dir /home3/shared/chapman44/cheshire/platform/zynqmp_fsbl/build
11:25:12 INFO  : bash, -c, empyro build_app --src_dir /home3/shared/chapman44/cheshire/platform/zynqmp_fsbl --build_dir /home3/shared/chapman44/cheshire/platform/zynqmp_fsbl/build
11:25:15 INFO  : Successfully building the baremetal application/home3/shared/chapman44/cheshire/platform/zynqmp_fsbl/build
11:25:15 INFO  : Generating Export directory
11:25:15 INFO  : Platform Build Finished successfully.
11:25:15 INFO  : lopper command to retarget baremetal application :empyro retarget_app -s /home3/shared/chapman44/cheshire/app_component/src -d /home3/shared/chapman44/cheshire/platform/export/platform/sw/standalone_psu_cortexa53_0 -b /home3/shared/chapman44/cheshire/app_component/build
11:25:15 INFO  : bash, -c, empyro retarget_app -s /home3/shared/chapman44/cheshire/app_component/src -d /home3/shared/chapman44/cheshire/platform/export/platform/sw/standalone_psu_cortexa53_0 -b /home3/shared/chapman44/cheshire/app_component/build
11:25:16 INFO  : [INFO]: Retargeting app
11:25:16 INFO  : [INFO]: Updating link libraries based on new domain
11:25:16 INFO  : Successfully retargeted Application /home3/shared/chapman44/cheshire/app_component/src
11:25:16 INFO  : Initiating build for the app_component component.
11:25:16 INFO  : bash, -c, empyro build_app -s /home3/shared/chapman44/cheshire/app_component/src -b /home3/shared/chapman44/cheshire/app_component/build
11:25:16 INFO  : Command: bash -c unset CC CXX ;empyro build_app -s /home3/shared/chapman44/cheshire/app_component/src -b /home3/shared/chapman44/cheshire/app_component/build
11:25:16 ERROR : app_component build failed. 
11:26:44 INFO  : BSP build will be initiated for Domain zynqmp_fsbl
11:26:44 INFO  : BSP build will be initiated for Domain standalone_psu_cortexa53_0
11:26:44 INFO  : Generating BSP for the domain /home3/shared/chapman44/cheshire/platform/zynqmp_fsbl/zynqmp_fsbl_bsp
11:26:44 INFO  : Generating BSP for the domain /home3/shared/chapman44/cheshire/platform/psu_cortexa53_0/standalone_psu_cortexa53_0/bsp
11:26:44 INFO  : lopper command to reconfigure BSP :empyro reconfig_bsp -d /home3/shared/chapman44/cheshire/platform/zynqmp_fsbl/zynqmp_fsbl_bsp
11:26:44 INFO  : lopper command to reconfigure BSP :empyro reconfig_bsp -d /home3/shared/chapman44/cheshire/platform/psu_cortexa53_0/standalone_psu_cortexa53_0/bsp
11:26:44 INFO  : bash, -c, empyro reconfig_bsp -d /home3/shared/chapman44/cheshire/platform/zynqmp_fsbl/zynqmp_fsbl_bsp
11:26:44 INFO  : bash, -c, empyro reconfig_bsp -d /home3/shared/chapman44/cheshire/platform/psu_cortexa53_0/standalone_psu_cortexa53_0/bsp
11:26:44 INFO  : Domain reconfigured successfully
11:26:44 INFO  : Generating BSP for the domain /home3/shared/chapman44/cheshire/platform/psu_cortexa53_0/standalone_psu_cortexa53_0/bsp
11:26:44 INFO  : lopper command to build BSP :empyro build_bsp -d /home3/shared/chapman44/cheshire/platform/psu_cortexa53_0/standalone_psu_cortexa53_0/bsp
11:26:44 INFO  : bash, -c, empyro build_bsp -d /home3/shared/chapman44/cheshire/platform/psu_cortexa53_0/standalone_psu_cortexa53_0/bsp
11:26:44 INFO  : Domain reconfigured successfully
11:26:44 INFO  : Generating BSP for the domain /home3/shared/chapman44/cheshire/platform/zynqmp_fsbl/zynqmp_fsbl_bsp
11:26:44 INFO  : lopper command to build BSP :empyro build_bsp -d /home3/shared/chapman44/cheshire/platform/zynqmp_fsbl/zynqmp_fsbl_bsp
11:26:44 INFO  : bash, -c, empyro build_bsp -d /home3/shared/chapman44/cheshire/platform/zynqmp_fsbl/zynqmp_fsbl_bsp
11:26:44 INFO  : Domain build successfully
11:26:44 INFO  : Domain build successfully
11:26:44 INFO  : Generating Boot ELFs
11:26:44 INFO  : lopper command to retarget baremetal application :empyro retarget_app -s /home3/shared/chapman44/cheshire/platform/zynqmp_fsbl -d /home3/shared/chapman44/cheshire/platform/zynqmp_fsbl/zynqmp_fsbl_bsp -b /home3/shared/chapman44/cheshire/platform/zynqmp_fsbl/build
11:26:44 INFO  : bash, -c, empyro retarget_app -s /home3/shared/chapman44/cheshire/platform/zynqmp_fsbl -d /home3/shared/chapman44/cheshire/platform/zynqmp_fsbl/zynqmp_fsbl_bsp -b /home3/shared/chapman44/cheshire/platform/zynqmp_fsbl/build
11:26:44 INFO  : [INFO]: Retargeting app
11:26:44 INFO  : [INFO]: Updating link libraries based on new domain
11:26:44 INFO  : Successfully retargeted Application /home3/shared/chapman44/cheshire/platform/zynqmp_fsbl
11:26:44 INFO  : lopper command to build baremetal application :empyro build_app --src_dir /home3/shared/chapman44/cheshire/platform/zynqmp_fsbl --build_dir /home3/shared/chapman44/cheshire/platform/zynqmp_fsbl/build
11:26:44 INFO  : bash, -c, empyro build_app --src_dir /home3/shared/chapman44/cheshire/platform/zynqmp_fsbl --build_dir /home3/shared/chapman44/cheshire/platform/zynqmp_fsbl/build
11:26:47 INFO  : Successfully building the baremetal application/home3/shared/chapman44/cheshire/platform/zynqmp_fsbl/build
11:26:47 INFO  : Generating Export directory
11:26:47 INFO  : Platform Build Finished successfully.
11:26:48 INFO  : lopper command to retarget baremetal application :empyro retarget_app -s /home3/shared/chapman44/cheshire/app_component/src -d /home3/shared/chapman44/cheshire/platform/export/platform/sw/standalone_psu_cortexa53_0 -b /home3/shared/chapman44/cheshire/app_component/build
11:26:48 INFO  : bash, -c, empyro retarget_app -s /home3/shared/chapman44/cheshire/app_component/src -d /home3/shared/chapman44/cheshire/platform/export/platform/sw/standalone_psu_cortexa53_0 -b /home3/shared/chapman44/cheshire/app_component/build
11:26:48 INFO  : [INFO]: Retargeting app
11:26:48 INFO  : [INFO]: Updating link libraries based on new domain
11:26:48 INFO  : Successfully retargeted Application /home3/shared/chapman44/cheshire/app_component/src
11:26:48 INFO  : Initiating build for the app_component component.
11:26:48 INFO  : bash, -c, empyro build_app -s /home3/shared/chapman44/cheshire/app_component/src -b /home3/shared/chapman44/cheshire/app_component/build
11:26:48 INFO  : Command: bash -c unset CC CXX ;empyro build_app -s /home3/shared/chapman44/cheshire/app_component/src -b /home3/shared/chapman44/cheshire/app_component/build
11:26:48 ERROR : app_component build failed. 
11:27:45 INFO  : BSP build will be initiated for Domain zynqmp_fsbl
11:27:45 INFO  : BSP build will be initiated for Domain standalone_psu_cortexa53_0
11:27:45 INFO  : Generating BSP for the domain /home3/shared/chapman44/cheshire/platform/zynqmp_fsbl/zynqmp_fsbl_bsp
11:27:45 INFO  : Generating BSP for the domain /home3/shared/chapman44/cheshire/platform/psu_cortexa53_0/standalone_psu_cortexa53_0/bsp
11:27:45 INFO  : lopper command to reconfigure BSP :empyro reconfig_bsp -d /home3/shared/chapman44/cheshire/platform/zynqmp_fsbl/zynqmp_fsbl_bsp
11:27:45 INFO  : lopper command to reconfigure BSP :empyro reconfig_bsp -d /home3/shared/chapman44/cheshire/platform/psu_cortexa53_0/standalone_psu_cortexa53_0/bsp
11:27:45 INFO  : bash, -c, empyro reconfig_bsp -d /home3/shared/chapman44/cheshire/platform/psu_cortexa53_0/standalone_psu_cortexa53_0/bsp
11:27:45 INFO  : bash, -c, empyro reconfig_bsp -d /home3/shared/chapman44/cheshire/platform/zynqmp_fsbl/zynqmp_fsbl_bsp
11:27:46 INFO  : Domain reconfigured successfully
11:27:46 INFO  : Generating BSP for the domain /home3/shared/chapman44/cheshire/platform/psu_cortexa53_0/standalone_psu_cortexa53_0/bsp
11:27:46 INFO  : lopper command to build BSP :empyro build_bsp -d /home3/shared/chapman44/cheshire/platform/psu_cortexa53_0/standalone_psu_cortexa53_0/bsp
11:27:46 INFO  : bash, -c, empyro build_bsp -d /home3/shared/chapman44/cheshire/platform/psu_cortexa53_0/standalone_psu_cortexa53_0/bsp
11:27:46 INFO  : Domain reconfigured successfully
11:27:46 INFO  : Generating BSP for the domain /home3/shared/chapman44/cheshire/platform/zynqmp_fsbl/zynqmp_fsbl_bsp
11:27:46 INFO  : lopper command to build BSP :empyro build_bsp -d /home3/shared/chapman44/cheshire/platform/zynqmp_fsbl/zynqmp_fsbl_bsp
11:27:46 INFO  : bash, -c, empyro build_bsp -d /home3/shared/chapman44/cheshire/platform/zynqmp_fsbl/zynqmp_fsbl_bsp
11:27:46 INFO  : Domain build successfully
11:27:46 INFO  : Domain build successfully
11:27:46 INFO  : Generating Boot ELFs
11:27:46 INFO  : lopper command to retarget baremetal application :empyro retarget_app -s /home3/shared/chapman44/cheshire/platform/zynqmp_fsbl -d /home3/shared/chapman44/cheshire/platform/zynqmp_fsbl/zynqmp_fsbl_bsp -b /home3/shared/chapman44/cheshire/platform/zynqmp_fsbl/build
11:27:46 INFO  : bash, -c, empyro retarget_app -s /home3/shared/chapman44/cheshire/platform/zynqmp_fsbl -d /home3/shared/chapman44/cheshire/platform/zynqmp_fsbl/zynqmp_fsbl_bsp -b /home3/shared/chapman44/cheshire/platform/zynqmp_fsbl/build
11:27:46 INFO  : [INFO]: Retargeting app
11:27:46 INFO  : [INFO]: Updating link libraries based on new domain
11:27:46 INFO  : Successfully retargeted Application /home3/shared/chapman44/cheshire/platform/zynqmp_fsbl
11:27:46 INFO  : lopper command to build baremetal application :empyro build_app --src_dir /home3/shared/chapman44/cheshire/platform/zynqmp_fsbl --build_dir /home3/shared/chapman44/cheshire/platform/zynqmp_fsbl/build
11:27:46 INFO  : bash, -c, empyro build_app --src_dir /home3/shared/chapman44/cheshire/platform/zynqmp_fsbl --build_dir /home3/shared/chapman44/cheshire/platform/zynqmp_fsbl/build
11:27:49 INFO  : Successfully building the baremetal application/home3/shared/chapman44/cheshire/platform/zynqmp_fsbl/build
11:27:49 INFO  : Generating Export directory
11:27:49 INFO  : Platform Build Finished successfully.
11:27:50 INFO  : lopper command to retarget baremetal application :empyro retarget_app -s /home3/shared/chapman44/cheshire/app_component/src -d /home3/shared/chapman44/cheshire/platform/export/platform/sw/standalone_psu_cortexa53_0 -b /home3/shared/chapman44/cheshire/app_component/build
11:27:50 INFO  : bash, -c, empyro retarget_app -s /home3/shared/chapman44/cheshire/app_component/src -d /home3/shared/chapman44/cheshire/platform/export/platform/sw/standalone_psu_cortexa53_0 -b /home3/shared/chapman44/cheshire/app_component/build
11:27:50 INFO  : [INFO]: Retargeting app
11:27:50 INFO  : [INFO]: Updating link libraries based on new domain
11:27:50 INFO  : Successfully retargeted Application /home3/shared/chapman44/cheshire/app_component/src
11:27:50 INFO  : Initiating build for the app_component component.
11:27:50 INFO  : bash, -c, empyro build_app -s /home3/shared/chapman44/cheshire/app_component/src -b /home3/shared/chapman44/cheshire/app_component/build
11:27:50 INFO  : Command: bash -c unset CC CXX ;empyro build_app -s /home3/shared/chapman44/cheshire/app_component/src -b /home3/shared/chapman44/cheshire/app_component/build
11:27:50 ERROR : app_component build failed. 
11:29:32 INFO  : BSP build will be initiated for Domain zynqmp_fsbl
11:29:32 INFO  : BSP build will be initiated for Domain standalone_psu_cortexa53_0
11:29:32 INFO  : Generating BSP for the domain /home3/shared/chapman44/cheshire/platform/zynqmp_fsbl/zynqmp_fsbl_bsp
11:29:32 INFO  : Generating BSP for the domain /home3/shared/chapman44/cheshire/platform/psu_cortexa53_0/standalone_psu_cortexa53_0/bsp
11:29:32 INFO  : lopper command to reconfigure BSP :empyro reconfig_bsp -d /home3/shared/chapman44/cheshire/platform/zynqmp_fsbl/zynqmp_fsbl_bsp
11:29:32 INFO  : lopper command to reconfigure BSP :empyro reconfig_bsp -d /home3/shared/chapman44/cheshire/platform/psu_cortexa53_0/standalone_psu_cortexa53_0/bsp
11:29:32 INFO  : bash, -c, empyro reconfig_bsp -d /home3/shared/chapman44/cheshire/platform/zynqmp_fsbl/zynqmp_fsbl_bsp
11:29:32 INFO  : bash, -c, empyro reconfig_bsp -d /home3/shared/chapman44/cheshire/platform/psu_cortexa53_0/standalone_psu_cortexa53_0/bsp
11:29:33 INFO  : Domain reconfigured successfully
11:29:33 INFO  : Generating BSP for the domain /home3/shared/chapman44/cheshire/platform/psu_cortexa53_0/standalone_psu_cortexa53_0/bsp
11:29:33 INFO  : lopper command to build BSP :empyro build_bsp -d /home3/shared/chapman44/cheshire/platform/psu_cortexa53_0/standalone_psu_cortexa53_0/bsp
11:29:33 INFO  : bash, -c, empyro build_bsp -d /home3/shared/chapman44/cheshire/platform/psu_cortexa53_0/standalone_psu_cortexa53_0/bsp
11:29:33 INFO  : Domain reconfigured successfully
11:29:33 INFO  : Generating BSP for the domain /home3/shared/chapman44/cheshire/platform/zynqmp_fsbl/zynqmp_fsbl_bsp
11:29:33 INFO  : lopper command to build BSP :empyro build_bsp -d /home3/shared/chapman44/cheshire/platform/zynqmp_fsbl/zynqmp_fsbl_bsp
11:29:33 INFO  : bash, -c, empyro build_bsp -d /home3/shared/chapman44/cheshire/platform/zynqmp_fsbl/zynqmp_fsbl_bsp
11:29:33 INFO  : Domain build successfully
11:29:33 INFO  : Domain build successfully
11:29:33 INFO  : Generating Boot ELFs
11:29:33 INFO  : lopper command to retarget baremetal application :empyro retarget_app -s /home3/shared/chapman44/cheshire/platform/zynqmp_fsbl -d /home3/shared/chapman44/cheshire/platform/zynqmp_fsbl/zynqmp_fsbl_bsp -b /home3/shared/chapman44/cheshire/platform/zynqmp_fsbl/build
11:29:33 INFO  : bash, -c, empyro retarget_app -s /home3/shared/chapman44/cheshire/platform/zynqmp_fsbl -d /home3/shared/chapman44/cheshire/platform/zynqmp_fsbl/zynqmp_fsbl_bsp -b /home3/shared/chapman44/cheshire/platform/zynqmp_fsbl/build
11:29:33 INFO  : [INFO]: Retargeting app
11:29:33 INFO  : [INFO]: Updating link libraries based on new domain
11:29:33 INFO  : Successfully retargeted Application /home3/shared/chapman44/cheshire/platform/zynqmp_fsbl
11:29:33 INFO  : lopper command to build baremetal application :empyro build_app --src_dir /home3/shared/chapman44/cheshire/platform/zynqmp_fsbl --build_dir /home3/shared/chapman44/cheshire/platform/zynqmp_fsbl/build
11:29:33 INFO  : bash, -c, empyro build_app --src_dir /home3/shared/chapman44/cheshire/platform/zynqmp_fsbl --build_dir /home3/shared/chapman44/cheshire/platform/zynqmp_fsbl/build
11:29:36 INFO  : Successfully building the baremetal application/home3/shared/chapman44/cheshire/platform/zynqmp_fsbl/build
11:29:36 INFO  : Generating Export directory
11:29:36 INFO  : Platform Build Finished successfully.
11:29:36 INFO  : lopper command to retarget baremetal application :empyro retarget_app -s /home3/shared/chapman44/cheshire/app_component/src -d /home3/shared/chapman44/cheshire/platform/export/platform/sw/standalone_psu_cortexa53_0 -b /home3/shared/chapman44/cheshire/app_component/build
11:29:36 INFO  : bash, -c, empyro retarget_app -s /home3/shared/chapman44/cheshire/app_component/src -d /home3/shared/chapman44/cheshire/platform/export/platform/sw/standalone_psu_cortexa53_0 -b /home3/shared/chapman44/cheshire/app_component/build
11:29:37 INFO  : [INFO]: Retargeting app
11:29:37 INFO  : [INFO]: Updating link libraries based on new domain
11:29:37 INFO  : Successfully retargeted Application /home3/shared/chapman44/cheshire/app_component/src
11:29:37 INFO  : Initiating build for the app_component component.
11:29:37 INFO  : bash, -c, empyro build_app -s /home3/shared/chapman44/cheshire/app_component/src -b /home3/shared/chapman44/cheshire/app_component/build
11:29:37 INFO  : Command: bash -c unset CC CXX ;empyro build_app -s /home3/shared/chapman44/cheshire/app_component/src -b /home3/shared/chapman44/cheshire/app_component/build
11:29:37 ERROR : app_component build failed. 
11:30:46 INFO  : BSP build will be initiated for Domain standalone_psu_cortexa53_0
11:30:46 INFO  : BSP build will be initiated for Domain zynqmp_fsbl
11:30:46 INFO  : Generating BSP for the domain /home3/shared/chapman44/cheshire/platform/psu_cortexa53_0/standalone_psu_cortexa53_0/bsp
11:30:46 INFO  : Generating BSP for the domain /home3/shared/chapman44/cheshire/platform/zynqmp_fsbl/zynqmp_fsbl_bsp
11:30:46 INFO  : lopper command to reconfigure BSP :empyro reconfig_bsp -d /home3/shared/chapman44/cheshire/platform/psu_cortexa53_0/standalone_psu_cortexa53_0/bsp
11:30:46 INFO  : lopper command to reconfigure BSP :empyro reconfig_bsp -d /home3/shared/chapman44/cheshire/platform/zynqmp_fsbl/zynqmp_fsbl_bsp
11:30:46 INFO  : bash, -c, empyro reconfig_bsp -d /home3/shared/chapman44/cheshire/platform/psu_cortexa53_0/standalone_psu_cortexa53_0/bsp
11:30:46 INFO  : bash, -c, empyro reconfig_bsp -d /home3/shared/chapman44/cheshire/platform/zynqmp_fsbl/zynqmp_fsbl_bsp
11:30:46 INFO  : Domain reconfigured successfully
11:30:46 INFO  : Generating BSP for the domain /home3/shared/chapman44/cheshire/platform/psu_cortexa53_0/standalone_psu_cortexa53_0/bsp
11:30:46 INFO  : lopper command to build BSP :empyro build_bsp -d /home3/shared/chapman44/cheshire/platform/psu_cortexa53_0/standalone_psu_cortexa53_0/bsp
11:30:46 INFO  : bash, -c, empyro build_bsp -d /home3/shared/chapman44/cheshire/platform/psu_cortexa53_0/standalone_psu_cortexa53_0/bsp
11:30:46 INFO  : Domain reconfigured successfully
11:30:46 INFO  : Generating BSP for the domain /home3/shared/chapman44/cheshire/platform/zynqmp_fsbl/zynqmp_fsbl_bsp
11:30:46 INFO  : lopper command to build BSP :empyro build_bsp -d /home3/shared/chapman44/cheshire/platform/zynqmp_fsbl/zynqmp_fsbl_bsp
11:30:46 INFO  : bash, -c, empyro build_bsp -d /home3/shared/chapman44/cheshire/platform/zynqmp_fsbl/zynqmp_fsbl_bsp
11:30:46 INFO  : Domain build successfully
11:30:46 INFO  : Domain build successfully
11:30:46 INFO  : Generating Boot ELFs
11:30:46 INFO  : lopper command to retarget baremetal application :empyro retarget_app -s /home3/shared/chapman44/cheshire/platform/zynqmp_fsbl -d /home3/shared/chapman44/cheshire/platform/zynqmp_fsbl/zynqmp_fsbl_bsp -b /home3/shared/chapman44/cheshire/platform/zynqmp_fsbl/build
11:30:46 INFO  : bash, -c, empyro retarget_app -s /home3/shared/chapman44/cheshire/platform/zynqmp_fsbl -d /home3/shared/chapman44/cheshire/platform/zynqmp_fsbl/zynqmp_fsbl_bsp -b /home3/shared/chapman44/cheshire/platform/zynqmp_fsbl/build
11:30:47 INFO  : [INFO]: Retargeting app
11:30:47 INFO  : [INFO]: Updating link libraries based on new domain
11:30:47 INFO  : Successfully retargeted Application /home3/shared/chapman44/cheshire/platform/zynqmp_fsbl
11:30:47 INFO  : lopper command to build baremetal application :empyro build_app --src_dir /home3/shared/chapman44/cheshire/platform/zynqmp_fsbl --build_dir /home3/shared/chapman44/cheshire/platform/zynqmp_fsbl/build
11:30:47 INFO  : bash, -c, empyro build_app --src_dir /home3/shared/chapman44/cheshire/platform/zynqmp_fsbl --build_dir /home3/shared/chapman44/cheshire/platform/zynqmp_fsbl/build
11:30:49 INFO  : Successfully building the baremetal application/home3/shared/chapman44/cheshire/platform/zynqmp_fsbl/build
11:30:49 INFO  : Generating Export directory
11:30:50 INFO  : Platform Build Finished successfully.
11:30:50 INFO  : lopper command to retarget baremetal application :empyro retarget_app -s /home3/shared/chapman44/cheshire/app_component/src -d /home3/shared/chapman44/cheshire/platform/export/platform/sw/standalone_psu_cortexa53_0 -b /home3/shared/chapman44/cheshire/app_component/build
11:30:50 INFO  : bash, -c, empyro retarget_app -s /home3/shared/chapman44/cheshire/app_component/src -d /home3/shared/chapman44/cheshire/platform/export/platform/sw/standalone_psu_cortexa53_0 -b /home3/shared/chapman44/cheshire/app_component/build
11:30:50 INFO  : [INFO]: Retargeting app
11:30:50 INFO  : [INFO]: Updating link libraries based on new domain
11:30:50 INFO  : Successfully retargeted Application /home3/shared/chapman44/cheshire/app_component/src
11:30:50 INFO  : Initiating build for the app_component component.
11:30:50 INFO  : bash, -c, empyro build_app -s /home3/shared/chapman44/cheshire/app_component/src -b /home3/shared/chapman44/cheshire/app_component/build
11:30:50 INFO  : Command: bash -c unset CC CXX ;empyro build_app -s /home3/shared/chapman44/cheshire/app_component/src -b /home3/shared/chapman44/cheshire/app_component/build
11:30:55 INFO  : connect -url tcp:127.0.0.1:3121
11:30:55 INFO  : bpremove -all
11:30:55 INFO  : source /home3/CAD/Vitis2025_2/2025.2/Vitis/scripts/vitis/util/zynqmp_utils.tcl
11:30:55 INFO  : Context for 'APU' is selected.
11:30:56 INFO  : System reset is completed.
11:30:59 INFO  : 'after 3000' command is executed.
11:30:59 INFO  : 'targets -set -filter {jtag_cable_name =~ "Platform Cable USB II 00001a50030301" && level==0 && jtag_device_ctx=="jsn-DLC10-00001a50030301-24738093-0"}' command is executed.
11:32:13 INFO  : Device configured successfully with "/home3/shared/chapman44/cheshire/app_component/_ide/bitstream/connect_top.bit"
11:32:13 INFO  : targets -set -nocase -filter {name =~"PSU*" && jtag_cable_name =~ "Platform Cable USB II 00001a50030301" && jtag_device_ctx=="jsn-DLC10-00001a50030301-5ba00477-0"}
11:32:13 INFO  : catch {disable_pmu_gate}
11:32:13 INFO  : targets -set -nocase -filter {name =~"APU*" && jtag_cable_name =~ "Platform Cable USB II 00001a50030301" && jtag_device_ctx=="jsn-DLC10-00001a50030301-5ba00477-0"}
11:32:19 INFO  : loadhw -hw /home3/shared/chapman44/cheshire/platform/export/platform/hw/connect_top.xsa -mem-ranges [list {0x80000000 0xbfffffff} {0x400000000 0x5ffffffff} {0x1000000000 0x7fffffffff}]
11:32:19 INFO  : configparams force-mem-access 1
11:32:19 INFO  : targets -set -nocase -filter {name =~"APU*" && jtag_cable_name =~ "Platform Cable USB II 00001a50030301" && jtag_device_ctx=="jsn-DLC10-00001a50030301-5ba00477-0"}
11:32:19 INFO  : source /home3/CAD/Vitis2025_2/2025.2/Vitis/vitis-server/scripts/jtag_reg.tcl
11:32:19 INFO  : Boot mode is read from the target.
11:32:19 INFO  : Boot mode of the target is set to jtag.
11:32:19 INFO  : targets -set -nocase -filter {name =~ "*A53*#0" && jtag_cable_name =~ "Platform Cable USB II 00001a50030301" && jtag_device_ctx=="jsn-DLC10-00001a50030301-5ba00477-0"}
11:32:20 INFO  : rst -processor
11:32:26 INFO  : dow /home3/shared/chapman44/cheshire/platform/export/platform/sw/boot/fsbl.elf
11:32:26 INFO  : set bp_32_26_fsbl_bp [bpadd -addr &XFsbl_Exit]
11:32:27 INFO  : con -block -timeout 60
11:32:27 INFO  : bpremove $bp_32_26_fsbl_bp
11:32:27 INFO  : targets -set -nocase -filter {name =~ "*A53*#0" && jtag_cable_name =~ "Platform Cable USB II 00001a50030301" && jtag_device_ctx=="jsn-DLC10-00001a50030301-5ba00477-0"}
11:32:27 INFO  : rst -processor
11:32:33 INFO  : dow /home3/shared/chapman44/cheshire/app_component/build/app_component.elf
11:32:33 INFO  : con
11:32:33 INFO  : configparams force-mem-access 0
11:32:34 INFO  : Testing the connection for 127.0.0.1
11:33:39 INFO  : disconnect
11:33:41 INFO  : connect -url tcp:127.0.0.1:3121
11:33:41 INFO  : bpremove -all
11:33:41 INFO  : source /home3/CAD/Vitis2025_2/2025.2/Vitis/scripts/vitis/util/zynqmp_utils.tcl
11:33:41 INFO  : Context for 'APU' is selected.
11:33:42 INFO  : System reset is completed.
11:33:45 INFO  : 'after 3000' command is executed.
11:33:45 INFO  : 'targets -set -filter {jtag_cable_name =~ "Platform Cable USB II 00001a50030301" && level==0 && jtag_device_ctx=="jsn-DLC10-00001a50030301-24738093-0"}' command is executed.
11:34:59 INFO  : Device configured successfully with "/home3/shared/chapman44/cheshire/app_component/_ide/bitstream/connect_top.bit"
11:34:59 INFO  : targets -set -nocase -filter {name =~"PSU*" && jtag_cable_name =~ "Platform Cable USB II 00001a50030301" && jtag_device_ctx=="jsn-DLC10-00001a50030301-5ba00477-0"}
11:34:59 INFO  : catch {disable_pmu_gate}
11:34:59 INFO  : targets -set -nocase -filter {name =~"APU*" && jtag_cable_name =~ "Platform Cable USB II 00001a50030301" && jtag_device_ctx=="jsn-DLC10-00001a50030301-5ba00477-0"}
11:35:05 INFO  : loadhw -hw /home3/shared/chapman44/cheshire/platform/export/platform/hw/connect_top.xsa -mem-ranges [list {0x80000000 0xbfffffff} {0x400000000 0x5ffffffff} {0x1000000000 0x7fffffffff}]
11:35:05 INFO  : configparams force-mem-access 1
11:35:05 INFO  : targets -set -nocase -filter {name =~"APU*" && jtag_cable_name =~ "Platform Cable USB II 00001a50030301" && jtag_device_ctx=="jsn-DLC10-00001a50030301-5ba00477-0"}
11:35:05 INFO  : source /home3/CAD/Vitis2025_2/2025.2/Vitis/vitis-server/scripts/jtag_reg.tcl
11:35:05 INFO  : Boot mode is read from the target.
11:35:05 INFO  : Boot mode of the target is set to jtag.
11:35:05 INFO  : targets -set -nocase -filter {name =~ "*A53*#0" && jtag_cable_name =~ "Platform Cable USB II 00001a50030301" && jtag_device_ctx=="jsn-DLC10-00001a50030301-5ba00477-0"}
11:35:05 INFO  : rst -processor
11:35:12 INFO  : dow /home3/shared/chapman44/cheshire/platform/export/platform/sw/boot/fsbl.elf
11:35:12 INFO  : set bp_35_12_fsbl_bp [bpadd -addr &XFsbl_Exit]
11:35:13 INFO  : con -block -timeout 60
11:35:13 INFO  : bpremove $bp_35_12_fsbl_bp
11:35:13 INFO  : targets -set -nocase -filter {name =~ "*A53*#0" && jtag_cable_name =~ "Platform Cable USB II 00001a50030301" && jtag_device_ctx=="jsn-DLC10-00001a50030301-5ba00477-0"}
11:35:13 INFO  : rst -processor
11:35:19 INFO  : dow /home3/shared/chapman44/cheshire/app_component/build/app_component.elf
11:35:19 INFO  : con
11:35:19 INFO  : configparams force-mem-access 0
11:35:20 INFO  : Testing the connection for 127.0.0.1
11:35:32 INFO  : disconnect
11:36:55 INFO  : BSP build will be initiated for Domain zynqmp_fsbl
11:36:55 INFO  : BSP build will be initiated for Domain standalone_psu_cortexa53_0
11:36:55 INFO  : Generating BSP for the domain /home3/shared/chapman44/cheshire/platform/zynqmp_fsbl/zynqmp_fsbl_bsp
11:36:55 INFO  : Generating BSP for the domain /home3/shared/chapman44/cheshire/platform/psu_cortexa53_0/standalone_psu_cortexa53_0/bsp
11:36:55 INFO  : lopper command to reconfigure BSP :empyro reconfig_bsp -d /home3/shared/chapman44/cheshire/platform/zynqmp_fsbl/zynqmp_fsbl_bsp
11:36:55 INFO  : lopper command to reconfigure BSP :empyro reconfig_bsp -d /home3/shared/chapman44/cheshire/platform/psu_cortexa53_0/standalone_psu_cortexa53_0/bsp
11:36:55 INFO  : bash, -c, empyro reconfig_bsp -d /home3/shared/chapman44/cheshire/platform/psu_cortexa53_0/standalone_psu_cortexa53_0/bsp
11:36:55 INFO  : bash, -c, empyro reconfig_bsp -d /home3/shared/chapman44/cheshire/platform/zynqmp_fsbl/zynqmp_fsbl_bsp
11:36:55 INFO  : Domain reconfigured successfully
11:36:55 INFO  : Generating BSP for the domain /home3/shared/chapman44/cheshire/platform/psu_cortexa53_0/standalone_psu_cortexa53_0/bsp
11:36:55 INFO  : lopper command to build BSP :empyro build_bsp -d /home3/shared/chapman44/cheshire/platform/psu_cortexa53_0/standalone_psu_cortexa53_0/bsp
11:36:55 INFO  : bash, -c, empyro build_bsp -d /home3/shared/chapman44/cheshire/platform/psu_cortexa53_0/standalone_psu_cortexa53_0/bsp
11:36:55 INFO  : Domain reconfigured successfully
11:36:55 INFO  : Generating BSP for the domain /home3/shared/chapman44/cheshire/platform/zynqmp_fsbl/zynqmp_fsbl_bsp
11:36:55 INFO  : lopper command to build BSP :empyro build_bsp -d /home3/shared/chapman44/cheshire/platform/zynqmp_fsbl/zynqmp_fsbl_bsp
11:36:55 INFO  : bash, -c, empyro build_bsp -d /home3/shared/chapman44/cheshire/platform/zynqmp_fsbl/zynqmp_fsbl_bsp
11:36:56 INFO  : Domain build successfully
11:36:56 INFO  : Domain build successfully
11:36:56 INFO  : Generating Boot ELFs
11:36:56 INFO  : lopper command to retarget baremetal application :empyro retarget_app -s /home3/shared/chapman44/cheshire/platform/zynqmp_fsbl -d /home3/shared/chapman44/cheshire/platform/zynqmp_fsbl/zynqmp_fsbl_bsp -b /home3/shared/chapman44/cheshire/platform/zynqmp_fsbl/build
11:36:56 INFO  : bash, -c, empyro retarget_app -s /home3/shared/chapman44/cheshire/platform/zynqmp_fsbl -d /home3/shared/chapman44/cheshire/platform/zynqmp_fsbl/zynqmp_fsbl_bsp -b /home3/shared/chapman44/cheshire/platform/zynqmp_fsbl/build
11:36:56 INFO  : [INFO]: Retargeting app
11:36:56 INFO  : [INFO]: Updating link libraries based on new domain
11:36:56 INFO  : Successfully retargeted Application /home3/shared/chapman44/cheshire/platform/zynqmp_fsbl
11:36:56 INFO  : lopper command to build baremetal application :empyro build_app --src_dir /home3/shared/chapman44/cheshire/platform/zynqmp_fsbl --build_dir /home3/shared/chapman44/cheshire/platform/zynqmp_fsbl/build
11:36:56 INFO  : bash, -c, empyro build_app --src_dir /home3/shared/chapman44/cheshire/platform/zynqmp_fsbl --build_dir /home3/shared/chapman44/cheshire/platform/zynqmp_fsbl/build
11:36:59 INFO  : Successfully building the baremetal application/home3/shared/chapman44/cheshire/platform/zynqmp_fsbl/build
11:36:59 INFO  : Generating Export directory
11:36:59 INFO  : Platform Build Finished successfully.
11:36:59 INFO  : lopper command to retarget baremetal application :empyro retarget_app -s /home3/shared/chapman44/cheshire/app_component/src -d /home3/shared/chapman44/cheshire/platform/export/platform/sw/standalone_psu_cortexa53_0 -b /home3/shared/chapman44/cheshire/app_component/build
11:36:59 INFO  : bash, -c, empyro retarget_app -s /home3/shared/chapman44/cheshire/app_component/src -d /home3/shared/chapman44/cheshire/platform/export/platform/sw/standalone_psu_cortexa53_0 -b /home3/shared/chapman44/cheshire/app_component/build
11:36:59 INFO  : [INFO]: Retargeting app
11:36:59 INFO  : [INFO]: Updating link libraries based on new domain
11:36:59 INFO  : Successfully retargeted Application /home3/shared/chapman44/cheshire/app_component/src
11:36:59 INFO  : Initiating build for the app_component component.
11:36:59 INFO  : bash, -c, empyro build_app -s /home3/shared/chapman44/cheshire/app_component/src -b /home3/shared/chapman44/cheshire/app_component/build
11:36:59 INFO  : Command: bash -c unset CC CXX ;empyro build_app -s /home3/shared/chapman44/cheshire/app_component/src -b /home3/shared/chapman44/cheshire/app_component/build
11:37:01 INFO  : connect -url tcp:127.0.0.1:3121
11:37:01 INFO  : bpremove -all
11:37:01 INFO  : source /home3/CAD/Vitis2025_2/2025.2/Vitis/scripts/vitis/util/zynqmp_utils.tcl
11:37:02 INFO  : Context for 'APU' is selected.
11:37:02 INFO  : System reset is completed.
11:37:05 INFO  : 'after 3000' command is executed.
11:37:05 INFO  : 'targets -set -filter {jtag_cable_name =~ "Platform Cable USB II 00001a50030301" && level==0 && jtag_device_ctx=="jsn-DLC10-00001a50030301-24738093-0"}' command is executed.
11:38:19 INFO  : Device configured successfully with "/home3/shared/chapman44/cheshire/app_component/_ide/bitstream/connect_top.bit"
11:38:19 INFO  : targets -set -nocase -filter {name =~"PSU*" && jtag_cable_name =~ "Platform Cable USB II 00001a50030301" && jtag_device_ctx=="jsn-DLC10-00001a50030301-5ba00477-0"}
11:38:19 INFO  : catch {disable_pmu_gate}
11:38:19 INFO  : targets -set -nocase -filter {name =~"APU*" && jtag_cable_name =~ "Platform Cable USB II 00001a50030301" && jtag_device_ctx=="jsn-DLC10-00001a50030301-5ba00477-0"}
11:38:25 INFO  : loadhw -hw /home3/shared/chapman44/cheshire/platform/export/platform/hw/connect_top.xsa -mem-ranges [list {0x80000000 0xbfffffff} {0x400000000 0x5ffffffff} {0x1000000000 0x7fffffffff}]
11:38:25 INFO  : configparams force-mem-access 1
11:38:25 INFO  : targets -set -nocase -filter {name =~"APU*" && jtag_cable_name =~ "Platform Cable USB II 00001a50030301" && jtag_device_ctx=="jsn-DLC10-00001a50030301-5ba00477-0"}
11:38:25 INFO  : source /home3/CAD/Vitis2025_2/2025.2/Vitis/vitis-server/scripts/jtag_reg.tcl
11:38:25 INFO  : Boot mode is read from the target.
11:38:25 INFO  : Boot mode of the target is set to jtag.
11:38:25 INFO  : targets -set -nocase -filter {name =~ "*A53*#0" && jtag_cable_name =~ "Platform Cable USB II 00001a50030301" && jtag_device_ctx=="jsn-DLC10-00001a50030301-5ba00477-0"}
11:38:26 INFO  : rst -processor
11:38:32 INFO  : dow /home3/shared/chapman44/cheshire/platform/export/platform/sw/boot/fsbl.elf
11:38:32 INFO  : set bp_38_32_fsbl_bp [bpadd -addr &XFsbl_Exit]
11:38:33 INFO  : con -block -timeout 60
11:38:33 INFO  : bpremove $bp_38_32_fsbl_bp
11:38:33 INFO  : targets -set -nocase -filter {name =~ "*A53*#0" && jtag_cable_name =~ "Platform Cable USB II 00001a50030301" && jtag_device_ctx=="jsn-DLC10-00001a50030301-5ba00477-0"}
11:38:33 INFO  : rst -processor
11:38:39 INFO  : dow /home3/shared/chapman44/cheshire/app_component/build/app_component.elf
11:38:39 INFO  : con
11:38:39 INFO  : configparams force-mem-access 0
11:38:40 INFO  : Testing the connection for 127.0.0.1
11:39:46 INFO  : disconnect
11:44:31 INFO  : BSP build will be initiated for Domain standalone_psu_cortexa53_0
11:44:31 INFO  : BSP build will be initiated for Domain zynqmp_fsbl
11:44:31 INFO  : Generating BSP for the domain /home3/shared/chapman44/cheshire/platform/psu_cortexa53_0/standalone_psu_cortexa53_0/bsp
11:44:31 INFO  : Generating BSP for the domain /home3/shared/chapman44/cheshire/platform/zynqmp_fsbl/zynqmp_fsbl_bsp
11:44:31 INFO  : lopper command to reconfigure BSP :empyro reconfig_bsp -d /home3/shared/chapman44/cheshire/platform/psu_cortexa53_0/standalone_psu_cortexa53_0/bsp
11:44:31 INFO  : lopper command to reconfigure BSP :empyro reconfig_bsp -d /home3/shared/chapman44/cheshire/platform/zynqmp_fsbl/zynqmp_fsbl_bsp
11:44:31 INFO  : bash, -c, empyro reconfig_bsp -d /home3/shared/chapman44/cheshire/platform/psu_cortexa53_0/standalone_psu_cortexa53_0/bsp
11:44:31 INFO  : bash, -c, empyro reconfig_bsp -d /home3/shared/chapman44/cheshire/platform/zynqmp_fsbl/zynqmp_fsbl_bsp
11:44:31 INFO  : Domain reconfigured successfully
11:44:31 INFO  : Generating BSP for the domain /home3/shared/chapman44/cheshire/platform/psu_cortexa53_0/standalone_psu_cortexa53_0/bsp
11:44:31 INFO  : lopper command to build BSP :empyro build_bsp -d /home3/shared/chapman44/cheshire/platform/psu_cortexa53_0/standalone_psu_cortexa53_0/bsp
11:44:31 INFO  : bash, -c, empyro build_bsp -d /home3/shared/chapman44/cheshire/platform/psu_cortexa53_0/standalone_psu_cortexa53_0/bsp
11:44:31 INFO  : Domain reconfigured successfully
11:44:31 INFO  : Generating BSP for the domain /home3/shared/chapman44/cheshire/platform/zynqmp_fsbl/zynqmp_fsbl_bsp
11:44:31 INFO  : lopper command to build BSP :empyro build_bsp -d /home3/shared/chapman44/cheshire/platform/zynqmp_fsbl/zynqmp_fsbl_bsp
11:44:31 INFO  : bash, -c, empyro build_bsp -d /home3/shared/chapman44/cheshire/platform/zynqmp_fsbl/zynqmp_fsbl_bsp
11:44:32 INFO  : Domain build successfully
11:44:32 INFO  : Domain build successfully
11:44:32 INFO  : Generating Boot ELFs
11:44:32 INFO  : lopper command to retarget baremetal application :empyro retarget_app -s /home3/shared/chapman44/cheshire/platform/zynqmp_fsbl -d /home3/shared/chapman44/cheshire/platform/zynqmp_fsbl/zynqmp_fsbl_bsp -b /home3/shared/chapman44/cheshire/platform/zynqmp_fsbl/build
11:44:32 INFO  : bash, -c, empyro retarget_app -s /home3/shared/chapman44/cheshire/platform/zynqmp_fsbl -d /home3/shared/chapman44/cheshire/platform/zynqmp_fsbl/zynqmp_fsbl_bsp -b /home3/shared/chapman44/cheshire/platform/zynqmp_fsbl/build
11:44:32 INFO  : [INFO]: Retargeting app
11:44:32 INFO  : [INFO]: Updating link libraries based on new domain
11:44:32 INFO  : Successfully retargeted Application /home3/shared/chapman44/cheshire/platform/zynqmp_fsbl
11:44:32 INFO  : lopper command to build baremetal application :empyro build_app --src_dir /home3/shared/chapman44/cheshire/platform/zynqmp_fsbl --build_dir /home3/shared/chapman44/cheshire/platform/zynqmp_fsbl/build
11:44:32 INFO  : bash, -c, empyro build_app --src_dir /home3/shared/chapman44/cheshire/platform/zynqmp_fsbl --build_dir /home3/shared/chapman44/cheshire/platform/zynqmp_fsbl/build
11:44:35 INFO  : Successfully building the baremetal application/home3/shared/chapman44/cheshire/platform/zynqmp_fsbl/build
11:44:35 INFO  : Generating Export directory
11:44:35 INFO  : Platform Build Finished successfully.
11:44:35 INFO  : lopper command to retarget baremetal application :empyro retarget_app -s /home3/shared/chapman44/cheshire/app_component/src -d /home3/shared/chapman44/cheshire/platform/export/platform/sw/standalone_psu_cortexa53_0 -b /home3/shared/chapman44/cheshire/app_component/build
11:44:35 INFO  : bash, -c, empyro retarget_app -s /home3/shared/chapman44/cheshire/app_component/src -d /home3/shared/chapman44/cheshire/platform/export/platform/sw/standalone_psu_cortexa53_0 -b /home3/shared/chapman44/cheshire/app_component/build
11:44:35 INFO  : [INFO]: Retargeting app
11:44:35 INFO  : [INFO]: Updating link libraries based on new domain
11:44:35 INFO  : Successfully retargeted Application /home3/shared/chapman44/cheshire/app_component/src
11:44:35 INFO  : Initiating build for the app_component component.
11:44:35 INFO  : bash, -c, empyro build_app -s /home3/shared/chapman44/cheshire/app_component/src -b /home3/shared/chapman44/cheshire/app_component/build
11:44:35 INFO  : Command: bash -c unset CC CXX ;empyro build_app -s /home3/shared/chapman44/cheshire/app_component/src -b /home3/shared/chapman44/cheshire/app_component/build
11:44:39 INFO  : connect -url tcp:127.0.0.1:3121
11:44:39 INFO  : bpremove -all
11:44:39 INFO  : source /home3/CAD/Vitis2025_2/2025.2/Vitis/scripts/vitis/util/zynqmp_utils.tcl
11:44:39 INFO  : Context for 'APU' is selected.
11:44:39 INFO  : System reset is completed.
11:44:42 INFO  : 'after 3000' command is executed.
11:44:42 INFO  : 'targets -set -filter {jtag_cable_name =~ "Platform Cable USB II 00001a50030301" && level==0 && jtag_device_ctx=="jsn-DLC10-00001a50030301-24738093-0"}' command is executed.
11:45:57 INFO  : Device configured successfully with "/home3/shared/chapman44/cheshire/app_component/_ide/bitstream/connect_top.bit"
11:45:57 INFO  : targets -set -nocase -filter {name =~"PSU*" && jtag_cable_name =~ "Platform Cable USB II 00001a50030301" && jtag_device_ctx=="jsn-DLC10-00001a50030301-5ba00477-0"}
11:45:57 INFO  : catch {disable_pmu_gate}
11:45:57 INFO  : targets -set -nocase -filter {name =~"APU*" && jtag_cable_name =~ "Platform Cable USB II 00001a50030301" && jtag_device_ctx=="jsn-DLC10-00001a50030301-5ba00477-0"}
11:46:02 INFO  : loadhw -hw /home3/shared/chapman44/cheshire/platform/export/platform/hw/connect_top.xsa -mem-ranges [list {0x80000000 0xbfffffff} {0x400000000 0x5ffffffff} {0x1000000000 0x7fffffffff}]
11:46:02 INFO  : configparams force-mem-access 1
11:46:03 INFO  : targets -set -nocase -filter {name =~"APU*" && jtag_cable_name =~ "Platform Cable USB II 00001a50030301" && jtag_device_ctx=="jsn-DLC10-00001a50030301-5ba00477-0"}
11:46:03 INFO  : source /home3/CAD/Vitis2025_2/2025.2/Vitis/vitis-server/scripts/jtag_reg.tcl
11:46:03 INFO  : Boot mode is read from the target.
11:46:03 INFO  : Boot mode of the target is set to jtag.
11:46:03 INFO  : targets -set -nocase -filter {name =~ "*A53*#0" && jtag_cable_name =~ "Platform Cable USB II 00001a50030301" && jtag_device_ctx=="jsn-DLC10-00001a50030301-5ba00477-0"}
11:46:03 INFO  : rst -processor
11:46:09 INFO  : dow /home3/shared/chapman44/cheshire/platform/export/platform/sw/boot/fsbl.elf
11:46:09 INFO  : set bp_46_9_fsbl_bp [bpadd -addr &XFsbl_Exit]
11:46:10 INFO  : con -block -timeout 60
11:46:10 INFO  : bpremove $bp_46_9_fsbl_bp
11:46:10 INFO  : targets -set -nocase -filter {name =~ "*A53*#0" && jtag_cable_name =~ "Platform Cable USB II 00001a50030301" && jtag_device_ctx=="jsn-DLC10-00001a50030301-5ba00477-0"}
11:46:10 INFO  : rst -processor
11:46:16 INFO  : dow /home3/shared/chapman44/cheshire/app_component/build/app_component.elf
11:46:16 INFO  : con
11:46:16 INFO  : configparams force-mem-access 0
11:46:17 INFO  : Testing the connection for 127.0.0.1
11:47:11 INFO  : disconnect
11:47:14 INFO  : connect -url tcp:127.0.0.1:3121
11:47:14 INFO  : bpremove -all
11:47:14 INFO  : source /home3/CAD/Vitis2025_2/2025.2/Vitis/scripts/vitis/util/zynqmp_utils.tcl
11:47:14 INFO  : Context for 'APU' is selected.
11:47:15 INFO  : System reset is completed.
11:47:18 INFO  : 'after 3000' command is executed.
11:47:18 INFO  : 'targets -set -filter {jtag_cable_name =~ "Platform Cable USB II 00001a50030301" && level==0 && jtag_device_ctx=="jsn-DLC10-00001a50030301-24738093-0"}' command is executed.
11:48:32 INFO  : Device configured successfully with "/home3/shared/chapman44/cheshire/app_component/_ide/bitstream/connect_top.bit"
11:48:32 INFO  : targets -set -nocase -filter {name =~"PSU*" && jtag_cable_name =~ "Platform Cable USB II 00001a50030301" && jtag_device_ctx=="jsn-DLC10-00001a50030301-5ba00477-0"}
11:48:32 INFO  : catch {disable_pmu_gate}
11:48:32 INFO  : targets -set -nocase -filter {name =~"APU*" && jtag_cable_name =~ "Platform Cable USB II 00001a50030301" && jtag_device_ctx=="jsn-DLC10-00001a50030301-5ba00477-0"}
11:48:39 INFO  : loadhw -hw /home3/shared/chapman44/cheshire/platform/export/platform/hw/connect_top.xsa -mem-ranges [list {0x80000000 0xbfffffff} {0x400000000 0x5ffffffff} {0x1000000000 0x7fffffffff}]
11:48:39 INFO  : configparams force-mem-access 1
11:48:39 INFO  : targets -set -nocase -filter {name =~"APU*" && jtag_cable_name =~ "Platform Cable USB II 00001a50030301" && jtag_device_ctx=="jsn-DLC10-00001a50030301-5ba00477-0"}
11:48:39 INFO  : source /home3/CAD/Vitis2025_2/2025.2/Vitis/vitis-server/scripts/jtag_reg.tcl
11:48:39 INFO  : Boot mode is read from the target.
11:48:39 INFO  : Boot mode of the target is set to jtag.
11:48:39 INFO  : targets -set -nocase -filter {name =~ "*A53*#0" && jtag_cable_name =~ "Platform Cable USB II 00001a50030301" && jtag_device_ctx=="jsn-DLC10-00001a50030301-5ba00477-0"}
11:48:39 INFO  : rst -processor
11:48:45 INFO  : dow /home3/shared/chapman44/cheshire/platform/export/platform/sw/boot/fsbl.elf
11:48:45 INFO  : set bp_48_45_fsbl_bp [bpadd -addr &XFsbl_Exit]
11:48:46 INFO  : con -block -timeout 60
11:48:46 INFO  : bpremove $bp_48_45_fsbl_bp
11:48:46 INFO  : targets -set -nocase -filter {name =~ "*A53*#0" && jtag_cable_name =~ "Platform Cable USB II 00001a50030301" && jtag_device_ctx=="jsn-DLC10-00001a50030301-5ba00477-0"}
11:48:46 INFO  : rst -processor
11:48:52 INFO  : dow /home3/shared/chapman44/cheshire/app_component/build/app_component.elf
11:48:52 INFO  : con
11:48:52 INFO  : configparams force-mem-access 0
11:48:53 INFO  : Testing the connection for 127.0.0.1
11:49:07 INFO  : disconnect
11:49:19 INFO  : BSP build will be initiated for Domain standalone_psu_cortexa53_0
11:49:19 INFO  : BSP build will be initiated for Domain zynqmp_fsbl
11:49:19 INFO  : Generating BSP for the domain /home3/shared/chapman44/cheshire/platform/psu_cortexa53_0/standalone_psu_cortexa53_0/bsp
11:49:19 INFO  : Generating BSP for the domain /home3/shared/chapman44/cheshire/platform/zynqmp_fsbl/zynqmp_fsbl_bsp
11:49:19 INFO  : lopper command to reconfigure BSP :empyro reconfig_bsp -d /home3/shared/chapman44/cheshire/platform/psu_cortexa53_0/standalone_psu_cortexa53_0/bsp
11:49:19 INFO  : lopper command to reconfigure BSP :empyro reconfig_bsp -d /home3/shared/chapman44/cheshire/platform/zynqmp_fsbl/zynqmp_fsbl_bsp
11:49:19 INFO  : bash, -c, empyro reconfig_bsp -d /home3/shared/chapman44/cheshire/platform/psu_cortexa53_0/standalone_psu_cortexa53_0/bsp
11:49:19 INFO  : bash, -c, empyro reconfig_bsp -d /home3/shared/chapman44/cheshire/platform/zynqmp_fsbl/zynqmp_fsbl_bsp
11:49:19 INFO  : Domain reconfigured successfully
11:49:19 INFO  : Generating BSP for the domain /home3/shared/chapman44/cheshire/platform/psu_cortexa53_0/standalone_psu_cortexa53_0/bsp
11:49:19 INFO  : lopper command to build BSP :empyro build_bsp -d /home3/shared/chapman44/cheshire/platform/psu_cortexa53_0/standalone_psu_cortexa53_0/bsp
11:49:19 INFO  : bash, -c, empyro build_bsp -d /home3/shared/chapman44/cheshire/platform/psu_cortexa53_0/standalone_psu_cortexa53_0/bsp
11:49:19 INFO  : Domain reconfigured successfully
11:49:19 INFO  : Generating BSP for the domain /home3/shared/chapman44/cheshire/platform/zynqmp_fsbl/zynqmp_fsbl_bsp
11:49:19 INFO  : lopper command to build BSP :empyro build_bsp -d /home3/shared/chapman44/cheshire/platform/zynqmp_fsbl/zynqmp_fsbl_bsp
11:49:19 INFO  : bash, -c, empyro build_bsp -d /home3/shared/chapman44/cheshire/platform/zynqmp_fsbl/zynqmp_fsbl_bsp
11:49:19 INFO  : Domain build successfully
11:49:19 INFO  : Domain build successfully
11:49:19 INFO  : Generating Boot ELFs
11:49:19 INFO  : lopper command to retarget baremetal application :empyro retarget_app -s /home3/shared/chapman44/cheshire/platform/zynqmp_fsbl -d /home3/shared/chapman44/cheshire/platform/zynqmp_fsbl/zynqmp_fsbl_bsp -b /home3/shared/chapman44/cheshire/platform/zynqmp_fsbl/build
11:49:19 INFO  : bash, -c, empyro retarget_app -s /home3/shared/chapman44/cheshire/platform/zynqmp_fsbl -d /home3/shared/chapman44/cheshire/platform/zynqmp_fsbl/zynqmp_fsbl_bsp -b /home3/shared/chapman44/cheshire/platform/zynqmp_fsbl/build
11:49:19 INFO  : [INFO]: Retargeting app
11:49:19 INFO  : [INFO]: Updating link libraries based on new domain
11:49:19 INFO  : Successfully retargeted Application /home3/shared/chapman44/cheshire/platform/zynqmp_fsbl
11:49:19 INFO  : lopper command to build baremetal application :empyro build_app --src_dir /home3/shared/chapman44/cheshire/platform/zynqmp_fsbl --build_dir /home3/shared/chapman44/cheshire/platform/zynqmp_fsbl/build
11:49:19 INFO  : bash, -c, empyro build_app --src_dir /home3/shared/chapman44/cheshire/platform/zynqmp_fsbl --build_dir /home3/shared/chapman44/cheshire/platform/zynqmp_fsbl/build
11:49:22 INFO  : Successfully building the baremetal application/home3/shared/chapman44/cheshire/platform/zynqmp_fsbl/build
11:49:22 INFO  : Generating Export directory
11:49:22 INFO  : Platform Build Finished successfully.
11:49:23 INFO  : lopper command to retarget baremetal application :empyro retarget_app -s /home3/shared/chapman44/cheshire/app_component/src -d /home3/shared/chapman44/cheshire/platform/export/platform/sw/standalone_psu_cortexa53_0 -b /home3/shared/chapman44/cheshire/app_component/build
11:49:23 INFO  : bash, -c, empyro retarget_app -s /home3/shared/chapman44/cheshire/app_component/src -d /home3/shared/chapman44/cheshire/platform/export/platform/sw/standalone_psu_cortexa53_0 -b /home3/shared/chapman44/cheshire/app_component/build
11:49:23 INFO  : [INFO]: Retargeting app
11:49:23 INFO  : [INFO]: Updating link libraries based on new domain
11:49:23 INFO  : Successfully retargeted Application /home3/shared/chapman44/cheshire/app_component/src
11:49:23 INFO  : Initiating build for the app_component component.
11:49:23 INFO  : bash, -c, empyro build_app -s /home3/shared/chapman44/cheshire/app_component/src -b /home3/shared/chapman44/cheshire/app_component/build
11:49:23 INFO  : Command: bash -c unset CC CXX ;empyro build_app -s /home3/shared/chapman44/cheshire/app_component/src -b /home3/shared/chapman44/cheshire/app_component/build
11:49:26 INFO  : connect -url tcp:127.0.0.1:3121
11:49:26 INFO  : bpremove -all
11:49:26 INFO  : source /home3/CAD/Vitis2025_2/2025.2/Vitis/scripts/vitis/util/zynqmp_utils.tcl
11:49:26 INFO  : Context for 'APU' is selected.
11:49:27 INFO  : System reset is completed.
11:49:30 INFO  : 'after 3000' command is executed.
11:49:30 INFO  : 'targets -set -filter {jtag_cable_name =~ "Platform Cable USB II 00001a50030301" && level==0 && jtag_device_ctx=="jsn-DLC10-00001a50030301-24738093-0"}' command is executed.
11:50:44 INFO  : Device configured successfully with "/home3/shared/chapman44/cheshire/app_component/_ide/bitstream/connect_top.bit"
11:50:44 INFO  : targets -set -nocase -filter {name =~"PSU*" && jtag_cable_name =~ "Platform Cable USB II 00001a50030301" && jtag_device_ctx=="jsn-DLC10-00001a50030301-5ba00477-0"}
11:50:44 INFO  : catch {disable_pmu_gate}
11:50:44 INFO  : targets -set -nocase -filter {name =~"APU*" && jtag_cable_name =~ "Platform Cable USB II 00001a50030301" && jtag_device_ctx=="jsn-DLC10-00001a50030301-5ba00477-0"}
11:50:51 INFO  : loadhw -hw /home3/shared/chapman44/cheshire/platform/export/platform/hw/connect_top.xsa -mem-ranges [list {0x80000000 0xbfffffff} {0x400000000 0x5ffffffff} {0x1000000000 0x7fffffffff}]
11:50:51 INFO  : configparams force-mem-access 1
11:50:51 INFO  : targets -set -nocase -filter {name =~"APU*" && jtag_cable_name =~ "Platform Cable USB II 00001a50030301" && jtag_device_ctx=="jsn-DLC10-00001a50030301-5ba00477-0"}
11:50:51 INFO  : source /home3/CAD/Vitis2025_2/2025.2/Vitis/vitis-server/scripts/jtag_reg.tcl
11:50:51 INFO  : Boot mode is read from the target.
11:50:51 INFO  : Boot mode of the target is set to jtag.
11:50:51 INFO  : targets -set -nocase -filter {name =~ "*A53*#0" && jtag_cable_name =~ "Platform Cable USB II 00001a50030301" && jtag_device_ctx=="jsn-DLC10-00001a50030301-5ba00477-0"}
11:50:51 INFO  : rst -processor
11:50:57 INFO  : dow /home3/shared/chapman44/cheshire/platform/export/platform/sw/boot/fsbl.elf
11:50:57 INFO  : set bp_50_57_fsbl_bp [bpadd -addr &XFsbl_Exit]
11:50:58 INFO  : con -block -timeout 60
11:50:58 INFO  : bpremove $bp_50_57_fsbl_bp
11:50:58 INFO  : targets -set -nocase -filter {name =~ "*A53*#0" && jtag_cable_name =~ "Platform Cable USB II 00001a50030301" && jtag_device_ctx=="jsn-DLC10-00001a50030301-5ba00477-0"}
11:50:58 INFO  : rst -processor
11:51:04 INFO  : dow /home3/shared/chapman44/cheshire/app_component/build/app_component.elf
11:51:04 INFO  : con
11:51:04 INFO  : configparams force-mem-access 0
11:51:05 INFO  : Testing the connection for 127.0.0.1
11:52:33 INFO  : disconnect
11:53:39 INFO  : connect -url tcp:127.0.0.1:3121
11:53:39 INFO  : bpremove -all
11:53:39 INFO  : source /home3/CAD/Vitis2025_2/2025.2/Vitis/scripts/vitis/util/zynqmp_utils.tcl
11:53:39 INFO  : Context for 'APU' is selected.
11:53:40 INFO  : System reset is completed.
11:53:43 INFO  : 'after 3000' command is executed.
11:53:43 INFO  : 'targets -set -filter {jtag_cable_name =~ "Platform Cable USB II 00001a50030301" && level==0 && jtag_device_ctx=="jsn-DLC10-00001a50030301-24738093-0"}' command is executed.
11:54:57 INFO  : Device configured successfully with "/home3/shared/chapman44/cheshire/app_component/_ide/bitstream/connect_top.bit"
11:54:57 INFO  : targets -set -nocase -filter {name =~"PSU*" && jtag_cable_name =~ "Platform Cable USB II 00001a50030301" && jtag_device_ctx=="jsn-DLC10-00001a50030301-5ba00477-0"}
11:54:57 INFO  : catch {disable_pmu_gate}
11:54:57 INFO  : targets -set -nocase -filter {name =~"APU*" && jtag_cable_name =~ "Platform Cable USB II 00001a50030301" && jtag_device_ctx=="jsn-DLC10-00001a50030301-5ba00477-0"}
11:55:03 INFO  : loadhw -hw /home3/shared/chapman44/cheshire/platform/export/platform/hw/connect_top.xsa -mem-ranges [list {0x80000000 0xbfffffff} {0x400000000 0x5ffffffff} {0x1000000000 0x7fffffffff}]
11:55:03 INFO  : configparams force-mem-access 1
11:55:03 INFO  : targets -set -nocase -filter {name =~"APU*" && jtag_cable_name =~ "Platform Cable USB II 00001a50030301" && jtag_device_ctx=="jsn-DLC10-00001a50030301-5ba00477-0"}
11:55:03 INFO  : source /home3/CAD/Vitis2025_2/2025.2/Vitis/vitis-server/scripts/jtag_reg.tcl
11:55:03 INFO  : Boot mode is read from the target.
11:55:03 INFO  : Boot mode of the target is set to jtag.
11:55:03 INFO  : targets -set -nocase -filter {name =~ "*A53*#0" && jtag_cable_name =~ "Platform Cable USB II 00001a50030301" && jtag_device_ctx=="jsn-DLC10-00001a50030301-5ba00477-0"}
11:55:04 INFO  : rst -processor
11:55:10 INFO  : dow /home3/shared/chapman44/cheshire/platform/export/platform/sw/boot/fsbl.elf
11:55:10 INFO  : set bp_55_10_fsbl_bp [bpadd -addr &XFsbl_Exit]
11:55:11 INFO  : con -block -timeout 60
11:55:11 INFO  : bpremove $bp_55_10_fsbl_bp
11:55:11 INFO  : targets -set -nocase -filter {name =~ "*A53*#0" && jtag_cable_name =~ "Platform Cable USB II 00001a50030301" && jtag_device_ctx=="jsn-DLC10-00001a50030301-5ba00477-0"}
11:55:11 INFO  : rst -processor
11:55:17 INFO  : dow /home3/shared/chapman44/cheshire/app_component/build/app_component.elf
11:55:17 INFO  : con
11:55:17 INFO  : configparams force-mem-access 0
11:55:18 INFO  : Testing the connection for 127.0.0.1
11:56:57 INFO  : disconnect
11:58:26 INFO  : BSP build will be initiated for Domain zynqmp_fsbl
11:58:26 INFO  : BSP build will be initiated for Domain standalone_psu_cortexa53_0
11:58:26 INFO  : Generating BSP for the domain /home3/shared/chapman44/cheshire/platform/zynqmp_fsbl/zynqmp_fsbl_bsp
11:58:26 INFO  : Generating BSP for the domain /home3/shared/chapman44/cheshire/platform/psu_cortexa53_0/standalone_psu_cortexa53_0/bsp
11:58:26 INFO  : lopper command to reconfigure BSP :empyro reconfig_bsp -d /home3/shared/chapman44/cheshire/platform/zynqmp_fsbl/zynqmp_fsbl_bsp
11:58:26 INFO  : lopper command to reconfigure BSP :empyro reconfig_bsp -d /home3/shared/chapman44/cheshire/platform/psu_cortexa53_0/standalone_psu_cortexa53_0/bsp
11:58:26 INFO  : bash, -c, empyro reconfig_bsp -d /home3/shared/chapman44/cheshire/platform/psu_cortexa53_0/standalone_psu_cortexa53_0/bsp
11:58:26 INFO  : bash, -c, empyro reconfig_bsp -d /home3/shared/chapman44/cheshire/platform/zynqmp_fsbl/zynqmp_fsbl_bsp
11:58:27 INFO  : Domain reconfigured successfully
11:58:27 INFO  : Generating BSP for the domain /home3/shared/chapman44/cheshire/platform/psu_cortexa53_0/standalone_psu_cortexa53_0/bsp
11:58:27 INFO  : lopper command to build BSP :empyro build_bsp -d /home3/shared/chapman44/cheshire/platform/psu_cortexa53_0/standalone_psu_cortexa53_0/bsp
11:58:27 INFO  : bash, -c, empyro build_bsp -d /home3/shared/chapman44/cheshire/platform/psu_cortexa53_0/standalone_psu_cortexa53_0/bsp
11:58:27 INFO  : Domain reconfigured successfully
11:58:27 INFO  : Generating BSP for the domain /home3/shared/chapman44/cheshire/platform/zynqmp_fsbl/zynqmp_fsbl_bsp
11:58:27 INFO  : lopper command to build BSP :empyro build_bsp -d /home3/shared/chapman44/cheshire/platform/zynqmp_fsbl/zynqmp_fsbl_bsp
11:58:27 INFO  : bash, -c, empyro build_bsp -d /home3/shared/chapman44/cheshire/platform/zynqmp_fsbl/zynqmp_fsbl_bsp
11:58:27 INFO  : Domain build successfully
11:58:27 INFO  : Domain build successfully
11:58:27 INFO  : Generating Boot ELFs
11:58:27 INFO  : lopper command to retarget baremetal application :empyro retarget_app -s /home3/shared/chapman44/cheshire/platform/zynqmp_fsbl -d /home3/shared/chapman44/cheshire/platform/zynqmp_fsbl/zynqmp_fsbl_bsp -b /home3/shared/chapman44/cheshire/platform/zynqmp_fsbl/build
11:58:27 INFO  : bash, -c, empyro retarget_app -s /home3/shared/chapman44/cheshire/platform/zynqmp_fsbl -d /home3/shared/chapman44/cheshire/platform/zynqmp_fsbl/zynqmp_fsbl_bsp -b /home3/shared/chapman44/cheshire/platform/zynqmp_fsbl/build
11:58:27 INFO  : [INFO]: Retargeting app
11:58:27 INFO  : [INFO]: Updating link libraries based on new domain
11:58:27 INFO  : Successfully retargeted Application /home3/shared/chapman44/cheshire/platform/zynqmp_fsbl
11:58:27 INFO  : lopper command to build baremetal application :empyro build_app --src_dir /home3/shared/chapman44/cheshire/platform/zynqmp_fsbl --build_dir /home3/shared/chapman44/cheshire/platform/zynqmp_fsbl/build
11:58:27 INFO  : bash, -c, empyro build_app --src_dir /home3/shared/chapman44/cheshire/platform/zynqmp_fsbl --build_dir /home3/shared/chapman44/cheshire/platform/zynqmp_fsbl/build
11:58:30 INFO  : Successfully building the baremetal application/home3/shared/chapman44/cheshire/platform/zynqmp_fsbl/build
11:58:30 INFO  : Generating Export directory
11:58:30 INFO  : Platform Build Finished successfully.
11:58:30 INFO  : lopper command to retarget baremetal application :empyro retarget_app -s /home3/shared/chapman44/cheshire/app_component/src -d /home3/shared/chapman44/cheshire/platform/export/platform/sw/standalone_psu_cortexa53_0 -b /home3/shared/chapman44/cheshire/app_component/build
11:58:30 INFO  : bash, -c, empyro retarget_app -s /home3/shared/chapman44/cheshire/app_component/src -d /home3/shared/chapman44/cheshire/platform/export/platform/sw/standalone_psu_cortexa53_0 -b /home3/shared/chapman44/cheshire/app_component/build
11:58:31 INFO  : [INFO]: Retargeting app
11:58:31 INFO  : [INFO]: Updating link libraries based on new domain
11:58:31 INFO  : Successfully retargeted Application /home3/shared/chapman44/cheshire/app_component/src
11:58:31 INFO  : Initiating build for the app_component component.
11:58:31 INFO  : bash, -c, empyro build_app -s /home3/shared/chapman44/cheshire/app_component/src -b /home3/shared/chapman44/cheshire/app_component/build
11:58:31 INFO  : Command: bash -c unset CC CXX ;empyro build_app -s /home3/shared/chapman44/cheshire/app_component/src -b /home3/shared/chapman44/cheshire/app_component/build
11:58:36 INFO  : connect -url tcp:127.0.0.1:3121
11:58:36 INFO  : bpremove -all
11:58:36 INFO  : source /home3/CAD/Vitis2025_2/2025.2/Vitis/scripts/vitis/util/zynqmp_utils.tcl
11:58:36 INFO  : Context for 'APU' is selected.
11:58:36 INFO  : System reset is completed.
11:58:39 INFO  : 'after 3000' command is executed.
11:58:39 INFO  : 'targets -set -filter {jtag_cable_name =~ "Platform Cable USB II 00001a50030301" && level==0 && jtag_device_ctx=="jsn-DLC10-00001a50030301-24738093-0"}' command is executed.
11:59:54 INFO  : Device configured successfully with "/home3/shared/chapman44/cheshire/app_component/_ide/bitstream/connect_top.bit"
11:59:54 INFO  : targets -set -nocase -filter {name =~"PSU*" && jtag_cable_name =~ "Platform Cable USB II 00001a50030301" && jtag_device_ctx=="jsn-DLC10-00001a50030301-5ba00477-0"}
11:59:54 INFO  : catch {disable_pmu_gate}
11:59:54 INFO  : targets -set -nocase -filter {name =~"APU*" && jtag_cable_name =~ "Platform Cable USB II 00001a50030301" && jtag_device_ctx=="jsn-DLC10-00001a50030301-5ba00477-0"}
12:00:00 INFO  : loadhw -hw /home3/shared/chapman44/cheshire/platform/export/platform/hw/connect_top.xsa -mem-ranges [list {0x80000000 0xbfffffff} {0x400000000 0x5ffffffff} {0x1000000000 0x7fffffffff}]
12:00:00 INFO  : configparams force-mem-access 1
12:00:00 INFO  : targets -set -nocase -filter {name =~"APU*" && jtag_cable_name =~ "Platform Cable USB II 00001a50030301" && jtag_device_ctx=="jsn-DLC10-00001a50030301-5ba00477-0"}
12:00:00 INFO  : source /home3/CAD/Vitis2025_2/2025.2/Vitis/vitis-server/scripts/jtag_reg.tcl
12:00:00 INFO  : Boot mode is read from the target.
12:00:00 INFO  : Boot mode of the target is set to jtag.
12:00:00 INFO  : targets -set -nocase -filter {name =~ "*A53*#0" && jtag_cable_name =~ "Platform Cable USB II 00001a50030301" && jtag_device_ctx=="jsn-DLC10-00001a50030301-5ba00477-0"}
12:00:00 INFO  : rst -processor
12:00:06 INFO  : dow /home3/shared/chapman44/cheshire/platform/export/platform/sw/boot/fsbl.elf
12:00:06 INFO  : set bp_0_6_fsbl_bp [bpadd -addr &XFsbl_Exit]
12:00:07 INFO  : con -block -timeout 60
12:00:07 INFO  : bpremove $bp_0_6_fsbl_bp
12:00:07 INFO  : targets -set -nocase -filter {name =~ "*A53*#0" && jtag_cable_name =~ "Platform Cable USB II 00001a50030301" && jtag_device_ctx=="jsn-DLC10-00001a50030301-5ba00477-0"}
12:00:07 INFO  : rst -processor
12:00:13 INFO  : dow /home3/shared/chapman44/cheshire/app_component/build/app_component.elf
12:00:13 INFO  : con
12:00:13 INFO  : configparams force-mem-access 0
12:00:14 INFO  : Testing the connection for 127.0.0.1
12:00:22 INFO  : disconnect
12:01:26 INFO  : BSP build will be initiated for Domain standalone_psu_cortexa53_0
12:01:26 INFO  : BSP build will be initiated for Domain zynqmp_fsbl
12:01:26 INFO  : Generating BSP for the domain /home3/shared/chapman44/cheshire/platform/psu_cortexa53_0/standalone_psu_cortexa53_0/bsp
12:01:26 INFO  : Generating BSP for the domain /home3/shared/chapman44/cheshire/platform/zynqmp_fsbl/zynqmp_fsbl_bsp
12:01:26 INFO  : lopper command to reconfigure BSP :empyro reconfig_bsp -d /home3/shared/chapman44/cheshire/platform/psu_cortexa53_0/standalone_psu_cortexa53_0/bsp
12:01:26 INFO  : lopper command to reconfigure BSP :empyro reconfig_bsp -d /home3/shared/chapman44/cheshire/platform/zynqmp_fsbl/zynqmp_fsbl_bsp
12:01:26 INFO  : bash, -c, empyro reconfig_bsp -d /home3/shared/chapman44/cheshire/platform/zynqmp_fsbl/zynqmp_fsbl_bsp
12:01:26 INFO  : bash, -c, empyro reconfig_bsp -d /home3/shared/chapman44/cheshire/platform/psu_cortexa53_0/standalone_psu_cortexa53_0/bsp
12:01:26 INFO  : Domain reconfigured successfully
12:01:26 INFO  : Generating BSP for the domain /home3/shared/chapman44/cheshire/platform/psu_cortexa53_0/standalone_psu_cortexa53_0/bsp
12:01:26 INFO  : lopper command to build BSP :empyro build_bsp -d /home3/shared/chapman44/cheshire/platform/psu_cortexa53_0/standalone_psu_cortexa53_0/bsp
12:01:26 INFO  : bash, -c, empyro build_bsp -d /home3/shared/chapman44/cheshire/platform/psu_cortexa53_0/standalone_psu_cortexa53_0/bsp
12:01:26 INFO  : Domain reconfigured successfully
12:01:26 INFO  : Generating BSP for the domain /home3/shared/chapman44/cheshire/platform/zynqmp_fsbl/zynqmp_fsbl_bsp
12:01:26 INFO  : lopper command to build BSP :empyro build_bsp -d /home3/shared/chapman44/cheshire/platform/zynqmp_fsbl/zynqmp_fsbl_bsp
12:01:26 INFO  : bash, -c, empyro build_bsp -d /home3/shared/chapman44/cheshire/platform/zynqmp_fsbl/zynqmp_fsbl_bsp
12:01:27 INFO  : Domain build successfully
12:01:27 INFO  : Domain build successfully
12:01:27 INFO  : Generating Boot ELFs
12:01:27 INFO  : lopper command to retarget baremetal application :empyro retarget_app -s /home3/shared/chapman44/cheshire/platform/zynqmp_fsbl -d /home3/shared/chapman44/cheshire/platform/zynqmp_fsbl/zynqmp_fsbl_bsp -b /home3/shared/chapman44/cheshire/platform/zynqmp_fsbl/build
12:01:27 INFO  : bash, -c, empyro retarget_app -s /home3/shared/chapman44/cheshire/platform/zynqmp_fsbl -d /home3/shared/chapman44/cheshire/platform/zynqmp_fsbl/zynqmp_fsbl_bsp -b /home3/shared/chapman44/cheshire/platform/zynqmp_fsbl/build
12:01:27 INFO  : [INFO]: Retargeting app
12:01:27 INFO  : [INFO]: Updating link libraries based on new domain
12:01:27 INFO  : Successfully retargeted Application /home3/shared/chapman44/cheshire/platform/zynqmp_fsbl
12:01:27 INFO  : lopper command to build baremetal application :empyro build_app --src_dir /home3/shared/chapman44/cheshire/platform/zynqmp_fsbl --build_dir /home3/shared/chapman44/cheshire/platform/zynqmp_fsbl/build
12:01:27 INFO  : bash, -c, empyro build_app --src_dir /home3/shared/chapman44/cheshire/platform/zynqmp_fsbl --build_dir /home3/shared/chapman44/cheshire/platform/zynqmp_fsbl/build
12:01:30 INFO  : Successfully building the baremetal application/home3/shared/chapman44/cheshire/platform/zynqmp_fsbl/build
12:01:30 INFO  : Generating Export directory
12:01:30 INFO  : Platform Build Finished successfully.
12:01:30 INFO  : lopper command to retarget baremetal application :empyro retarget_app -s /home3/shared/chapman44/cheshire/app_component/src -d /home3/shared/chapman44/cheshire/platform/export/platform/sw/standalone_psu_cortexa53_0 -b /home3/shared/chapman44/cheshire/app_component/build
12:01:30 INFO  : bash, -c, empyro retarget_app -s /home3/shared/chapman44/cheshire/app_component/src -d /home3/shared/chapman44/cheshire/platform/export/platform/sw/standalone_psu_cortexa53_0 -b /home3/shared/chapman44/cheshire/app_component/build
12:01:30 INFO  : [INFO]: Retargeting app
12:01:30 INFO  : [INFO]: Updating link libraries based on new domain
12:01:30 INFO  : Successfully retargeted Application /home3/shared/chapman44/cheshire/app_component/src
12:01:30 INFO  : Initiating build for the app_component component.
12:01:30 INFO  : bash, -c, empyro build_app -s /home3/shared/chapman44/cheshire/app_component/src -b /home3/shared/chapman44/cheshire/app_component/build
12:01:30 INFO  : Command: bash -c unset CC CXX ;empyro build_app -s /home3/shared/chapman44/cheshire/app_component/src -b /home3/shared/chapman44/cheshire/app_component/build
12:01:34 INFO  : connect -url tcp:127.0.0.1:3121
12:01:34 INFO  : bpremove -all
12:01:34 INFO  : source /home3/CAD/Vitis2025_2/2025.2/Vitis/scripts/vitis/util/zynqmp_utils.tcl
12:01:34 INFO  : Context for 'APU' is selected.
12:01:34 INFO  : System reset is completed.
12:01:37 INFO  : 'after 3000' command is executed.
12:01:37 INFO  : 'targets -set -filter {jtag_cable_name =~ "Platform Cable USB II 00001a50030301" && level==0 && jtag_device_ctx=="jsn-DLC10-00001a50030301-24738093-0"}' command is executed.
12:02:52 INFO  : Device configured successfully with "/home3/shared/chapman44/cheshire/app_component/_ide/bitstream/connect_top.bit"
12:02:52 INFO  : targets -set -nocase -filter {name =~"PSU*" && jtag_cable_name =~ "Platform Cable USB II 00001a50030301" && jtag_device_ctx=="jsn-DLC10-00001a50030301-5ba00477-0"}
12:02:52 INFO  : catch {disable_pmu_gate}
12:02:52 INFO  : targets -set -nocase -filter {name =~"APU*" && jtag_cable_name =~ "Platform Cable USB II 00001a50030301" && jtag_device_ctx=="jsn-DLC10-00001a50030301-5ba00477-0"}
12:02:58 INFO  : loadhw -hw /home3/shared/chapman44/cheshire/platform/export/platform/hw/connect_top.xsa -mem-ranges [list {0x80000000 0xbfffffff} {0x400000000 0x5ffffffff} {0x1000000000 0x7fffffffff}]
12:02:58 INFO  : configparams force-mem-access 1
12:02:58 INFO  : targets -set -nocase -filter {name =~"APU*" && jtag_cable_name =~ "Platform Cable USB II 00001a50030301" && jtag_device_ctx=="jsn-DLC10-00001a50030301-5ba00477-0"}
12:02:58 INFO  : source /home3/CAD/Vitis2025_2/2025.2/Vitis/vitis-server/scripts/jtag_reg.tcl
12:02:58 INFO  : Boot mode is read from the target.
12:02:58 INFO  : Boot mode of the target is set to jtag.
12:02:58 INFO  : targets -set -nocase -filter {name =~ "*A53*#0" && jtag_cable_name =~ "Platform Cable USB II 00001a50030301" && jtag_device_ctx=="jsn-DLC10-00001a50030301-5ba00477-0"}
12:02:58 INFO  : rst -processor
12:03:04 INFO  : dow /home3/shared/chapman44/cheshire/platform/export/platform/sw/boot/fsbl.elf
12:03:04 INFO  : set bp_3_4_fsbl_bp [bpadd -addr &XFsbl_Exit]
12:03:05 INFO  : con -block -timeout 60
12:03:05 INFO  : bpremove $bp_3_4_fsbl_bp
12:03:05 INFO  : targets -set -nocase -filter {name =~ "*A53*#0" && jtag_cable_name =~ "Platform Cable USB II 00001a50030301" && jtag_device_ctx=="jsn-DLC10-00001a50030301-5ba00477-0"}
12:03:05 INFO  : rst -processor
12:03:11 INFO  : dow /home3/shared/chapman44/cheshire/app_component/build/app_component.elf
12:03:11 INFO  : con
12:03:11 INFO  : configparams force-mem-access 0
12:03:12 INFO  : Testing the connection for 127.0.0.1
12:03:34 INFO  : disconnect
12:04:26 INFO  : BSP build will be initiated for Domain zynqmp_fsbl
12:04:26 INFO  : BSP build will be initiated for Domain standalone_psu_cortexa53_0
12:04:26 INFO  : Generating BSP for the domain /home3/shared/chapman44/cheshire/platform/zynqmp_fsbl/zynqmp_fsbl_bsp
12:04:26 INFO  : Generating BSP for the domain /home3/shared/chapman44/cheshire/platform/psu_cortexa53_0/standalone_psu_cortexa53_0/bsp
12:04:26 INFO  : lopper command to reconfigure BSP :empyro reconfig_bsp -d /home3/shared/chapman44/cheshire/platform/zynqmp_fsbl/zynqmp_fsbl_bsp
12:04:26 INFO  : lopper command to reconfigure BSP :empyro reconfig_bsp -d /home3/shared/chapman44/cheshire/platform/psu_cortexa53_0/standalone_psu_cortexa53_0/bsp
12:04:26 INFO  : bash, -c, empyro reconfig_bsp -d /home3/shared/chapman44/cheshire/platform/zynqmp_fsbl/zynqmp_fsbl_bsp
12:04:26 INFO  : bash, -c, empyro reconfig_bsp -d /home3/shared/chapman44/cheshire/platform/psu_cortexa53_0/standalone_psu_cortexa53_0/bsp
12:04:27 INFO  : Domain reconfigured successfully
12:04:27 INFO  : Generating BSP for the domain /home3/shared/chapman44/cheshire/platform/psu_cortexa53_0/standalone_psu_cortexa53_0/bsp
12:04:27 INFO  : lopper command to build BSP :empyro build_bsp -d /home3/shared/chapman44/cheshire/platform/psu_cortexa53_0/standalone_psu_cortexa53_0/bsp
12:04:27 INFO  : bash, -c, empyro build_bsp -d /home3/shared/chapman44/cheshire/platform/psu_cortexa53_0/standalone_psu_cortexa53_0/bsp
12:04:27 INFO  : Domain reconfigured successfully
12:04:27 INFO  : Generating BSP for the domain /home3/shared/chapman44/cheshire/platform/zynqmp_fsbl/zynqmp_fsbl_bsp
12:04:27 INFO  : lopper command to build BSP :empyro build_bsp -d /home3/shared/chapman44/cheshire/platform/zynqmp_fsbl/zynqmp_fsbl_bsp
12:04:27 INFO  : bash, -c, empyro build_bsp -d /home3/shared/chapman44/cheshire/platform/zynqmp_fsbl/zynqmp_fsbl_bsp
12:04:27 INFO  : Domain build successfully
12:04:27 INFO  : Domain build successfully
12:04:27 INFO  : Generating Boot ELFs
12:04:27 INFO  : lopper command to retarget baremetal application :empyro retarget_app -s /home3/shared/chapman44/cheshire/platform/zynqmp_fsbl -d /home3/shared/chapman44/cheshire/platform/zynqmp_fsbl/zynqmp_fsbl_bsp -b /home3/shared/chapman44/cheshire/platform/zynqmp_fsbl/build
12:04:27 INFO  : bash, -c, empyro retarget_app -s /home3/shared/chapman44/cheshire/platform/zynqmp_fsbl -d /home3/shared/chapman44/cheshire/platform/zynqmp_fsbl/zynqmp_fsbl_bsp -b /home3/shared/chapman44/cheshire/platform/zynqmp_fsbl/build
12:04:27 INFO  : [INFO]: Retargeting app
12:04:27 INFO  : [INFO]: Updating link libraries based on new domain
12:04:27 INFO  : Successfully retargeted Application /home3/shared/chapman44/cheshire/platform/zynqmp_fsbl
12:04:27 INFO  : lopper command to build baremetal application :empyro build_app --src_dir /home3/shared/chapman44/cheshire/platform/zynqmp_fsbl --build_dir /home3/shared/chapman44/cheshire/platform/zynqmp_fsbl/build
12:04:27 INFO  : bash, -c, empyro build_app --src_dir /home3/shared/chapman44/cheshire/platform/zynqmp_fsbl --build_dir /home3/shared/chapman44/cheshire/platform/zynqmp_fsbl/build
12:04:30 INFO  : Successfully building the baremetal application/home3/shared/chapman44/cheshire/platform/zynqmp_fsbl/build
12:04:30 INFO  : Generating Export directory
12:04:30 INFO  : Platform Build Finished successfully.
12:04:31 INFO  : lopper command to retarget baremetal application :empyro retarget_app -s /home3/shared/chapman44/cheshire/app_component/src -d /home3/shared/chapman44/cheshire/platform/export/platform/sw/standalone_psu_cortexa53_0 -b /home3/shared/chapman44/cheshire/app_component/build
12:04:31 INFO  : bash, -c, empyro retarget_app -s /home3/shared/chapman44/cheshire/app_component/src -d /home3/shared/chapman44/cheshire/platform/export/platform/sw/standalone_psu_cortexa53_0 -b /home3/shared/chapman44/cheshire/app_component/build
12:04:31 INFO  : [INFO]: Retargeting app
12:04:31 INFO  : [INFO]: Updating link libraries based on new domain
12:04:31 INFO  : Successfully retargeted Application /home3/shared/chapman44/cheshire/app_component/src
12:04:31 INFO  : Initiating build for the app_component component.
12:04:31 INFO  : bash, -c, empyro build_app -s /home3/shared/chapman44/cheshire/app_component/src -b /home3/shared/chapman44/cheshire/app_component/build
12:04:31 INFO  : Command: bash -c unset CC CXX ;empyro build_app -s /home3/shared/chapman44/cheshire/app_component/src -b /home3/shared/chapman44/cheshire/app_component/build
12:04:33 INFO  : connect -url tcp:127.0.0.1:3121
12:04:33 INFO  : bpremove -all
12:04:33 INFO  : source /home3/CAD/Vitis2025_2/2025.2/Vitis/scripts/vitis/util/zynqmp_utils.tcl
12:04:33 INFO  : Context for 'APU' is selected.
12:04:33 INFO  : System reset is completed.
12:04:37 INFO  : 'after 3000' command is executed.
12:04:37 INFO  : 'targets -set -filter {jtag_cable_name =~ "Platform Cable USB II 00001a50030301" && level==0 && jtag_device_ctx=="jsn-DLC10-00001a50030301-24738093-0"}' command is executed.
12:05:51 INFO  : Device configured successfully with "/home3/shared/chapman44/cheshire/app_component/_ide/bitstream/connect_top.bit"
12:05:51 INFO  : targets -set -nocase -filter {name =~"PSU*" && jtag_cable_name =~ "Platform Cable USB II 00001a50030301" && jtag_device_ctx=="jsn-DLC10-00001a50030301-5ba00477-0"}
12:05:51 INFO  : catch {disable_pmu_gate}
12:05:51 INFO  : targets -set -nocase -filter {name =~"APU*" && jtag_cable_name =~ "Platform Cable USB II 00001a50030301" && jtag_device_ctx=="jsn-DLC10-00001a50030301-5ba00477-0"}
12:05:57 INFO  : loadhw -hw /home3/shared/chapman44/cheshire/platform/export/platform/hw/connect_top.xsa -mem-ranges [list {0x80000000 0xbfffffff} {0x400000000 0x5ffffffff} {0x1000000000 0x7fffffffff}]
12:05:57 INFO  : configparams force-mem-access 1
12:05:57 INFO  : targets -set -nocase -filter {name =~"APU*" && jtag_cable_name =~ "Platform Cable USB II 00001a50030301" && jtag_device_ctx=="jsn-DLC10-00001a50030301-5ba00477-0"}
12:05:57 INFO  : source /home3/CAD/Vitis2025_2/2025.2/Vitis/vitis-server/scripts/jtag_reg.tcl
12:05:57 INFO  : Boot mode is read from the target.
12:05:57 INFO  : Boot mode of the target is set to jtag.
12:05:57 INFO  : targets -set -nocase -filter {name =~ "*A53*#0" && jtag_cable_name =~ "Platform Cable USB II 00001a50030301" && jtag_device_ctx=="jsn-DLC10-00001a50030301-5ba00477-0"}
12:05:57 INFO  : rst -processor
12:06:03 INFO  : dow /home3/shared/chapman44/cheshire/platform/export/platform/sw/boot/fsbl.elf
12:06:03 INFO  : set bp_6_3_fsbl_bp [bpadd -addr &XFsbl_Exit]
12:06:04 INFO  : con -block -timeout 60
12:06:04 INFO  : bpremove $bp_6_3_fsbl_bp
12:06:04 INFO  : targets -set -nocase -filter {name =~ "*A53*#0" && jtag_cable_name =~ "Platform Cable USB II 00001a50030301" && jtag_device_ctx=="jsn-DLC10-00001a50030301-5ba00477-0"}
12:06:05 INFO  : rst -processor
12:06:10 INFO  : dow /home3/shared/chapman44/cheshire/app_component/build/app_component.elf
12:06:10 INFO  : con
12:06:10 INFO  : configparams force-mem-access 0
12:06:12 INFO  : Testing the connection for 127.0.0.1
12:07:01 INFO  : disconnect
12:07:08 INFO  : BSP build will be initiated for Domain zynqmp_fsbl
12:07:08 INFO  : BSP build will be initiated for Domain standalone_psu_cortexa53_0
12:07:08 INFO  : Generating BSP for the domain /home3/shared/chapman44/cheshire/platform/zynqmp_fsbl/zynqmp_fsbl_bsp
12:07:08 INFO  : Generating BSP for the domain /home3/shared/chapman44/cheshire/platform/psu_cortexa53_0/standalone_psu_cortexa53_0/bsp
12:07:08 INFO  : lopper command to reconfigure BSP :empyro reconfig_bsp -d /home3/shared/chapman44/cheshire/platform/zynqmp_fsbl/zynqmp_fsbl_bsp
12:07:08 INFO  : lopper command to reconfigure BSP :empyro reconfig_bsp -d /home3/shared/chapman44/cheshire/platform/psu_cortexa53_0/standalone_psu_cortexa53_0/bsp
12:07:08 INFO  : bash, -c, empyro reconfig_bsp -d /home3/shared/chapman44/cheshire/platform/psu_cortexa53_0/standalone_psu_cortexa53_0/bsp
12:07:08 INFO  : bash, -c, empyro reconfig_bsp -d /home3/shared/chapman44/cheshire/platform/zynqmp_fsbl/zynqmp_fsbl_bsp
12:07:08 INFO  : Domain reconfigured successfully
12:07:08 INFO  : Generating BSP for the domain /home3/shared/chapman44/cheshire/platform/psu_cortexa53_0/standalone_psu_cortexa53_0/bsp
12:07:08 INFO  : lopper command to build BSP :empyro build_bsp -d /home3/shared/chapman44/cheshire/platform/psu_cortexa53_0/standalone_psu_cortexa53_0/bsp
12:07:08 INFO  : bash, -c, empyro build_bsp -d /home3/shared/chapman44/cheshire/platform/psu_cortexa53_0/standalone_psu_cortexa53_0/bsp
12:07:08 INFO  : Domain reconfigured successfully
12:07:08 INFO  : Generating BSP for the domain /home3/shared/chapman44/cheshire/platform/zynqmp_fsbl/zynqmp_fsbl_bsp
12:07:08 INFO  : lopper command to build BSP :empyro build_bsp -d /home3/shared/chapman44/cheshire/platform/zynqmp_fsbl/zynqmp_fsbl_bsp
12:07:08 INFO  : bash, -c, empyro build_bsp -d /home3/shared/chapman44/cheshire/platform/zynqmp_fsbl/zynqmp_fsbl_bsp
12:07:08 INFO  : Domain build successfully
12:07:08 INFO  : Domain build successfully
12:07:08 INFO  : Generating Boot ELFs
12:07:08 INFO  : lopper command to retarget baremetal application :empyro retarget_app -s /home3/shared/chapman44/cheshire/platform/zynqmp_fsbl -d /home3/shared/chapman44/cheshire/platform/zynqmp_fsbl/zynqmp_fsbl_bsp -b /home3/shared/chapman44/cheshire/platform/zynqmp_fsbl/build
12:07:08 INFO  : bash, -c, empyro retarget_app -s /home3/shared/chapman44/cheshire/platform/zynqmp_fsbl -d /home3/shared/chapman44/cheshire/platform/zynqmp_fsbl/zynqmp_fsbl_bsp -b /home3/shared/chapman44/cheshire/platform/zynqmp_fsbl/build
12:07:09 INFO  : [INFO]: Retargeting app
12:07:09 INFO  : [INFO]: Updating link libraries based on new domain
12:07:09 INFO  : Successfully retargeted Application /home3/shared/chapman44/cheshire/platform/zynqmp_fsbl
12:07:09 INFO  : lopper command to build baremetal application :empyro build_app --src_dir /home3/shared/chapman44/cheshire/platform/zynqmp_fsbl --build_dir /home3/shared/chapman44/cheshire/platform/zynqmp_fsbl/build
12:07:09 INFO  : bash, -c, empyro build_app --src_dir /home3/shared/chapman44/cheshire/platform/zynqmp_fsbl --build_dir /home3/shared/chapman44/cheshire/platform/zynqmp_fsbl/build
12:07:11 INFO  : Successfully building the baremetal application/home3/shared/chapman44/cheshire/platform/zynqmp_fsbl/build
12:07:11 INFO  : Generating Export directory
12:07:11 INFO  : Platform Build Finished successfully.
12:07:12 INFO  : lopper command to retarget baremetal application :empyro retarget_app -s /home3/shared/chapman44/cheshire/app_component/src -d /home3/shared/chapman44/cheshire/platform/export/platform/sw/standalone_psu_cortexa53_0 -b /home3/shared/chapman44/cheshire/app_component/build
12:07:12 INFO  : bash, -c, empyro retarget_app -s /home3/shared/chapman44/cheshire/app_component/src -d /home3/shared/chapman44/cheshire/platform/export/platform/sw/standalone_psu_cortexa53_0 -b /home3/shared/chapman44/cheshire/app_component/build
12:07:12 INFO  : [INFO]: Retargeting app
12:07:12 INFO  : [INFO]: Updating link libraries based on new domain
12:07:12 INFO  : Successfully retargeted Application /home3/shared/chapman44/cheshire/app_component/src
12:07:12 INFO  : Initiating build for the app_component component.
12:07:12 INFO  : bash, -c, empyro build_app -s /home3/shared/chapman44/cheshire/app_component/src -b /home3/shared/chapman44/cheshire/app_component/build
12:07:12 INFO  : Command: bash -c unset CC CXX ;empyro build_app -s /home3/shared/chapman44/cheshire/app_component/src -b /home3/shared/chapman44/cheshire/app_component/build
12:42:41 INFO  : BSP build will be initiated for Domain zynqmp_fsbl
12:42:41 INFO  : BSP build will be initiated for Domain standalone_psu_cortexa53_0
12:42:41 INFO  : Generating BSP for the domain /home3/shared/chapman44/cheshire/platform/zynqmp_fsbl/zynqmp_fsbl_bsp
12:42:41 INFO  : Generating BSP for the domain /home3/shared/chapman44/cheshire/platform/psu_cortexa53_0/standalone_psu_cortexa53_0/bsp
12:42:41 INFO  : lopper command to reconfigure BSP :empyro reconfig_bsp -d /home3/shared/chapman44/cheshire/platform/zynqmp_fsbl/zynqmp_fsbl_bsp
12:42:41 INFO  : lopper command to reconfigure BSP :empyro reconfig_bsp -d /home3/shared/chapman44/cheshire/platform/psu_cortexa53_0/standalone_psu_cortexa53_0/bsp
12:42:41 INFO  : bash, -c, empyro reconfig_bsp -d /home3/shared/chapman44/cheshire/platform/psu_cortexa53_0/standalone_psu_cortexa53_0/bsp
12:42:41 INFO  : bash, -c, empyro reconfig_bsp -d /home3/shared/chapman44/cheshire/platform/zynqmp_fsbl/zynqmp_fsbl_bsp
12:42:41 INFO  : Domain reconfigured successfully
12:42:41 INFO  : Generating BSP for the domain /home3/shared/chapman44/cheshire/platform/psu_cortexa53_0/standalone_psu_cortexa53_0/bsp
12:42:41 INFO  : lopper command to build BSP :empyro build_bsp -d /home3/shared/chapman44/cheshire/platform/psu_cortexa53_0/standalone_psu_cortexa53_0/bsp
12:42:41 INFO  : bash, -c, empyro build_bsp -d /home3/shared/chapman44/cheshire/platform/psu_cortexa53_0/standalone_psu_cortexa53_0/bsp
12:42:41 INFO  : Domain reconfigured successfully
12:42:41 INFO  : Generating BSP for the domain /home3/shared/chapman44/cheshire/platform/zynqmp_fsbl/zynqmp_fsbl_bsp
12:42:41 INFO  : lopper command to build BSP :empyro build_bsp -d /home3/shared/chapman44/cheshire/platform/zynqmp_fsbl/zynqmp_fsbl_bsp
12:42:41 INFO  : bash, -c, empyro build_bsp -d /home3/shared/chapman44/cheshire/platform/zynqmp_fsbl/zynqmp_fsbl_bsp
12:42:42 INFO  : Domain build successfully
12:42:42 INFO  : Domain build successfully
12:42:42 INFO  : Generating Boot ELFs
12:42:42 INFO  : lopper command to retarget baremetal application :empyro retarget_app -s /home3/shared/chapman44/cheshire/platform/zynqmp_fsbl -d /home3/shared/chapman44/cheshire/platform/zynqmp_fsbl/zynqmp_fsbl_bsp -b /home3/shared/chapman44/cheshire/platform/zynqmp_fsbl/build
12:42:42 INFO  : bash, -c, empyro retarget_app -s /home3/shared/chapman44/cheshire/platform/zynqmp_fsbl -d /home3/shared/chapman44/cheshire/platform/zynqmp_fsbl/zynqmp_fsbl_bsp -b /home3/shared/chapman44/cheshire/platform/zynqmp_fsbl/build
12:42:42 INFO  : [INFO]: Retargeting app
12:42:42 INFO  : [INFO]: Updating link libraries based on new domain
12:42:42 INFO  : Successfully retargeted Application /home3/shared/chapman44/cheshire/platform/zynqmp_fsbl
12:42:42 INFO  : lopper command to build baremetal application :empyro build_app --src_dir /home3/shared/chapman44/cheshire/platform/zynqmp_fsbl --build_dir /home3/shared/chapman44/cheshire/platform/zynqmp_fsbl/build
12:42:42 INFO  : bash, -c, empyro build_app --src_dir /home3/shared/chapman44/cheshire/platform/zynqmp_fsbl --build_dir /home3/shared/chapman44/cheshire/platform/zynqmp_fsbl/build
12:42:45 INFO  : Successfully building the baremetal application/home3/shared/chapman44/cheshire/platform/zynqmp_fsbl/build
12:42:45 INFO  : Generating Export directory
12:42:45 INFO  : Platform Build Finished successfully.
12:42:45 INFO  : lopper command to retarget baremetal application :empyro retarget_app -s /home3/shared/chapman44/cheshire/app_component/src -d /home3/shared/chapman44/cheshire/platform/export/platform/sw/standalone_psu_cortexa53_0 -b /home3/shared/chapman44/cheshire/app_component/build
12:42:45 INFO  : bash, -c, empyro retarget_app -s /home3/shared/chapman44/cheshire/app_component/src -d /home3/shared/chapman44/cheshire/platform/export/platform/sw/standalone_psu_cortexa53_0 -b /home3/shared/chapman44/cheshire/app_component/build
12:42:45 INFO  : [INFO]: Retargeting app
12:42:45 INFO  : [INFO]: Updating link libraries based on new domain
12:42:45 INFO  : Successfully retargeted Application /home3/shared/chapman44/cheshire/app_component/src
12:42:45 INFO  : Initiating build for the app_component component.
12:42:45 INFO  : bash, -c, empyro build_app -s /home3/shared/chapman44/cheshire/app_component/src -b /home3/shared/chapman44/cheshire/app_component/build
12:42:45 INFO  : Command: bash -c unset CC CXX ;empyro build_app -s /home3/shared/chapman44/cheshire/app_component/src -b /home3/shared/chapman44/cheshire/app_component/build
12:42:49 INFO  : connect -url tcp:127.0.0.1:3121
12:42:49 INFO  : bpremove -all
12:42:49 INFO  : source /home3/CAD/Vitis2025_2/2025.2/Vitis/scripts/vitis/util/zynqmp_utils.tcl
12:42:49 INFO  : Context for 'APU' is selected.
12:42:50 INFO  : System reset is completed.
12:42:53 INFO  : 'after 3000' command is executed.
12:42:53 INFO  : 'targets -set -filter {jtag_cable_name =~ "Platform Cable USB II 00001a50030301" && level==0 && jtag_device_ctx=="jsn-DLC10-00001a50030301-24738093-0"}' command is executed.
12:44:07 INFO  : Device configured successfully with "/home3/shared/chapman44/cheshire/app_component/_ide/bitstream/connect_top.bit"
12:44:07 INFO  : targets -set -nocase -filter {name =~"PSU*" && jtag_cable_name =~ "Platform Cable USB II 00001a50030301" && jtag_device_ctx=="jsn-DLC10-00001a50030301-5ba00477-0"}
12:44:07 INFO  : catch {disable_pmu_gate}
12:44:07 INFO  : targets -set -nocase -filter {name =~"APU*" && jtag_cable_name =~ "Platform Cable USB II 00001a50030301" && jtag_device_ctx=="jsn-DLC10-00001a50030301-5ba00477-0"}
12:44:13 INFO  : loadhw -hw /home3/shared/chapman44/cheshire/platform/export/platform/hw/connect_top.xsa -mem-ranges [list {0x80000000 0xbfffffff} {0x400000000 0x5ffffffff} {0x1000000000 0x7fffffffff}]
12:44:13 INFO  : configparams force-mem-access 1
12:44:13 INFO  : targets -set -nocase -filter {name =~"APU*" && jtag_cable_name =~ "Platform Cable USB II 00001a50030301" && jtag_device_ctx=="jsn-DLC10-00001a50030301-5ba00477-0"}
12:44:13 INFO  : source /home3/CAD/Vitis2025_2/2025.2/Vitis/vitis-server/scripts/jtag_reg.tcl
12:44:13 INFO  : Boot mode is read from the target.
12:44:13 INFO  : Boot mode of the target is set to jtag.
12:44:13 INFO  : targets -set -nocase -filter {name =~ "*A53*#0" && jtag_cable_name =~ "Platform Cable USB II 00001a50030301" && jtag_device_ctx=="jsn-DLC10-00001a50030301-5ba00477-0"}
12:44:13 INFO  : rst -processor
12:44:19 INFO  : dow /home3/shared/chapman44/cheshire/platform/export/platform/sw/boot/fsbl.elf
12:44:19 INFO  : set bp_44_19_fsbl_bp [bpadd -addr &XFsbl_Exit]
12:44:21 INFO  : con -block -timeout 60
12:44:21 INFO  : bpremove $bp_44_19_fsbl_bp
12:44:21 INFO  : targets -set -nocase -filter {name =~ "*A53*#0" && jtag_cable_name =~ "Platform Cable USB II 00001a50030301" && jtag_device_ctx=="jsn-DLC10-00001a50030301-5ba00477-0"}
12:44:21 INFO  : rst -processor
12:44:27 INFO  : dow /home3/shared/chapman44/cheshire/app_component/build/app_component.elf
12:44:27 INFO  : con
12:44:27 INFO  : configparams force-mem-access 0
12:44:28 INFO  : Testing the connection for 127.0.0.1
12:45:08 INFO  : disconnect
12:45:48 INFO  : BSP build will be initiated for Domain zynqmp_fsbl
12:45:48 INFO  : BSP build will be initiated for Domain standalone_psu_cortexa53_0
12:45:48 INFO  : Generating BSP for the domain /home3/shared/chapman44/cheshire/platform/zynqmp_fsbl/zynqmp_fsbl_bsp
12:45:48 INFO  : Generating BSP for the domain /home3/shared/chapman44/cheshire/platform/psu_cortexa53_0/standalone_psu_cortexa53_0/bsp
12:45:48 INFO  : lopper command to reconfigure BSP :empyro reconfig_bsp -d /home3/shared/chapman44/cheshire/platform/psu_cortexa53_0/standalone_psu_cortexa53_0/bsp
12:45:48 INFO  : lopper command to reconfigure BSP :empyro reconfig_bsp -d /home3/shared/chapman44/cheshire/platform/zynqmp_fsbl/zynqmp_fsbl_bsp
12:45:48 INFO  : bash, -c, empyro reconfig_bsp -d /home3/shared/chapman44/cheshire/platform/psu_cortexa53_0/standalone_psu_cortexa53_0/bsp
12:45:48 INFO  : bash, -c, empyro reconfig_bsp -d /home3/shared/chapman44/cheshire/platform/zynqmp_fsbl/zynqmp_fsbl_bsp
12:45:48 INFO  : Domain reconfigured successfully
12:45:48 INFO  : Generating BSP for the domain /home3/shared/chapman44/cheshire/platform/psu_cortexa53_0/standalone_psu_cortexa53_0/bsp
12:45:48 INFO  : lopper command to build BSP :empyro build_bsp -d /home3/shared/chapman44/cheshire/platform/psu_cortexa53_0/standalone_psu_cortexa53_0/bsp
12:45:48 INFO  : bash, -c, empyro build_bsp -d /home3/shared/chapman44/cheshire/platform/psu_cortexa53_0/standalone_psu_cortexa53_0/bsp
12:45:48 INFO  : Domain reconfigured successfully
12:45:48 INFO  : Generating BSP for the domain /home3/shared/chapman44/cheshire/platform/zynqmp_fsbl/zynqmp_fsbl_bsp
12:45:48 INFO  : lopper command to build BSP :empyro build_bsp -d /home3/shared/chapman44/cheshire/platform/zynqmp_fsbl/zynqmp_fsbl_bsp
12:45:48 INFO  : bash, -c, empyro build_bsp -d /home3/shared/chapman44/cheshire/platform/zynqmp_fsbl/zynqmp_fsbl_bsp
12:45:48 INFO  : Domain build successfully
12:45:48 INFO  : Domain build successfully
12:45:48 INFO  : Generating Boot ELFs
12:45:48 INFO  : lopper command to retarget baremetal application :empyro retarget_app -s /home3/shared/chapman44/cheshire/platform/zynqmp_fsbl -d /home3/shared/chapman44/cheshire/platform/zynqmp_fsbl/zynqmp_fsbl_bsp -b /home3/shared/chapman44/cheshire/platform/zynqmp_fsbl/build
12:45:48 INFO  : bash, -c, empyro retarget_app -s /home3/shared/chapman44/cheshire/platform/zynqmp_fsbl -d /home3/shared/chapman44/cheshire/platform/zynqmp_fsbl/zynqmp_fsbl_bsp -b /home3/shared/chapman44/cheshire/platform/zynqmp_fsbl/build
12:45:49 INFO  : [INFO]: Retargeting app
12:45:49 INFO  : [INFO]: Updating link libraries based on new domain
12:45:49 INFO  : Successfully retargeted Application /home3/shared/chapman44/cheshire/platform/zynqmp_fsbl
12:45:49 INFO  : lopper command to build baremetal application :empyro build_app --src_dir /home3/shared/chapman44/cheshire/platform/zynqmp_fsbl --build_dir /home3/shared/chapman44/cheshire/platform/zynqmp_fsbl/build
12:45:49 INFO  : bash, -c, empyro build_app --src_dir /home3/shared/chapman44/cheshire/platform/zynqmp_fsbl --build_dir /home3/shared/chapman44/cheshire/platform/zynqmp_fsbl/build
12:45:51 INFO  : Successfully building the baremetal application/home3/shared/chapman44/cheshire/platform/zynqmp_fsbl/build
12:45:51 INFO  : Generating Export directory
12:45:51 INFO  : Platform Build Finished successfully.
12:45:52 INFO  : lopper command to retarget baremetal application :empyro retarget_app -s /home3/shared/chapman44/cheshire/app_component/src -d /home3/shared/chapman44/cheshire/platform/export/platform/sw/standalone_psu_cortexa53_0 -b /home3/shared/chapman44/cheshire/app_component/build
12:45:52 INFO  : bash, -c, empyro retarget_app -s /home3/shared/chapman44/cheshire/app_component/src -d /home3/shared/chapman44/cheshire/platform/export/platform/sw/standalone_psu_cortexa53_0 -b /home3/shared/chapman44/cheshire/app_component/build
12:45:52 INFO  : [INFO]: Retargeting app
12:45:52 INFO  : [INFO]: Updating link libraries based on new domain
12:45:52 INFO  : Successfully retargeted Application /home3/shared/chapman44/cheshire/app_component/src
12:45:52 INFO  : Initiating build for the app_component component.
12:45:52 INFO  : bash, -c, empyro build_app -s /home3/shared/chapman44/cheshire/app_component/src -b /home3/shared/chapman44/cheshire/app_component/build
12:45:52 INFO  : Command: bash -c unset CC CXX ;empyro build_app -s /home3/shared/chapman44/cheshire/app_component/src -b /home3/shared/chapman44/cheshire/app_component/build
12:45:53 ERROR : app_component build failed. 
12:46:10 INFO  : BSP build will be initiated for Domain standalone_psu_cortexa53_0
12:46:10 INFO  : BSP build will be initiated for Domain zynqmp_fsbl
12:46:10 INFO  : Generating BSP for the domain /home3/shared/chapman44/cheshire/platform/psu_cortexa53_0/standalone_psu_cortexa53_0/bsp
12:46:10 INFO  : Generating BSP for the domain /home3/shared/chapman44/cheshire/platform/zynqmp_fsbl/zynqmp_fsbl_bsp
12:46:10 INFO  : lopper command to reconfigure BSP :empyro reconfig_bsp -d /home3/shared/chapman44/cheshire/platform/psu_cortexa53_0/standalone_psu_cortexa53_0/bsp
12:46:10 INFO  : lopper command to reconfigure BSP :empyro reconfig_bsp -d /home3/shared/chapman44/cheshire/platform/zynqmp_fsbl/zynqmp_fsbl_bsp
12:46:10 INFO  : bash, -c, empyro reconfig_bsp -d /home3/shared/chapman44/cheshire/platform/psu_cortexa53_0/standalone_psu_cortexa53_0/bsp
12:46:10 INFO  : bash, -c, empyro reconfig_bsp -d /home3/shared/chapman44/cheshire/platform/zynqmp_fsbl/zynqmp_fsbl_bsp
12:46:10 INFO  : Domain reconfigured successfully
12:46:10 INFO  : Generating BSP for the domain /home3/shared/chapman44/cheshire/platform/psu_cortexa53_0/standalone_psu_cortexa53_0/bsp
12:46:10 INFO  : lopper command to build BSP :empyro build_bsp -d /home3/shared/chapman44/cheshire/platform/psu_cortexa53_0/standalone_psu_cortexa53_0/bsp
12:46:10 INFO  : bash, -c, empyro build_bsp -d /home3/shared/chapman44/cheshire/platform/psu_cortexa53_0/standalone_psu_cortexa53_0/bsp
12:46:10 INFO  : Domain reconfigured successfully
12:46:10 INFO  : Generating BSP for the domain /home3/shared/chapman44/cheshire/platform/zynqmp_fsbl/zynqmp_fsbl_bsp
12:46:10 INFO  : lopper command to build BSP :empyro build_bsp -d /home3/shared/chapman44/cheshire/platform/zynqmp_fsbl/zynqmp_fsbl_bsp
12:46:10 INFO  : bash, -c, empyro build_bsp -d /home3/shared/chapman44/cheshire/platform/zynqmp_fsbl/zynqmp_fsbl_bsp
12:46:10 INFO  : Domain build successfully
12:46:10 INFO  : Domain build successfully
12:46:10 INFO  : Generating Boot ELFs
12:46:10 INFO  : lopper command to retarget baremetal application :empyro retarget_app -s /home3/shared/chapman44/cheshire/platform/zynqmp_fsbl -d /home3/shared/chapman44/cheshire/platform/zynqmp_fsbl/zynqmp_fsbl_bsp -b /home3/shared/chapman44/cheshire/platform/zynqmp_fsbl/build
12:46:10 INFO  : bash, -c, empyro retarget_app -s /home3/shared/chapman44/cheshire/platform/zynqmp_fsbl -d /home3/shared/chapman44/cheshire/platform/zynqmp_fsbl/zynqmp_fsbl_bsp -b /home3/shared/chapman44/cheshire/platform/zynqmp_fsbl/build
12:46:10 INFO  : [INFO]: Retargeting app
12:46:10 INFO  : [INFO]: Updating link libraries based on new domain
12:46:10 INFO  : Successfully retargeted Application /home3/shared/chapman44/cheshire/platform/zynqmp_fsbl
12:46:10 INFO  : lopper command to build baremetal application :empyro build_app --src_dir /home3/shared/chapman44/cheshire/platform/zynqmp_fsbl --build_dir /home3/shared/chapman44/cheshire/platform/zynqmp_fsbl/build
12:46:10 INFO  : bash, -c, empyro build_app --src_dir /home3/shared/chapman44/cheshire/platform/zynqmp_fsbl --build_dir /home3/shared/chapman44/cheshire/platform/zynqmp_fsbl/build
12:46:13 INFO  : Successfully building the baremetal application/home3/shared/chapman44/cheshire/platform/zynqmp_fsbl/build
12:46:13 INFO  : Generating Export directory
12:46:13 INFO  : Platform Build Finished successfully.
12:46:14 INFO  : lopper command to retarget baremetal application :empyro retarget_app -s /home3/shared/chapman44/cheshire/app_component/src -d /home3/shared/chapman44/cheshire/platform/export/platform/sw/standalone_psu_cortexa53_0 -b /home3/shared/chapman44/cheshire/app_component/build
12:46:14 INFO  : bash, -c, empyro retarget_app -s /home3/shared/chapman44/cheshire/app_component/src -d /home3/shared/chapman44/cheshire/platform/export/platform/sw/standalone_psu_cortexa53_0 -b /home3/shared/chapman44/cheshire/app_component/build
12:46:14 INFO  : [INFO]: Retargeting app
12:46:14 INFO  : [INFO]: Updating link libraries based on new domain
12:46:14 INFO  : Successfully retargeted Application /home3/shared/chapman44/cheshire/app_component/src
12:46:14 INFO  : Initiating build for the app_component component.
12:46:14 INFO  : bash, -c, empyro build_app -s /home3/shared/chapman44/cheshire/app_component/src -b /home3/shared/chapman44/cheshire/app_component/build
12:46:14 INFO  : Command: bash -c unset CC CXX ;empyro build_app -s /home3/shared/chapman44/cheshire/app_component/src -b /home3/shared/chapman44/cheshire/app_component/build
12:46:33 INFO  : connect -url tcp:127.0.0.1:3121
12:46:33 INFO  : bpremove -all
12:46:33 INFO  : source /home3/CAD/Vitis2025_2/2025.2/Vitis/scripts/vitis/util/zynqmp_utils.tcl
12:46:33 INFO  : Context for 'APU' is selected.
12:46:34 INFO  : System reset is completed.
12:46:37 INFO  : 'after 3000' command is executed.
12:46:37 INFO  : 'targets -set -filter {jtag_cable_name =~ "Platform Cable USB II 00001a50030301" && level==0 && jtag_device_ctx=="jsn-DLC10-00001a50030301-24738093-0"}' command is executed.
12:47:51 INFO  : Device configured successfully with "/home3/shared/chapman44/cheshire/app_component/_ide/bitstream/connect_top.bit"
12:47:51 INFO  : targets -set -nocase -filter {name =~"PSU*" && jtag_cable_name =~ "Platform Cable USB II 00001a50030301" && jtag_device_ctx=="jsn-DLC10-00001a50030301-5ba00477-0"}
12:47:51 INFO  : catch {disable_pmu_gate}
12:47:51 INFO  : targets -set -nocase -filter {name =~"APU*" && jtag_cable_name =~ "Platform Cable USB II 00001a50030301" && jtag_device_ctx=="jsn-DLC10-00001a50030301-5ba00477-0"}
12:47:58 INFO  : loadhw -hw /home3/shared/chapman44/cheshire/platform/export/platform/hw/connect_top.xsa -mem-ranges [list {0x80000000 0xbfffffff} {0x400000000 0x5ffffffff} {0x1000000000 0x7fffffffff}]
12:47:58 INFO  : configparams force-mem-access 1
12:47:58 INFO  : targets -set -nocase -filter {name =~"APU*" && jtag_cable_name =~ "Platform Cable USB II 00001a50030301" && jtag_device_ctx=="jsn-DLC10-00001a50030301-5ba00477-0"}
12:47:58 INFO  : source /home3/CAD/Vitis2025_2/2025.2/Vitis/vitis-server/scripts/jtag_reg.tcl
12:47:58 INFO  : Boot mode is read from the target.
12:47:58 INFO  : Boot mode of the target is set to jtag.
12:47:58 INFO  : targets -set -nocase -filter {name =~ "*A53*#0" && jtag_cable_name =~ "Platform Cable USB II 00001a50030301" && jtag_device_ctx=="jsn-DLC10-00001a50030301-5ba00477-0"}
12:47:58 INFO  : rst -processor
12:48:04 INFO  : dow /home3/shared/chapman44/cheshire/platform/export/platform/sw/boot/fsbl.elf
12:48:04 INFO  : set bp_48_4_fsbl_bp [bpadd -addr &XFsbl_Exit]
12:48:05 INFO  : con -block -timeout 60
12:48:05 INFO  : bpremove $bp_48_4_fsbl_bp
12:48:05 INFO  : targets -set -nocase -filter {name =~ "*A53*#0" && jtag_cable_name =~ "Platform Cable USB II 00001a50030301" && jtag_device_ctx=="jsn-DLC10-00001a50030301-5ba00477-0"}
12:48:05 INFO  : rst -processor
12:48:11 INFO  : dow /home3/shared/chapman44/cheshire/app_component/build/app_component.elf
12:48:11 INFO  : con
12:48:11 INFO  : configparams force-mem-access 0
12:48:12 INFO  : Testing the connection for 127.0.0.1
12:48:17 INFO  : disconnect
12:49:06 INFO  : BSP build will be initiated for Domain zynqmp_fsbl
12:49:06 INFO  : BSP build will be initiated for Domain standalone_psu_cortexa53_0
12:49:06 INFO  : Generating BSP for the domain /home3/shared/chapman44/cheshire/platform/zynqmp_fsbl/zynqmp_fsbl_bsp
12:49:06 INFO  : Generating BSP for the domain /home3/shared/chapman44/cheshire/platform/psu_cortexa53_0/standalone_psu_cortexa53_0/bsp
12:49:06 INFO  : lopper command to reconfigure BSP :empyro reconfig_bsp -d /home3/shared/chapman44/cheshire/platform/zynqmp_fsbl/zynqmp_fsbl_bsp
12:49:06 INFO  : lopper command to reconfigure BSP :empyro reconfig_bsp -d /home3/shared/chapman44/cheshire/platform/psu_cortexa53_0/standalone_psu_cortexa53_0/bsp
12:49:06 INFO  : bash, -c, empyro reconfig_bsp -d /home3/shared/chapman44/cheshire/platform/zynqmp_fsbl/zynqmp_fsbl_bsp
12:49:06 INFO  : bash, -c, empyro reconfig_bsp -d /home3/shared/chapman44/cheshire/platform/psu_cortexa53_0/standalone_psu_cortexa53_0/bsp
12:49:06 INFO  : Domain reconfigured successfully
12:49:06 INFO  : Generating BSP for the domain /home3/shared/chapman44/cheshire/platform/psu_cortexa53_0/standalone_psu_cortexa53_0/bsp
12:49:06 INFO  : lopper command to build BSP :empyro build_bsp -d /home3/shared/chapman44/cheshire/platform/psu_cortexa53_0/standalone_psu_cortexa53_0/bsp
12:49:06 INFO  : bash, -c, empyro build_bsp -d /home3/shared/chapman44/cheshire/platform/psu_cortexa53_0/standalone_psu_cortexa53_0/bsp
12:49:06 INFO  : Domain reconfigured successfully
12:49:06 INFO  : Generating BSP for the domain /home3/shared/chapman44/cheshire/platform/zynqmp_fsbl/zynqmp_fsbl_bsp
12:49:06 INFO  : lopper command to build BSP :empyro build_bsp -d /home3/shared/chapman44/cheshire/platform/zynqmp_fsbl/zynqmp_fsbl_bsp
12:49:06 INFO  : bash, -c, empyro build_bsp -d /home3/shared/chapman44/cheshire/platform/zynqmp_fsbl/zynqmp_fsbl_bsp
12:49:06 INFO  : Domain build successfully
12:49:06 INFO  : Domain build successfully
12:49:06 INFO  : Generating Boot ELFs
12:49:06 INFO  : lopper command to retarget baremetal application :empyro retarget_app -s /home3/shared/chapman44/cheshire/platform/zynqmp_fsbl -d /home3/shared/chapman44/cheshire/platform/zynqmp_fsbl/zynqmp_fsbl_bsp -b /home3/shared/chapman44/cheshire/platform/zynqmp_fsbl/build
12:49:06 INFO  : bash, -c, empyro retarget_app -s /home3/shared/chapman44/cheshire/platform/zynqmp_fsbl -d /home3/shared/chapman44/cheshire/platform/zynqmp_fsbl/zynqmp_fsbl_bsp -b /home3/shared/chapman44/cheshire/platform/zynqmp_fsbl/build
12:49:07 INFO  : [INFO]: Retargeting app
12:49:07 INFO  : [INFO]: Updating link libraries based on new domain
12:49:07 INFO  : Successfully retargeted Application /home3/shared/chapman44/cheshire/platform/zynqmp_fsbl
12:49:07 INFO  : lopper command to build baremetal application :empyro build_app --src_dir /home3/shared/chapman44/cheshire/platform/zynqmp_fsbl --build_dir /home3/shared/chapman44/cheshire/platform/zynqmp_fsbl/build
12:49:07 INFO  : bash, -c, empyro build_app --src_dir /home3/shared/chapman44/cheshire/platform/zynqmp_fsbl --build_dir /home3/shared/chapman44/cheshire/platform/zynqmp_fsbl/build
12:49:09 INFO  : Successfully building the baremetal application/home3/shared/chapman44/cheshire/platform/zynqmp_fsbl/build
12:49:09 INFO  : Generating Export directory
12:49:10 INFO  : Platform Build Finished successfully.
12:49:10 INFO  : lopper command to retarget baremetal application :empyro retarget_app -s /home3/shared/chapman44/cheshire/app_component/src -d /home3/shared/chapman44/cheshire/platform/export/platform/sw/standalone_psu_cortexa53_0 -b /home3/shared/chapman44/cheshire/app_component/build
12:49:10 INFO  : bash, -c, empyro retarget_app -s /home3/shared/chapman44/cheshire/app_component/src -d /home3/shared/chapman44/cheshire/platform/export/platform/sw/standalone_psu_cortexa53_0 -b /home3/shared/chapman44/cheshire/app_component/build
12:49:10 INFO  : [INFO]: Retargeting app
12:49:10 INFO  : [INFO]: Updating link libraries based on new domain
12:49:10 INFO  : Successfully retargeted Application /home3/shared/chapman44/cheshire/app_component/src
12:49:10 INFO  : Initiating build for the app_component component.
12:49:10 INFO  : bash, -c, empyro build_app -s /home3/shared/chapman44/cheshire/app_component/src -b /home3/shared/chapman44/cheshire/app_component/build
12:49:10 INFO  : Command: bash -c unset CC CXX ;empyro build_app -s /home3/shared/chapman44/cheshire/app_component/src -b /home3/shared/chapman44/cheshire/app_component/build
12:49:12 INFO  : connect -url tcp:127.0.0.1:3121
12:49:12 INFO  : bpremove -all
12:49:12 INFO  : source /home3/CAD/Vitis2025_2/2025.2/Vitis/scripts/vitis/util/zynqmp_utils.tcl
12:49:13 INFO  : Context for 'APU' is selected.
12:49:13 INFO  : System reset is completed.
12:49:16 INFO  : 'after 3000' command is executed.
12:49:16 INFO  : 'targets -set -filter {jtag_cable_name =~ "Platform Cable USB II 00001a50030301" && level==0 && jtag_device_ctx=="jsn-DLC10-00001a50030301-24738093-0"}' command is executed.
12:50:31 INFO  : Device configured successfully with "/home3/shared/chapman44/cheshire/app_component/_ide/bitstream/connect_top.bit"
12:50:31 INFO  : targets -set -nocase -filter {name =~"PSU*" && jtag_cable_name =~ "Platform Cable USB II 00001a50030301" && jtag_device_ctx=="jsn-DLC10-00001a50030301-5ba00477-0"}
12:50:31 INFO  : catch {disable_pmu_gate}
12:50:31 INFO  : targets -set -nocase -filter {name =~"APU*" && jtag_cable_name =~ "Platform Cable USB II 00001a50030301" && jtag_device_ctx=="jsn-DLC10-00001a50030301-5ba00477-0"}
12:50:37 INFO  : loadhw -hw /home3/shared/chapman44/cheshire/platform/export/platform/hw/connect_top.xsa -mem-ranges [list {0x80000000 0xbfffffff} {0x400000000 0x5ffffffff} {0x1000000000 0x7fffffffff}]
12:50:37 INFO  : configparams force-mem-access 1
12:50:37 INFO  : targets -set -nocase -filter {name =~"APU*" && jtag_cable_name =~ "Platform Cable USB II 00001a50030301" && jtag_device_ctx=="jsn-DLC10-00001a50030301-5ba00477-0"}
12:50:37 INFO  : source /home3/CAD/Vitis2025_2/2025.2/Vitis/vitis-server/scripts/jtag_reg.tcl
12:50:37 INFO  : Boot mode is read from the target.
12:50:37 INFO  : Boot mode of the target is set to jtag.
12:50:37 INFO  : targets -set -nocase -filter {name =~ "*A53*#0" && jtag_cable_name =~ "Platform Cable USB II 00001a50030301" && jtag_device_ctx=="jsn-DLC10-00001a50030301-5ba00477-0"}
12:50:37 INFO  : rst -processor
12:50:43 INFO  : dow /home3/shared/chapman44/cheshire/platform/export/platform/sw/boot/fsbl.elf
12:50:43 INFO  : set bp_50_43_fsbl_bp [bpadd -addr &XFsbl_Exit]
12:50:44 INFO  : con -block -timeout 60
12:50:44 INFO  : bpremove $bp_50_43_fsbl_bp
12:50:44 INFO  : targets -set -nocase -filter {name =~ "*A53*#0" && jtag_cable_name =~ "Platform Cable USB II 00001a50030301" && jtag_device_ctx=="jsn-DLC10-00001a50030301-5ba00477-0"}
12:50:44 INFO  : rst -processor
12:50:50 INFO  : dow /home3/shared/chapman44/cheshire/app_component/build/app_component.elf
12:50:50 INFO  : con
12:50:50 INFO  : configparams force-mem-access 0
12:50:51 INFO  : Testing the connection for 127.0.0.1
12:51:01 INFO  : disconnect
12:51:01 INFO  : BSP build will be initiated for Domain zynqmp_fsbl
12:51:01 INFO  : BSP build will be initiated for Domain standalone_psu_cortexa53_0
12:51:01 INFO  : Generating BSP for the domain /home3/shared/chapman44/cheshire/platform/zynqmp_fsbl/zynqmp_fsbl_bsp
12:51:01 INFO  : Generating BSP for the domain /home3/shared/chapman44/cheshire/platform/psu_cortexa53_0/standalone_psu_cortexa53_0/bsp
12:51:01 INFO  : lopper command to reconfigure BSP :empyro reconfig_bsp -d /home3/shared/chapman44/cheshire/platform/zynqmp_fsbl/zynqmp_fsbl_bsp
12:51:01 INFO  : lopper command to reconfigure BSP :empyro reconfig_bsp -d /home3/shared/chapman44/cheshire/platform/psu_cortexa53_0/standalone_psu_cortexa53_0/bsp
12:51:01 INFO  : bash, -c, empyro reconfig_bsp -d /home3/shared/chapman44/cheshire/platform/psu_cortexa53_0/standalone_psu_cortexa53_0/bsp
12:51:01 INFO  : bash, -c, empyro reconfig_bsp -d /home3/shared/chapman44/cheshire/platform/zynqmp_fsbl/zynqmp_fsbl_bsp
12:51:02 INFO  : Domain reconfigured successfully
12:51:02 INFO  : Generating BSP for the domain /home3/shared/chapman44/cheshire/platform/psu_cortexa53_0/standalone_psu_cortexa53_0/bsp
12:51:02 INFO  : lopper command to build BSP :empyro build_bsp -d /home3/shared/chapman44/cheshire/platform/psu_cortexa53_0/standalone_psu_cortexa53_0/bsp
12:51:02 INFO  : bash, -c, empyro build_bsp -d /home3/shared/chapman44/cheshire/platform/psu_cortexa53_0/standalone_psu_cortexa53_0/bsp
12:51:02 INFO  : Domain reconfigured successfully
12:51:02 INFO  : Generating BSP for the domain /home3/shared/chapman44/cheshire/platform/zynqmp_fsbl/zynqmp_fsbl_bsp
12:51:02 INFO  : lopper command to build BSP :empyro build_bsp -d /home3/shared/chapman44/cheshire/platform/zynqmp_fsbl/zynqmp_fsbl_bsp
12:51:02 INFO  : bash, -c, empyro build_bsp -d /home3/shared/chapman44/cheshire/platform/zynqmp_fsbl/zynqmp_fsbl_bsp
12:51:02 INFO  : Domain build successfully
12:51:02 INFO  : Domain build successfully
12:51:02 INFO  : Generating Boot ELFs
12:51:02 INFO  : lopper command to retarget baremetal application :empyro retarget_app -s /home3/shared/chapman44/cheshire/platform/zynqmp_fsbl -d /home3/shared/chapman44/cheshire/platform/zynqmp_fsbl/zynqmp_fsbl_bsp -b /home3/shared/chapman44/cheshire/platform/zynqmp_fsbl/build
12:51:02 INFO  : bash, -c, empyro retarget_app -s /home3/shared/chapman44/cheshire/platform/zynqmp_fsbl -d /home3/shared/chapman44/cheshire/platform/zynqmp_fsbl/zynqmp_fsbl_bsp -b /home3/shared/chapman44/cheshire/platform/zynqmp_fsbl/build
12:51:02 INFO  : [INFO]: Retargeting app
12:51:02 INFO  : [INFO]: Updating link libraries based on new domain
12:51:02 INFO  : Successfully retargeted Application /home3/shared/chapman44/cheshire/platform/zynqmp_fsbl
12:51:02 INFO  : lopper command to build baremetal application :empyro build_app --src_dir /home3/shared/chapman44/cheshire/platform/zynqmp_fsbl --build_dir /home3/shared/chapman44/cheshire/platform/zynqmp_fsbl/build
12:51:02 INFO  : bash, -c, empyro build_app --src_dir /home3/shared/chapman44/cheshire/platform/zynqmp_fsbl --build_dir /home3/shared/chapman44/cheshire/platform/zynqmp_fsbl/build
12:51:05 INFO  : Successfully building the baremetal application/home3/shared/chapman44/cheshire/platform/zynqmp_fsbl/build
12:51:05 INFO  : Generating Export directory
12:51:05 INFO  : Platform Build Finished successfully.
12:51:05 INFO  : lopper command to retarget baremetal application :empyro retarget_app -s /home3/shared/chapman44/cheshire/app_component/src -d /home3/shared/chapman44/cheshire/platform/export/platform/sw/standalone_psu_cortexa53_0 -b /home3/shared/chapman44/cheshire/app_component/build
12:51:05 INFO  : bash, -c, empyro retarget_app -s /home3/shared/chapman44/cheshire/app_component/src -d /home3/shared/chapman44/cheshire/platform/export/platform/sw/standalone_psu_cortexa53_0 -b /home3/shared/chapman44/cheshire/app_component/build
12:51:06 INFO  : [INFO]: Retargeting app
12:51:06 INFO  : [INFO]: Updating link libraries based on new domain
12:51:06 INFO  : Successfully retargeted Application /home3/shared/chapman44/cheshire/app_component/src
12:51:06 INFO  : Initiating build for the app_component component.
12:51:06 INFO  : bash, -c, empyro build_app -s /home3/shared/chapman44/cheshire/app_component/src -b /home3/shared/chapman44/cheshire/app_component/build
12:51:06 INFO  : Command: bash -c unset CC CXX ;empyro build_app -s /home3/shared/chapman44/cheshire/app_component/src -b /home3/shared/chapman44/cheshire/app_component/build
12:51:12 INFO  : connect -url tcp:127.0.0.1:3121
12:51:12 INFO  : bpremove -all
12:51:12 INFO  : source /home3/CAD/Vitis2025_2/2025.2/Vitis/scripts/vitis/util/zynqmp_utils.tcl
12:51:13 INFO  : Context for 'APU' is selected.
12:51:13 INFO  : System reset is completed.
12:51:16 INFO  : 'after 3000' command is executed.
12:51:16 INFO  : 'targets -set -filter {jtag_cable_name =~ "Platform Cable USB II 00001a50030301" && level==0 && jtag_device_ctx=="jsn-DLC10-00001a50030301-24738093-0"}' command is executed.
12:52:31 INFO  : Device configured successfully with "/home3/shared/chapman44/cheshire/app_component/_ide/bitstream/connect_top.bit"
12:52:31 INFO  : targets -set -nocase -filter {name =~"PSU*" && jtag_cable_name =~ "Platform Cable USB II 00001a50030301" && jtag_device_ctx=="jsn-DLC10-00001a50030301-5ba00477-0"}
12:52:31 INFO  : catch {disable_pmu_gate}
12:52:31 INFO  : targets -set -nocase -filter {name =~"APU*" && jtag_cable_name =~ "Platform Cable USB II 00001a50030301" && jtag_device_ctx=="jsn-DLC10-00001a50030301-5ba00477-0"}
12:52:37 INFO  : loadhw -hw /home3/shared/chapman44/cheshire/platform/export/platform/hw/connect_top.xsa -mem-ranges [list {0x80000000 0xbfffffff} {0x400000000 0x5ffffffff} {0x1000000000 0x7fffffffff}]
12:52:37 INFO  : configparams force-mem-access 1
12:52:37 INFO  : targets -set -nocase -filter {name =~"APU*" && jtag_cable_name =~ "Platform Cable USB II 00001a50030301" && jtag_device_ctx=="jsn-DLC10-00001a50030301-5ba00477-0"}
12:52:37 INFO  : source /home3/CAD/Vitis2025_2/2025.2/Vitis/vitis-server/scripts/jtag_reg.tcl
12:52:37 INFO  : Boot mode is read from the target.
12:52:37 INFO  : Boot mode of the target is set to jtag.
12:52:37 INFO  : targets -set -nocase -filter {name =~ "*A53*#0" && jtag_cable_name =~ "Platform Cable USB II 00001a50030301" && jtag_device_ctx=="jsn-DLC10-00001a50030301-5ba00477-0"}
12:52:37 INFO  : rst -processor
12:52:43 INFO  : dow /home3/shared/chapman44/cheshire/platform/export/platform/sw/boot/fsbl.elf
12:52:43 INFO  : set bp_52_43_fsbl_bp [bpadd -addr &XFsbl_Exit]
12:52:44 INFO  : con -block -timeout 60
12:52:44 INFO  : bpremove $bp_52_43_fsbl_bp
12:52:44 INFO  : targets -set -nocase -filter {name =~ "*A53*#0" && jtag_cable_name =~ "Platform Cable USB II 00001a50030301" && jtag_device_ctx=="jsn-DLC10-00001a50030301-5ba00477-0"}
12:52:44 INFO  : rst -processor
12:52:50 INFO  : dow /home3/shared/chapman44/cheshire/app_component/build/app_component.elf
12:52:50 INFO  : con
12:52:50 INFO  : configparams force-mem-access 0
12:52:51 INFO  : Testing the connection for 127.0.0.1
12:53:05 INFO  : disconnect
12:53:30 INFO  : BSP build will be initiated for Domain standalone_psu_cortexa53_0
12:53:30 INFO  : BSP build will be initiated for Domain zynqmp_fsbl
12:53:30 INFO  : Generating BSP for the domain /home3/shared/chapman44/cheshire/platform/psu_cortexa53_0/standalone_psu_cortexa53_0/bsp
12:53:30 INFO  : Generating BSP for the domain /home3/shared/chapman44/cheshire/platform/zynqmp_fsbl/zynqmp_fsbl_bsp
12:53:30 INFO  : lopper command to reconfigure BSP :empyro reconfig_bsp -d /home3/shared/chapman44/cheshire/platform/psu_cortexa53_0/standalone_psu_cortexa53_0/bsp
12:53:30 INFO  : lopper command to reconfigure BSP :empyro reconfig_bsp -d /home3/shared/chapman44/cheshire/platform/zynqmp_fsbl/zynqmp_fsbl_bsp
12:53:30 INFO  : bash, -c, empyro reconfig_bsp -d /home3/shared/chapman44/cheshire/platform/zynqmp_fsbl/zynqmp_fsbl_bsp
12:53:30 INFO  : bash, -c, empyro reconfig_bsp -d /home3/shared/chapman44/cheshire/platform/psu_cortexa53_0/standalone_psu_cortexa53_0/bsp
12:53:30 INFO  : Domain reconfigured successfully
12:53:30 INFO  : Generating BSP for the domain /home3/shared/chapman44/cheshire/platform/psu_cortexa53_0/standalone_psu_cortexa53_0/bsp
12:53:30 INFO  : lopper command to build BSP :empyro build_bsp -d /home3/shared/chapman44/cheshire/platform/psu_cortexa53_0/standalone_psu_cortexa53_0/bsp
12:53:30 INFO  : bash, -c, empyro build_bsp -d /home3/shared/chapman44/cheshire/platform/psu_cortexa53_0/standalone_psu_cortexa53_0/bsp
12:53:30 INFO  : Domain reconfigured successfully
12:53:30 INFO  : Generating BSP for the domain /home3/shared/chapman44/cheshire/platform/zynqmp_fsbl/zynqmp_fsbl_bsp
12:53:30 INFO  : lopper command to build BSP :empyro build_bsp -d /home3/shared/chapman44/cheshire/platform/zynqmp_fsbl/zynqmp_fsbl_bsp
12:53:30 INFO  : bash, -c, empyro build_bsp -d /home3/shared/chapman44/cheshire/platform/zynqmp_fsbl/zynqmp_fsbl_bsp
12:53:31 INFO  : Domain build successfully
12:53:31 INFO  : Domain build successfully
12:53:31 INFO  : Generating Boot ELFs
12:53:31 INFO  : lopper command to retarget baremetal application :empyro retarget_app -s /home3/shared/chapman44/cheshire/platform/zynqmp_fsbl -d /home3/shared/chapman44/cheshire/platform/zynqmp_fsbl/zynqmp_fsbl_bsp -b /home3/shared/chapman44/cheshire/platform/zynqmp_fsbl/build
12:53:31 INFO  : bash, -c, empyro retarget_app -s /home3/shared/chapman44/cheshire/platform/zynqmp_fsbl -d /home3/shared/chapman44/cheshire/platform/zynqmp_fsbl/zynqmp_fsbl_bsp -b /home3/shared/chapman44/cheshire/platform/zynqmp_fsbl/build
12:53:31 INFO  : [INFO]: Retargeting app
12:53:31 INFO  : [INFO]: Updating link libraries based on new domain
12:53:31 INFO  : Successfully retargeted Application /home3/shared/chapman44/cheshire/platform/zynqmp_fsbl
12:53:31 INFO  : lopper command to build baremetal application :empyro build_app --src_dir /home3/shared/chapman44/cheshire/platform/zynqmp_fsbl --build_dir /home3/shared/chapman44/cheshire/platform/zynqmp_fsbl/build
12:53:31 INFO  : bash, -c, empyro build_app --src_dir /home3/shared/chapman44/cheshire/platform/zynqmp_fsbl --build_dir /home3/shared/chapman44/cheshire/platform/zynqmp_fsbl/build
12:53:34 INFO  : Successfully building the baremetal application/home3/shared/chapman44/cheshire/platform/zynqmp_fsbl/build
12:53:34 INFO  : Generating Export directory
12:53:34 INFO  : Platform Build Finished successfully.
12:53:34 INFO  : lopper command to retarget baremetal application :empyro retarget_app -s /home3/shared/chapman44/cheshire/app_component/src -d /home3/shared/chapman44/cheshire/platform/export/platform/sw/standalone_psu_cortexa53_0 -b /home3/shared/chapman44/cheshire/app_component/build
12:53:34 INFO  : bash, -c, empyro retarget_app -s /home3/shared/chapman44/cheshire/app_component/src -d /home3/shared/chapman44/cheshire/platform/export/platform/sw/standalone_psu_cortexa53_0 -b /home3/shared/chapman44/cheshire/app_component/build
12:53:34 INFO  : [INFO]: Retargeting app
12:53:34 INFO  : [INFO]: Updating link libraries based on new domain
12:53:34 INFO  : Successfully retargeted Application /home3/shared/chapman44/cheshire/app_component/src
12:53:34 INFO  : Initiating build for the app_component component.
12:53:34 INFO  : bash, -c, empyro build_app -s /home3/shared/chapman44/cheshire/app_component/src -b /home3/shared/chapman44/cheshire/app_component/build
12:53:34 INFO  : Command: bash -c unset CC CXX ;empyro build_app -s /home3/shared/chapman44/cheshire/app_component/src -b /home3/shared/chapman44/cheshire/app_component/build
12:53:37 INFO  : connect -url tcp:127.0.0.1:3121
12:53:37 INFO  : bpremove -all
12:53:37 INFO  : source /home3/CAD/Vitis2025_2/2025.2/Vitis/scripts/vitis/util/zynqmp_utils.tcl
12:53:37 INFO  : Context for 'APU' is selected.
12:53:38 INFO  : System reset is completed.
12:53:41 INFO  : 'after 3000' command is executed.
12:53:41 INFO  : 'targets -set -filter {jtag_cable_name =~ "Platform Cable USB II 00001a50030301" && level==0 && jtag_device_ctx=="jsn-DLC10-00001a50030301-24738093-0"}' command is executed.
12:54:55 INFO  : Device configured successfully with "/home3/shared/chapman44/cheshire/app_component/_ide/bitstream/connect_top.bit"
12:54:55 INFO  : targets -set -nocase -filter {name =~"PSU*" && jtag_cable_name =~ "Platform Cable USB II 00001a50030301" && jtag_device_ctx=="jsn-DLC10-00001a50030301-5ba00477-0"}
12:54:55 INFO  : catch {disable_pmu_gate}
12:54:55 INFO  : targets -set -nocase -filter {name =~"APU*" && jtag_cable_name =~ "Platform Cable USB II 00001a50030301" && jtag_device_ctx=="jsn-DLC10-00001a50030301-5ba00477-0"}
12:55:02 INFO  : loadhw -hw /home3/shared/chapman44/cheshire/platform/export/platform/hw/connect_top.xsa -mem-ranges [list {0x80000000 0xbfffffff} {0x400000000 0x5ffffffff} {0x1000000000 0x7fffffffff}]
12:55:02 INFO  : configparams force-mem-access 1
12:55:02 INFO  : targets -set -nocase -filter {name =~"APU*" && jtag_cable_name =~ "Platform Cable USB II 00001a50030301" && jtag_device_ctx=="jsn-DLC10-00001a50030301-5ba00477-0"}
12:55:02 INFO  : source /home3/CAD/Vitis2025_2/2025.2/Vitis/vitis-server/scripts/jtag_reg.tcl
12:55:02 INFO  : Boot mode is read from the target.
12:55:02 INFO  : Boot mode of the target is set to jtag.
12:55:02 INFO  : targets -set -nocase -filter {name =~ "*A53*#0" && jtag_cable_name =~ "Platform Cable USB II 00001a50030301" && jtag_device_ctx=="jsn-DLC10-00001a50030301-5ba00477-0"}
12:55:02 INFO  : rst -processor
12:55:08 INFO  : dow /home3/shared/chapman44/cheshire/platform/export/platform/sw/boot/fsbl.elf
12:55:08 INFO  : set bp_55_8_fsbl_bp [bpadd -addr &XFsbl_Exit]
12:55:09 INFO  : con -block -timeout 60
12:55:09 INFO  : bpremove $bp_55_8_fsbl_bp
12:55:09 INFO  : targets -set -nocase -filter {name =~ "*A53*#0" && jtag_cable_name =~ "Platform Cable USB II 00001a50030301" && jtag_device_ctx=="jsn-DLC10-00001a50030301-5ba00477-0"}
12:55:09 INFO  : rst -processor
12:55:15 INFO  : dow /home3/shared/chapman44/cheshire/app_component/build/app_component.elf
12:55:15 INFO  : con
12:55:15 INFO  : configparams force-mem-access 0
12:55:16 INFO  : Testing the connection for 127.0.0.1
12:55:22 INFO  : disconnect
12:56:28 INFO  : BSP build will be initiated for Domain zynqmp_fsbl
12:56:28 INFO  : BSP build will be initiated for Domain standalone_psu_cortexa53_0
12:56:28 INFO  : Generating BSP for the domain /home3/shared/chapman44/cheshire/platform/zynqmp_fsbl/zynqmp_fsbl_bsp
12:56:28 INFO  : Generating BSP for the domain /home3/shared/chapman44/cheshire/platform/psu_cortexa53_0/standalone_psu_cortexa53_0/bsp
12:56:28 INFO  : lopper command to reconfigure BSP :empyro reconfig_bsp -d /home3/shared/chapman44/cheshire/platform/zynqmp_fsbl/zynqmp_fsbl_bsp
12:56:28 INFO  : lopper command to reconfigure BSP :empyro reconfig_bsp -d /home3/shared/chapman44/cheshire/platform/psu_cortexa53_0/standalone_psu_cortexa53_0/bsp
12:56:28 INFO  : bash, -c, empyro reconfig_bsp -d /home3/shared/chapman44/cheshire/platform/psu_cortexa53_0/standalone_psu_cortexa53_0/bsp
12:56:28 INFO  : bash, -c, empyro reconfig_bsp -d /home3/shared/chapman44/cheshire/platform/zynqmp_fsbl/zynqmp_fsbl_bsp
12:56:28 INFO  : Domain reconfigured successfully
12:56:28 INFO  : Generating BSP for the domain /home3/shared/chapman44/cheshire/platform/psu_cortexa53_0/standalone_psu_cortexa53_0/bsp
12:56:28 INFO  : lopper command to build BSP :empyro build_bsp -d /home3/shared/chapman44/cheshire/platform/psu_cortexa53_0/standalone_psu_cortexa53_0/bsp
12:56:28 INFO  : bash, -c, empyro build_bsp -d /home3/shared/chapman44/cheshire/platform/psu_cortexa53_0/standalone_psu_cortexa53_0/bsp
12:56:28 INFO  : Domain reconfigured successfully
12:56:28 INFO  : Generating BSP for the domain /home3/shared/chapman44/cheshire/platform/zynqmp_fsbl/zynqmp_fsbl_bsp
12:56:28 INFO  : lopper command to build BSP :empyro build_bsp -d /home3/shared/chapman44/cheshire/platform/zynqmp_fsbl/zynqmp_fsbl_bsp
12:56:28 INFO  : bash, -c, empyro build_bsp -d /home3/shared/chapman44/cheshire/platform/zynqmp_fsbl/zynqmp_fsbl_bsp
12:56:28 INFO  : Domain build successfully
12:56:28 INFO  : Domain build successfully
12:56:28 INFO  : Generating Boot ELFs
12:56:28 INFO  : lopper command to retarget baremetal application :empyro retarget_app -s /home3/shared/chapman44/cheshire/platform/zynqmp_fsbl -d /home3/shared/chapman44/cheshire/platform/zynqmp_fsbl/zynqmp_fsbl_bsp -b /home3/shared/chapman44/cheshire/platform/zynqmp_fsbl/build
12:56:28 INFO  : bash, -c, empyro retarget_app -s /home3/shared/chapman44/cheshire/platform/zynqmp_fsbl -d /home3/shared/chapman44/cheshire/platform/zynqmp_fsbl/zynqmp_fsbl_bsp -b /home3/shared/chapman44/cheshire/platform/zynqmp_fsbl/build
12:56:28 INFO  : [INFO]: Retargeting app
12:56:28 INFO  : [INFO]: Updating link libraries based on new domain
12:56:28 INFO  : Successfully retargeted Application /home3/shared/chapman44/cheshire/platform/zynqmp_fsbl
12:56:28 INFO  : lopper command to build baremetal application :empyro build_app --src_dir /home3/shared/chapman44/cheshire/platform/zynqmp_fsbl --build_dir /home3/shared/chapman44/cheshire/platform/zynqmp_fsbl/build
12:56:28 INFO  : bash, -c, empyro build_app --src_dir /home3/shared/chapman44/cheshire/platform/zynqmp_fsbl --build_dir /home3/shared/chapman44/cheshire/platform/zynqmp_fsbl/build
12:56:31 INFO  : Successfully building the baremetal application/home3/shared/chapman44/cheshire/platform/zynqmp_fsbl/build
12:56:31 INFO  : Generating Export directory
12:56:31 INFO  : Platform Build Finished successfully.
12:56:32 INFO  : lopper command to retarget baremetal application :empyro retarget_app -s /home3/shared/chapman44/cheshire/app_component/src -d /home3/shared/chapman44/cheshire/platform/export/platform/sw/standalone_psu_cortexa53_0 -b /home3/shared/chapman44/cheshire/app_component/build
12:56:32 INFO  : bash, -c, empyro retarget_app -s /home3/shared/chapman44/cheshire/app_component/src -d /home3/shared/chapman44/cheshire/platform/export/platform/sw/standalone_psu_cortexa53_0 -b /home3/shared/chapman44/cheshire/app_component/build
12:56:32 INFO  : [INFO]: Retargeting app
12:56:32 INFO  : [INFO]: Updating link libraries based on new domain
12:56:32 INFO  : Successfully retargeted Application /home3/shared/chapman44/cheshire/app_component/src
12:56:32 INFO  : Initiating build for the app_component component.
12:56:32 INFO  : bash, -c, empyro build_app -s /home3/shared/chapman44/cheshire/app_component/src -b /home3/shared/chapman44/cheshire/app_component/build
12:56:32 INFO  : Command: bash -c unset CC CXX ;empyro build_app -s /home3/shared/chapman44/cheshire/app_component/src -b /home3/shared/chapman44/cheshire/app_component/build
12:56:34 INFO  : connect -url tcp:127.0.0.1:3121
12:56:34 INFO  : bpremove -all
12:56:34 INFO  : source /home3/CAD/Vitis2025_2/2025.2/Vitis/scripts/vitis/util/zynqmp_utils.tcl
12:56:34 INFO  : Context for 'APU' is selected.
12:56:35 INFO  : System reset is completed.
12:56:38 INFO  : 'after 3000' command is executed.
12:56:38 INFO  : 'targets -set -filter {jtag_cable_name =~ "Platform Cable USB II 00001a50030301" && level==0 && jtag_device_ctx=="jsn-DLC10-00001a50030301-24738093-0"}' command is executed.
12:57:52 INFO  : Device configured successfully with "/home3/shared/chapman44/cheshire/app_component/_ide/bitstream/connect_top.bit"
12:57:52 INFO  : targets -set -nocase -filter {name =~"PSU*" && jtag_cable_name =~ "Platform Cable USB II 00001a50030301" && jtag_device_ctx=="jsn-DLC10-00001a50030301-5ba00477-0"}
12:57:52 INFO  : catch {disable_pmu_gate}
12:57:52 INFO  : targets -set -nocase -filter {name =~"APU*" && jtag_cable_name =~ "Platform Cable USB II 00001a50030301" && jtag_device_ctx=="jsn-DLC10-00001a50030301-5ba00477-0"}
12:57:59 INFO  : loadhw -hw /home3/shared/chapman44/cheshire/platform/export/platform/hw/connect_top.xsa -mem-ranges [list {0x80000000 0xbfffffff} {0x400000000 0x5ffffffff} {0x1000000000 0x7fffffffff}]
12:57:59 INFO  : configparams force-mem-access 1
12:57:59 INFO  : targets -set -nocase -filter {name =~"APU*" && jtag_cable_name =~ "Platform Cable USB II 00001a50030301" && jtag_device_ctx=="jsn-DLC10-00001a50030301-5ba00477-0"}
12:57:59 INFO  : source /home3/CAD/Vitis2025_2/2025.2/Vitis/vitis-server/scripts/jtag_reg.tcl
12:57:59 INFO  : Boot mode is read from the target.
12:57:59 INFO  : Boot mode of the target is set to jtag.
12:57:59 INFO  : targets -set -nocase -filter {name =~ "*A53*#0" && jtag_cable_name =~ "Platform Cable USB II 00001a50030301" && jtag_device_ctx=="jsn-DLC10-00001a50030301-5ba00477-0"}
12:57:59 INFO  : rst -processor
12:58:05 INFO  : dow /home3/shared/chapman44/cheshire/platform/export/platform/sw/boot/fsbl.elf
12:58:05 INFO  : set bp_58_5_fsbl_bp [bpadd -addr &XFsbl_Exit]
12:58:06 INFO  : con -block -timeout 60
12:58:06 INFO  : bpremove $bp_58_5_fsbl_bp
12:58:06 INFO  : targets -set -nocase -filter {name =~ "*A53*#0" && jtag_cable_name =~ "Platform Cable USB II 00001a50030301" && jtag_device_ctx=="jsn-DLC10-00001a50030301-5ba00477-0"}
12:58:06 INFO  : rst -processor
12:58:12 INFO  : dow /home3/shared/chapman44/cheshire/app_component/build/app_component.elf
12:58:12 INFO  : con
12:58:12 INFO  : configparams force-mem-access 0
12:58:13 INFO  : Testing the connection for 127.0.0.1
12:58:40 INFO  : disconnect
13:00:32 INFO  : BSP build will be initiated for Domain zynqmp_fsbl
13:00:32 INFO  : BSP build will be initiated for Domain standalone_psu_cortexa53_0
13:00:32 INFO  : Generating BSP for the domain /home3/shared/chapman44/cheshire/platform/zynqmp_fsbl/zynqmp_fsbl_bsp
13:00:32 INFO  : Generating BSP for the domain /home3/shared/chapman44/cheshire/platform/psu_cortexa53_0/standalone_psu_cortexa53_0/bsp
13:00:32 INFO  : lopper command to reconfigure BSP :empyro reconfig_bsp -d /home3/shared/chapman44/cheshire/platform/zynqmp_fsbl/zynqmp_fsbl_bsp
13:00:32 INFO  : lopper command to reconfigure BSP :empyro reconfig_bsp -d /home3/shared/chapman44/cheshire/platform/psu_cortexa53_0/standalone_psu_cortexa53_0/bsp
13:00:32 INFO  : bash, -c, empyro reconfig_bsp -d /home3/shared/chapman44/cheshire/platform/zynqmp_fsbl/zynqmp_fsbl_bsp
13:00:32 INFO  : bash, -c, empyro reconfig_bsp -d /home3/shared/chapman44/cheshire/platform/psu_cortexa53_0/standalone_psu_cortexa53_0/bsp
13:00:32 INFO  : Domain reconfigured successfully
13:00:32 INFO  : Generating BSP for the domain /home3/shared/chapman44/cheshire/platform/psu_cortexa53_0/standalone_psu_cortexa53_0/bsp
13:00:32 INFO  : lopper command to build BSP :empyro build_bsp -d /home3/shared/chapman44/cheshire/platform/psu_cortexa53_0/standalone_psu_cortexa53_0/bsp
13:00:32 INFO  : bash, -c, empyro build_bsp -d /home3/shared/chapman44/cheshire/platform/psu_cortexa53_0/standalone_psu_cortexa53_0/bsp
13:00:32 INFO  : Domain reconfigured successfully
13:00:32 INFO  : Generating BSP for the domain /home3/shared/chapman44/cheshire/platform/zynqmp_fsbl/zynqmp_fsbl_bsp
13:00:32 INFO  : lopper command to build BSP :empyro build_bsp -d /home3/shared/chapman44/cheshire/platform/zynqmp_fsbl/zynqmp_fsbl_bsp
13:00:32 INFO  : bash, -c, empyro build_bsp -d /home3/shared/chapman44/cheshire/platform/zynqmp_fsbl/zynqmp_fsbl_bsp
13:00:32 INFO  : Domain build successfully
13:00:32 INFO  : Domain build successfully
13:00:32 INFO  : Generating Boot ELFs
13:00:32 INFO  : lopper command to retarget baremetal application :empyro retarget_app -s /home3/shared/chapman44/cheshire/platform/zynqmp_fsbl -d /home3/shared/chapman44/cheshire/platform/zynqmp_fsbl/zynqmp_fsbl_bsp -b /home3/shared/chapman44/cheshire/platform/zynqmp_fsbl/build
13:00:32 INFO  : bash, -c, empyro retarget_app -s /home3/shared/chapman44/cheshire/platform/zynqmp_fsbl -d /home3/shared/chapman44/cheshire/platform/zynqmp_fsbl/zynqmp_fsbl_bsp -b /home3/shared/chapman44/cheshire/platform/zynqmp_fsbl/build
13:00:32 INFO  : [INFO]: Retargeting app
13:00:32 INFO  : [INFO]: Updating link libraries based on new domain
13:00:32 INFO  : Successfully retargeted Application /home3/shared/chapman44/cheshire/platform/zynqmp_fsbl
13:00:32 INFO  : lopper command to build baremetal application :empyro build_app --src_dir /home3/shared/chapman44/cheshire/platform/zynqmp_fsbl --build_dir /home3/shared/chapman44/cheshire/platform/zynqmp_fsbl/build
13:00:32 INFO  : bash, -c, empyro build_app --src_dir /home3/shared/chapman44/cheshire/platform/zynqmp_fsbl --build_dir /home3/shared/chapman44/cheshire/platform/zynqmp_fsbl/build
13:00:35 INFO  : Successfully building the baremetal application/home3/shared/chapman44/cheshire/platform/zynqmp_fsbl/build
13:00:35 INFO  : Generating Export directory
13:00:35 INFO  : Platform Build Finished successfully.
13:00:36 INFO  : lopper command to retarget baremetal application :empyro retarget_app -s /home3/shared/chapman44/cheshire/app_component/src -d /home3/shared/chapman44/cheshire/platform/export/platform/sw/standalone_psu_cortexa53_0 -b /home3/shared/chapman44/cheshire/app_component/build
13:00:36 INFO  : bash, -c, empyro retarget_app -s /home3/shared/chapman44/cheshire/app_component/src -d /home3/shared/chapman44/cheshire/platform/export/platform/sw/standalone_psu_cortexa53_0 -b /home3/shared/chapman44/cheshire/app_component/build
13:00:36 INFO  : [INFO]: Retargeting app
13:00:36 INFO  : [INFO]: Updating link libraries based on new domain
13:00:36 INFO  : Successfully retargeted Application /home3/shared/chapman44/cheshire/app_component/src
13:00:36 INFO  : Initiating build for the app_component component.
13:00:36 INFO  : bash, -c, empyro build_app -s /home3/shared/chapman44/cheshire/app_component/src -b /home3/shared/chapman44/cheshire/app_component/build
13:00:36 INFO  : Command: bash -c unset CC CXX ;empyro build_app -s /home3/shared/chapman44/cheshire/app_component/src -b /home3/shared/chapman44/cheshire/app_component/build
13:00:45 INFO  : connect -url tcp:127.0.0.1:3121
13:00:45 INFO  : bpremove -all
13:00:45 INFO  : source /home3/CAD/Vitis2025_2/2025.2/Vitis/scripts/vitis/util/zynqmp_utils.tcl
13:00:46 INFO  : Context for 'APU' is selected.
13:00:46 INFO  : System reset is completed.
13:00:49 INFO  : 'after 3000' command is executed.
13:00:49 INFO  : 'targets -set -filter {jtag_cable_name =~ "Platform Cable USB II 00001a50030301" && level==0 && jtag_device_ctx=="jsn-DLC10-00001a50030301-24738093-0"}' command is executed.
13:02:03 INFO  : Device configured successfully with "/home3/shared/chapman44/cheshire/app_component/_ide/bitstream/connect_top.bit"
13:02:03 INFO  : targets -set -nocase -filter {name =~"PSU*" && jtag_cable_name =~ "Platform Cable USB II 00001a50030301" && jtag_device_ctx=="jsn-DLC10-00001a50030301-5ba00477-0"}
13:02:04 INFO  : catch {disable_pmu_gate}
13:02:04 INFO  : targets -set -nocase -filter {name =~"APU*" && jtag_cable_name =~ "Platform Cable USB II 00001a50030301" && jtag_device_ctx=="jsn-DLC10-00001a50030301-5ba00477-0"}
13:02:09 INFO  : loadhw -hw /home3/shared/chapman44/cheshire/platform/export/platform/hw/connect_top.xsa -mem-ranges [list {0x80000000 0xbfffffff} {0x400000000 0x5ffffffff} {0x1000000000 0x7fffffffff}]
13:02:09 INFO  : configparams force-mem-access 1
13:02:10 INFO  : targets -set -nocase -filter {name =~"APU*" && jtag_cable_name =~ "Platform Cable USB II 00001a50030301" && jtag_device_ctx=="jsn-DLC10-00001a50030301-5ba00477-0"}
13:02:10 INFO  : source /home3/CAD/Vitis2025_2/2025.2/Vitis/vitis-server/scripts/jtag_reg.tcl
13:02:10 INFO  : Boot mode is read from the target.
13:02:10 INFO  : Boot mode of the target is set to jtag.
13:02:10 INFO  : targets -set -nocase -filter {name =~ "*A53*#0" && jtag_cable_name =~ "Platform Cable USB II 00001a50030301" && jtag_device_ctx=="jsn-DLC10-00001a50030301-5ba00477-0"}
13:02:10 INFO  : rst -processor
13:02:16 INFO  : dow /home3/shared/chapman44/cheshire/platform/export/platform/sw/boot/fsbl.elf
13:02:16 INFO  : set bp_2_16_fsbl_bp [bpadd -addr &XFsbl_Exit]
13:02:17 INFO  : con -block -timeout 60
13:02:17 INFO  : bpremove $bp_2_16_fsbl_bp
13:02:17 INFO  : targets -set -nocase -filter {name =~ "*A53*#0" && jtag_cable_name =~ "Platform Cable USB II 00001a50030301" && jtag_device_ctx=="jsn-DLC10-00001a50030301-5ba00477-0"}
13:02:17 INFO  : rst -processor
13:02:23 INFO  : dow /home3/shared/chapman44/cheshire/app_component/build/app_component.elf
13:02:23 INFO  : con
13:02:23 INFO  : configparams force-mem-access 0
13:02:24 INFO  : Testing the connection for 127.0.0.1
13:02:43 INFO  : disconnect
13:03:00 INFO  : BSP build will be initiated for Domain standalone_psu_cortexa53_0
13:03:00 INFO  : BSP build will be initiated for Domain zynqmp_fsbl
13:03:00 INFO  : Generating BSP for the domain /home3/shared/chapman44/cheshire/platform/psu_cortexa53_0/standalone_psu_cortexa53_0/bsp
13:03:00 INFO  : Generating BSP for the domain /home3/shared/chapman44/cheshire/platform/zynqmp_fsbl/zynqmp_fsbl_bsp
13:03:00 INFO  : lopper command to reconfigure BSP :empyro reconfig_bsp -d /home3/shared/chapman44/cheshire/platform/psu_cortexa53_0/standalone_psu_cortexa53_0/bsp
13:03:00 INFO  : lopper command to reconfigure BSP :empyro reconfig_bsp -d /home3/shared/chapman44/cheshire/platform/zynqmp_fsbl/zynqmp_fsbl_bsp
13:03:00 INFO  : bash, -c, empyro reconfig_bsp -d /home3/shared/chapman44/cheshire/platform/zynqmp_fsbl/zynqmp_fsbl_bsp
13:03:00 INFO  : bash, -c, empyro reconfig_bsp -d /home3/shared/chapman44/cheshire/platform/psu_cortexa53_0/standalone_psu_cortexa53_0/bsp
13:03:00 INFO  : Domain reconfigured successfully
13:03:00 INFO  : Generating BSP for the domain /home3/shared/chapman44/cheshire/platform/psu_cortexa53_0/standalone_psu_cortexa53_0/bsp
13:03:00 INFO  : lopper command to build BSP :empyro build_bsp -d /home3/shared/chapman44/cheshire/platform/psu_cortexa53_0/standalone_psu_cortexa53_0/bsp
13:03:00 INFO  : bash, -c, empyro build_bsp -d /home3/shared/chapman44/cheshire/platform/psu_cortexa53_0/standalone_psu_cortexa53_0/bsp
13:03:00 INFO  : Domain reconfigured successfully
13:03:00 INFO  : Generating BSP for the domain /home3/shared/chapman44/cheshire/platform/zynqmp_fsbl/zynqmp_fsbl_bsp
13:03:00 INFO  : lopper command to build BSP :empyro build_bsp -d /home3/shared/chapman44/cheshire/platform/zynqmp_fsbl/zynqmp_fsbl_bsp
13:03:00 INFO  : bash, -c, empyro build_bsp -d /home3/shared/chapman44/cheshire/platform/zynqmp_fsbl/zynqmp_fsbl_bsp
13:03:00 INFO  : Domain build successfully
13:03:00 INFO  : Domain build successfully
13:03:00 INFO  : Generating Boot ELFs
13:03:00 INFO  : lopper command to retarget baremetal application :empyro retarget_app -s /home3/shared/chapman44/cheshire/platform/zynqmp_fsbl -d /home3/shared/chapman44/cheshire/platform/zynqmp_fsbl/zynqmp_fsbl_bsp -b /home3/shared/chapman44/cheshire/platform/zynqmp_fsbl/build
13:03:00 INFO  : bash, -c, empyro retarget_app -s /home3/shared/chapman44/cheshire/platform/zynqmp_fsbl -d /home3/shared/chapman44/cheshire/platform/zynqmp_fsbl/zynqmp_fsbl_bsp -b /home3/shared/chapman44/cheshire/platform/zynqmp_fsbl/build
13:03:01 INFO  : [INFO]: Retargeting app
13:03:01 INFO  : [INFO]: Updating link libraries based on new domain
13:03:01 INFO  : Successfully retargeted Application /home3/shared/chapman44/cheshire/platform/zynqmp_fsbl
13:03:01 INFO  : lopper command to build baremetal application :empyro build_app --src_dir /home3/shared/chapman44/cheshire/platform/zynqmp_fsbl --build_dir /home3/shared/chapman44/cheshire/platform/zynqmp_fsbl/build
13:03:01 INFO  : bash, -c, empyro build_app --src_dir /home3/shared/chapman44/cheshire/platform/zynqmp_fsbl --build_dir /home3/shared/chapman44/cheshire/platform/zynqmp_fsbl/build
13:03:03 INFO  : Successfully building the baremetal application/home3/shared/chapman44/cheshire/platform/zynqmp_fsbl/build
13:03:03 INFO  : Generating Export directory
13:03:03 INFO  : Platform Build Finished successfully.
13:03:04 INFO  : lopper command to retarget baremetal application :empyro retarget_app -s /home3/shared/chapman44/cheshire/app_component/src -d /home3/shared/chapman44/cheshire/platform/export/platform/sw/standalone_psu_cortexa53_0 -b /home3/shared/chapman44/cheshire/app_component/build
13:03:04 INFO  : bash, -c, empyro retarget_app -s /home3/shared/chapman44/cheshire/app_component/src -d /home3/shared/chapman44/cheshire/platform/export/platform/sw/standalone_psu_cortexa53_0 -b /home3/shared/chapman44/cheshire/app_component/build
13:03:04 INFO  : [INFO]: Retargeting app
13:03:04 INFO  : [INFO]: Updating link libraries based on new domain
13:03:04 INFO  : Successfully retargeted Application /home3/shared/chapman44/cheshire/app_component/src
13:03:04 INFO  : Initiating build for the app_component component.
13:03:04 INFO  : bash, -c, empyro build_app -s /home3/shared/chapman44/cheshire/app_component/src -b /home3/shared/chapman44/cheshire/app_component/build
13:03:04 INFO  : Command: bash -c unset CC CXX ;empyro build_app -s /home3/shared/chapman44/cheshire/app_component/src -b /home3/shared/chapman44/cheshire/app_component/build
13:03:08 INFO  : connect -url tcp:127.0.0.1:3121
13:03:08 INFO  : bpremove -all
13:03:08 INFO  : source /home3/CAD/Vitis2025_2/2025.2/Vitis/scripts/vitis/util/zynqmp_utils.tcl
13:03:09 INFO  : Context for 'APU' is selected.
13:03:09 INFO  : System reset is completed.
13:03:12 INFO  : 'after 3000' command is executed.
13:03:12 INFO  : 'targets -set -filter {jtag_cable_name =~ "Platform Cable USB II 00001a50030301" && level==0 && jtag_device_ctx=="jsn-DLC10-00001a50030301-24738093-0"}' command is executed.
13:04:27 INFO  : Device configured successfully with "/home3/shared/chapman44/cheshire/app_component/_ide/bitstream/connect_top.bit"
13:04:27 INFO  : targets -set -nocase -filter {name =~"PSU*" && jtag_cable_name =~ "Platform Cable USB II 00001a50030301" && jtag_device_ctx=="jsn-DLC10-00001a50030301-5ba00477-0"}
13:04:27 INFO  : catch {disable_pmu_gate}
13:04:27 INFO  : targets -set -nocase -filter {name =~"APU*" && jtag_cable_name =~ "Platform Cable USB II 00001a50030301" && jtag_device_ctx=="jsn-DLC10-00001a50030301-5ba00477-0"}
13:04:33 INFO  : loadhw -hw /home3/shared/chapman44/cheshire/platform/export/platform/hw/connect_top.xsa -mem-ranges [list {0x80000000 0xbfffffff} {0x400000000 0x5ffffffff} {0x1000000000 0x7fffffffff}]
13:04:33 INFO  : configparams force-mem-access 1
13:04:33 INFO  : targets -set -nocase -filter {name =~"APU*" && jtag_cable_name =~ "Platform Cable USB II 00001a50030301" && jtag_device_ctx=="jsn-DLC10-00001a50030301-5ba00477-0"}
13:04:33 INFO  : source /home3/CAD/Vitis2025_2/2025.2/Vitis/vitis-server/scripts/jtag_reg.tcl
13:04:33 INFO  : Boot mode is read from the target.
13:04:33 INFO  : Boot mode of the target is set to jtag.
13:04:33 INFO  : targets -set -nocase -filter {name =~ "*A53*#0" && jtag_cable_name =~ "Platform Cable USB II 00001a50030301" && jtag_device_ctx=="jsn-DLC10-00001a50030301-5ba00477-0"}
13:04:33 INFO  : rst -processor
13:04:40 INFO  : dow /home3/shared/chapman44/cheshire/platform/export/platform/sw/boot/fsbl.elf
13:04:40 INFO  : set bp_4_40_fsbl_bp [bpadd -addr &XFsbl_Exit]
13:04:41 INFO  : con -block -timeout 60
13:04:41 INFO  : bpremove $bp_4_40_fsbl_bp
13:04:41 INFO  : targets -set -nocase -filter {name =~ "*A53*#0" && jtag_cable_name =~ "Platform Cable USB II 00001a50030301" && jtag_device_ctx=="jsn-DLC10-00001a50030301-5ba00477-0"}
13:04:41 INFO  : rst -processor
13:04:47 INFO  : dow /home3/shared/chapman44/cheshire/app_component/build/app_component.elf
13:04:47 INFO  : con
13:04:47 INFO  : configparams force-mem-access 0
13:04:48 INFO  : Testing the connection for 127.0.0.1
13:04:54 INFO  : disconnect
13:08:37 INFO  : BSP build will be initiated for Domain zynqmp_fsbl
13:08:37 INFO  : BSP build will be initiated for Domain standalone_psu_cortexa53_0
13:08:37 INFO  : Generating BSP for the domain /home3/shared/chapman44/cheshire/platform/zynqmp_fsbl/zynqmp_fsbl_bsp
13:08:37 INFO  : lopper command to reconfigure BSP :empyro reconfig_bsp -d /home3/shared/chapman44/cheshire/platform/zynqmp_fsbl/zynqmp_fsbl_bsp
13:08:37 INFO  : Generating BSP for the domain /home3/shared/chapman44/cheshire/platform/psu_cortexa53_0/standalone_psu_cortexa53_0/bsp
13:08:37 INFO  : lopper command to reconfigure BSP :empyro reconfig_bsp -d /home3/shared/chapman44/cheshire/platform/psu_cortexa53_0/standalone_psu_cortexa53_0/bsp
13:08:37 INFO  : bash, -c, empyro reconfig_bsp -d /home3/shared/chapman44/cheshire/platform/psu_cortexa53_0/standalone_psu_cortexa53_0/bsp
13:08:37 INFO  : bash, -c, empyro reconfig_bsp -d /home3/shared/chapman44/cheshire/platform/zynqmp_fsbl/zynqmp_fsbl_bsp
13:08:37 INFO  : Domain reconfigured successfully
13:08:37 INFO  : Generating BSP for the domain /home3/shared/chapman44/cheshire/platform/psu_cortexa53_0/standalone_psu_cortexa53_0/bsp
13:08:37 INFO  : lopper command to build BSP :empyro build_bsp -d /home3/shared/chapman44/cheshire/platform/psu_cortexa53_0/standalone_psu_cortexa53_0/bsp
13:08:37 INFO  : bash, -c, empyro build_bsp -d /home3/shared/chapman44/cheshire/platform/psu_cortexa53_0/standalone_psu_cortexa53_0/bsp
13:08:37 INFO  : Domain reconfigured successfully
13:08:37 INFO  : Generating BSP for the domain /home3/shared/chapman44/cheshire/platform/zynqmp_fsbl/zynqmp_fsbl_bsp
13:08:37 INFO  : lopper command to build BSP :empyro build_bsp -d /home3/shared/chapman44/cheshire/platform/zynqmp_fsbl/zynqmp_fsbl_bsp
13:08:37 INFO  : bash, -c, empyro build_bsp -d /home3/shared/chapman44/cheshire/platform/zynqmp_fsbl/zynqmp_fsbl_bsp
13:08:37 INFO  : Domain build successfully
13:08:37 INFO  : Domain build successfully
13:08:37 INFO  : Generating Boot ELFs
13:08:37 INFO  : lopper command to retarget baremetal application :empyro retarget_app -s /home3/shared/chapman44/cheshire/platform/zynqmp_fsbl -d /home3/shared/chapman44/cheshire/platform/zynqmp_fsbl/zynqmp_fsbl_bsp -b /home3/shared/chapman44/cheshire/platform/zynqmp_fsbl/build
13:08:37 INFO  : bash, -c, empyro retarget_app -s /home3/shared/chapman44/cheshire/platform/zynqmp_fsbl -d /home3/shared/chapman44/cheshire/platform/zynqmp_fsbl/zynqmp_fsbl_bsp -b /home3/shared/chapman44/cheshire/platform/zynqmp_fsbl/build
13:08:37 INFO  : [INFO]: Retargeting app
13:08:37 INFO  : [INFO]: Updating link libraries based on new domain
13:08:37 INFO  : Successfully retargeted Application /home3/shared/chapman44/cheshire/platform/zynqmp_fsbl
13:08:37 INFO  : lopper command to build baremetal application :empyro build_app --src_dir /home3/shared/chapman44/cheshire/platform/zynqmp_fsbl --build_dir /home3/shared/chapman44/cheshire/platform/zynqmp_fsbl/build
13:08:37 INFO  : bash, -c, empyro build_app --src_dir /home3/shared/chapman44/cheshire/platform/zynqmp_fsbl --build_dir /home3/shared/chapman44/cheshire/platform/zynqmp_fsbl/build
13:08:40 INFO  : Successfully building the baremetal application/home3/shared/chapman44/cheshire/platform/zynqmp_fsbl/build
13:08:40 INFO  : Generating Export directory
13:08:40 INFO  : Platform Build Finished successfully.
13:08:41 INFO  : lopper command to retarget baremetal application :empyro retarget_app -s /home3/shared/chapman44/cheshire/app_component/src -d /home3/shared/chapman44/cheshire/platform/export/platform/sw/standalone_psu_cortexa53_0 -b /home3/shared/chapman44/cheshire/app_component/build
13:08:41 INFO  : bash, -c, empyro retarget_app -s /home3/shared/chapman44/cheshire/app_component/src -d /home3/shared/chapman44/cheshire/platform/export/platform/sw/standalone_psu_cortexa53_0 -b /home3/shared/chapman44/cheshire/app_component/build
13:08:41 INFO  : [INFO]: Retargeting app
13:08:41 INFO  : [INFO]: Updating link libraries based on new domain
13:08:41 INFO  : Successfully retargeted Application /home3/shared/chapman44/cheshire/app_component/src
13:08:41 INFO  : Initiating build for the app_component component.
13:08:41 INFO  : bash, -c, empyro build_app -s /home3/shared/chapman44/cheshire/app_component/src -b /home3/shared/chapman44/cheshire/app_component/build
13:08:41 INFO  : Command: bash -c unset CC CXX ;empyro build_app -s /home3/shared/chapman44/cheshire/app_component/src -b /home3/shared/chapman44/cheshire/app_component/build
13:08:43 INFO  : connect -url tcp:127.0.0.1:3121
13:08:43 INFO  : bpremove -all
13:08:43 INFO  : source /home3/CAD/Vitis2025_2/2025.2/Vitis/scripts/vitis/util/zynqmp_utils.tcl
13:08:43 INFO  : Context for 'APU' is selected.
13:08:44 INFO  : System reset is completed.
13:08:47 INFO  : 'after 3000' command is executed.
13:08:47 INFO  : 'targets -set -filter {jtag_cable_name =~ "Platform Cable USB II 00001a50030301" && level==0 && jtag_device_ctx=="jsn-DLC10-00001a50030301-24738093-0"}' command is executed.
13:10:01 INFO  : Device configured successfully with "/home3/shared/chapman44/cheshire/app_component/_ide/bitstream/connect_top.bit"
13:10:01 INFO  : targets -set -nocase -filter {name =~"PSU*" && jtag_cable_name =~ "Platform Cable USB II 00001a50030301" && jtag_device_ctx=="jsn-DLC10-00001a50030301-5ba00477-0"}
13:10:01 INFO  : catch {disable_pmu_gate}
13:10:01 INFO  : targets -set -nocase -filter {name =~"APU*" && jtag_cable_name =~ "Platform Cable USB II 00001a50030301" && jtag_device_ctx=="jsn-DLC10-00001a50030301-5ba00477-0"}
13:10:07 INFO  : loadhw -hw /home3/shared/chapman44/cheshire/platform/export/platform/hw/connect_top.xsa -mem-ranges [list {0x80000000 0xbfffffff} {0x400000000 0x5ffffffff} {0x1000000000 0x7fffffffff}]
13:10:07 INFO  : configparams force-mem-access 1
13:10:07 INFO  : targets -set -nocase -filter {name =~"APU*" && jtag_cable_name =~ "Platform Cable USB II 00001a50030301" && jtag_device_ctx=="jsn-DLC10-00001a50030301-5ba00477-0"}
13:10:07 INFO  : source /home3/CAD/Vitis2025_2/2025.2/Vitis/vitis-server/scripts/jtag_reg.tcl
13:10:07 INFO  : Boot mode is read from the target.
13:10:07 INFO  : Boot mode of the target is set to jtag.
13:10:08 INFO  : targets -set -nocase -filter {name =~ "*A53*#0" && jtag_cable_name =~ "Platform Cable USB II 00001a50030301" && jtag_device_ctx=="jsn-DLC10-00001a50030301-5ba00477-0"}
13:10:08 INFO  : rst -processor
13:10:14 INFO  : dow /home3/shared/chapman44/cheshire/platform/export/platform/sw/boot/fsbl.elf
13:10:14 INFO  : set bp_10_14_fsbl_bp [bpadd -addr &XFsbl_Exit]
13:10:15 INFO  : con -block -timeout 60
13:10:15 INFO  : bpremove $bp_10_14_fsbl_bp
13:10:15 INFO  : targets -set -nocase -filter {name =~ "*A53*#0" && jtag_cable_name =~ "Platform Cable USB II 00001a50030301" && jtag_device_ctx=="jsn-DLC10-00001a50030301-5ba00477-0"}
13:10:15 INFO  : rst -processor
13:10:21 INFO  : dow /home3/shared/chapman44/cheshire/app_component/build/app_component.elf
13:10:21 INFO  : con
13:10:21 INFO  : configparams force-mem-access 0
13:10:22 INFO  : Testing the connection for 127.0.0.1
13:10:32 INFO  : disconnect
13:11:49 INFO  : BSP build will be initiated for Domain standalone_psu_cortexa53_0
13:11:49 INFO  : BSP build will be initiated for Domain zynqmp_fsbl
13:11:49 INFO  : Generating BSP for the domain /home3/shared/chapman44/cheshire/platform/psu_cortexa53_0/standalone_psu_cortexa53_0/bsp
13:11:49 INFO  : Generating BSP for the domain /home3/shared/chapman44/cheshire/platform/zynqmp_fsbl/zynqmp_fsbl_bsp
13:11:49 INFO  : lopper command to reconfigure BSP :empyro reconfig_bsp -d /home3/shared/chapman44/cheshire/platform/psu_cortexa53_0/standalone_psu_cortexa53_0/bsp
13:11:49 INFO  : lopper command to reconfigure BSP :empyro reconfig_bsp -d /home3/shared/chapman44/cheshire/platform/zynqmp_fsbl/zynqmp_fsbl_bsp
13:11:49 INFO  : bash, -c, empyro reconfig_bsp -d /home3/shared/chapman44/cheshire/platform/zynqmp_fsbl/zynqmp_fsbl_bsp
13:11:49 INFO  : bash, -c, empyro reconfig_bsp -d /home3/shared/chapman44/cheshire/platform/psu_cortexa53_0/standalone_psu_cortexa53_0/bsp
13:11:49 INFO  : Domain reconfigured successfully
13:11:49 INFO  : Generating BSP for the domain /home3/shared/chapman44/cheshire/platform/psu_cortexa53_0/standalone_psu_cortexa53_0/bsp
13:11:49 INFO  : lopper command to build BSP :empyro build_bsp -d /home3/shared/chapman44/cheshire/platform/psu_cortexa53_0/standalone_psu_cortexa53_0/bsp
13:11:49 INFO  : bash, -c, empyro build_bsp -d /home3/shared/chapman44/cheshire/platform/psu_cortexa53_0/standalone_psu_cortexa53_0/bsp
13:11:49 INFO  : Domain reconfigured successfully
13:11:49 INFO  : Generating BSP for the domain /home3/shared/chapman44/cheshire/platform/zynqmp_fsbl/zynqmp_fsbl_bsp
13:11:49 INFO  : lopper command to build BSP :empyro build_bsp -d /home3/shared/chapman44/cheshire/platform/zynqmp_fsbl/zynqmp_fsbl_bsp
13:11:49 INFO  : bash, -c, empyro build_bsp -d /home3/shared/chapman44/cheshire/platform/zynqmp_fsbl/zynqmp_fsbl_bsp
13:11:49 INFO  : Domain build successfully
13:11:49 INFO  : Domain build successfully
13:11:49 INFO  : Generating Boot ELFs
13:11:49 INFO  : lopper command to retarget baremetal application :empyro retarget_app -s /home3/shared/chapman44/cheshire/platform/zynqmp_fsbl -d /home3/shared/chapman44/cheshire/platform/zynqmp_fsbl/zynqmp_fsbl_bsp -b /home3/shared/chapman44/cheshire/platform/zynqmp_fsbl/build
13:11:49 INFO  : bash, -c, empyro retarget_app -s /home3/shared/chapman44/cheshire/platform/zynqmp_fsbl -d /home3/shared/chapman44/cheshire/platform/zynqmp_fsbl/zynqmp_fsbl_bsp -b /home3/shared/chapman44/cheshire/platform/zynqmp_fsbl/build
13:11:49 INFO  : [INFO]: Retargeting app
13:11:49 INFO  : [INFO]: Updating link libraries based on new domain
13:11:49 INFO  : Successfully retargeted Application /home3/shared/chapman44/cheshire/platform/zynqmp_fsbl
13:11:49 INFO  : lopper command to build baremetal application :empyro build_app --src_dir /home3/shared/chapman44/cheshire/platform/zynqmp_fsbl --build_dir /home3/shared/chapman44/cheshire/platform/zynqmp_fsbl/build
13:11:49 INFO  : bash, -c, empyro build_app --src_dir /home3/shared/chapman44/cheshire/platform/zynqmp_fsbl --build_dir /home3/shared/chapman44/cheshire/platform/zynqmp_fsbl/build
13:11:52 INFO  : Successfully building the baremetal application/home3/shared/chapman44/cheshire/platform/zynqmp_fsbl/build
13:11:52 INFO  : Generating Export directory
13:11:52 INFO  : Platform Build Finished successfully.
13:11:53 INFO  : lopper command to retarget baremetal application :empyro retarget_app -s /home3/shared/chapman44/cheshire/app_component/src -d /home3/shared/chapman44/cheshire/platform/export/platform/sw/standalone_psu_cortexa53_0 -b /home3/shared/chapman44/cheshire/app_component/build
13:11:53 INFO  : bash, -c, empyro retarget_app -s /home3/shared/chapman44/cheshire/app_component/src -d /home3/shared/chapman44/cheshire/platform/export/platform/sw/standalone_psu_cortexa53_0 -b /home3/shared/chapman44/cheshire/app_component/build
13:11:53 INFO  : [INFO]: Retargeting app
13:11:53 INFO  : [INFO]: Updating link libraries based on new domain
13:11:53 INFO  : Successfully retargeted Application /home3/shared/chapman44/cheshire/app_component/src
13:11:53 INFO  : Initiating build for the app_component component.
13:11:53 INFO  : bash, -c, empyro build_app -s /home3/shared/chapman44/cheshire/app_component/src -b /home3/shared/chapman44/cheshire/app_component/build
13:11:53 INFO  : Command: bash -c unset CC CXX ;empyro build_app -s /home3/shared/chapman44/cheshire/app_component/src -b /home3/shared/chapman44/cheshire/app_component/build
13:11:56 INFO  : connect -url tcp:127.0.0.1:3121
13:11:56 INFO  : bpremove -all
13:11:56 INFO  : source /home3/CAD/Vitis2025_2/2025.2/Vitis/scripts/vitis/util/zynqmp_utils.tcl
13:12:05 ERROR : Failed to initialize the hardware. Could not find ARM device on the board for connection 'Local'.
Check if the target is in:
1. Split JTAG - No operations are possible with ARM DAP.
2. Non JTAG bootmode - Bootrom may need time to enable DAP.
Please try again.


Troubleshooting hints:
1. Check whether board is connected to system properly.
2. In case of zynq board, check whether Digilent/Xilinx cable switch settings are correct.
3. If you are using Xilinx Platform Cable USB, ensure that status LED is green.
13:13:23 INFO  : BSP build will be initiated for Domain zynqmp_fsbl
13:13:23 INFO  : BSP build will be initiated for Domain standalone_psu_cortexa53_0
13:13:23 INFO  : Generating BSP for the domain /home3/shared/chapman44/cheshire/platform/zynqmp_fsbl/zynqmp_fsbl_bsp
13:13:23 INFO  : Generating BSP for the domain /home3/shared/chapman44/cheshire/platform/psu_cortexa53_0/standalone_psu_cortexa53_0/bsp
13:13:23 INFO  : lopper command to reconfigure BSP :empyro reconfig_bsp -d /home3/shared/chapman44/cheshire/platform/zynqmp_fsbl/zynqmp_fsbl_bsp
13:13:23 INFO  : lopper command to reconfigure BSP :empyro reconfig_bsp -d /home3/shared/chapman44/cheshire/platform/psu_cortexa53_0/standalone_psu_cortexa53_0/bsp
13:13:23 INFO  : bash, -c, empyro reconfig_bsp -d /home3/shared/chapman44/cheshire/platform/zynqmp_fsbl/zynqmp_fsbl_bsp
13:13:23 INFO  : bash, -c, empyro reconfig_bsp -d /home3/shared/chapman44/cheshire/platform/psu_cortexa53_0/standalone_psu_cortexa53_0/bsp
13:13:23 INFO  : Domain reconfigured successfully
13:13:23 INFO  : Generating BSP for the domain /home3/shared/chapman44/cheshire/platform/psu_cortexa53_0/standalone_psu_cortexa53_0/bsp
13:13:23 INFO  : lopper command to build BSP :empyro build_bsp -d /home3/shared/chapman44/cheshire/platform/psu_cortexa53_0/standalone_psu_cortexa53_0/bsp
13:13:23 INFO  : bash, -c, empyro build_bsp -d /home3/shared/chapman44/cheshire/platform/psu_cortexa53_0/standalone_psu_cortexa53_0/bsp
13:13:23 INFO  : Domain reconfigured successfully
13:13:23 INFO  : Generating BSP for the domain /home3/shared/chapman44/cheshire/platform/zynqmp_fsbl/zynqmp_fsbl_bsp
13:13:23 INFO  : lopper command to build BSP :empyro build_bsp -d /home3/shared/chapman44/cheshire/platform/zynqmp_fsbl/zynqmp_fsbl_bsp
13:13:23 INFO  : bash, -c, empyro build_bsp -d /home3/shared/chapman44/cheshire/platform/zynqmp_fsbl/zynqmp_fsbl_bsp
13:13:24 INFO  : Domain build successfully
13:13:24 INFO  : Domain build successfully
13:13:24 INFO  : Generating Boot ELFs
13:13:24 INFO  : lopper command to retarget baremetal application :empyro retarget_app -s /home3/shared/chapman44/cheshire/platform/zynqmp_fsbl -d /home3/shared/chapman44/cheshire/platform/zynqmp_fsbl/zynqmp_fsbl_bsp -b /home3/shared/chapman44/cheshire/platform/zynqmp_fsbl/build
13:13:24 INFO  : bash, -c, empyro retarget_app -s /home3/shared/chapman44/cheshire/platform/zynqmp_fsbl -d /home3/shared/chapman44/cheshire/platform/zynqmp_fsbl/zynqmp_fsbl_bsp -b /home3/shared/chapman44/cheshire/platform/zynqmp_fsbl/build
13:13:24 INFO  : [INFO]: Retargeting app
13:13:24 INFO  : [INFO]: Updating link libraries based on new domain
13:13:24 INFO  : Successfully retargeted Application /home3/shared/chapman44/cheshire/platform/zynqmp_fsbl
13:13:24 INFO  : lopper command to build baremetal application :empyro build_app --src_dir /home3/shared/chapman44/cheshire/platform/zynqmp_fsbl --build_dir /home3/shared/chapman44/cheshire/platform/zynqmp_fsbl/build
13:13:24 INFO  : bash, -c, empyro build_app --src_dir /home3/shared/chapman44/cheshire/platform/zynqmp_fsbl --build_dir /home3/shared/chapman44/cheshire/platform/zynqmp_fsbl/build
13:13:27 INFO  : Successfully building the baremetal application/home3/shared/chapman44/cheshire/platform/zynqmp_fsbl/build
13:13:27 INFO  : Generating Export directory
13:13:27 INFO  : Platform Build Finished successfully.
13:13:27 INFO  : lopper command to retarget baremetal application :empyro retarget_app -s /home3/shared/chapman44/cheshire/app_component/src -d /home3/shared/chapman44/cheshire/platform/export/platform/sw/standalone_psu_cortexa53_0 -b /home3/shared/chapman44/cheshire/app_component/build
13:13:27 INFO  : bash, -c, empyro retarget_app -s /home3/shared/chapman44/cheshire/app_component/src -d /home3/shared/chapman44/cheshire/platform/export/platform/sw/standalone_psu_cortexa53_0 -b /home3/shared/chapman44/cheshire/app_component/build
13:13:28 INFO  : [INFO]: Retargeting app
13:13:28 INFO  : [INFO]: Updating link libraries based on new domain
13:13:28 INFO  : Successfully retargeted Application /home3/shared/chapman44/cheshire/app_component/src
13:13:28 INFO  : Initiating build for the app_component component.
13:13:28 INFO  : bash, -c, empyro build_app -s /home3/shared/chapman44/cheshire/app_component/src -b /home3/shared/chapman44/cheshire/app_component/build
13:13:28 INFO  : Command: bash -c unset CC CXX ;empyro build_app -s /home3/shared/chapman44/cheshire/app_component/src -b /home3/shared/chapman44/cheshire/app_component/build
13:13:36 INFO  : connect -url tcp:127.0.0.1:3121
13:13:36 INFO  : bpremove -all
13:13:36 INFO  : source /home3/CAD/Vitis2025_2/2025.2/Vitis/scripts/vitis/util/zynqmp_utils.tcl
13:13:36 INFO  : Context for 'APU' is selected.
13:13:36 INFO  : System reset is completed.
13:13:39 INFO  : 'after 3000' command is executed.
13:13:39 INFO  : 'targets -set -filter {jtag_cable_name =~ "Platform Cable USB II 00001a50030301" && level==0 && jtag_device_ctx=="jsn-DLC10-00001a50030301-24738093-0"}' command is executed.
13:14:54 INFO  : Device configured successfully with "/home3/shared/chapman44/cheshire/app_component/_ide/bitstream/connect_top.bit"
13:14:54 INFO  : targets -set -nocase -filter {name =~"PSU*" && jtag_cable_name =~ "Platform Cable USB II 00001a50030301" && jtag_device_ctx=="jsn-DLC10-00001a50030301-5ba00477-0"}
13:14:54 INFO  : catch {disable_pmu_gate}
13:14:54 INFO  : targets -set -nocase -filter {name =~"APU*" && jtag_cable_name =~ "Platform Cable USB II 00001a50030301" && jtag_device_ctx=="jsn-DLC10-00001a50030301-5ba00477-0"}
13:15:00 INFO  : loadhw -hw /home3/shared/chapman44/cheshire/platform/export/platform/hw/connect_top.xsa -mem-ranges [list {0x80000000 0xbfffffff} {0x400000000 0x5ffffffff} {0x1000000000 0x7fffffffff}]
13:15:00 INFO  : configparams force-mem-access 1
13:15:00 INFO  : targets -set -nocase -filter {name =~"APU*" && jtag_cable_name =~ "Platform Cable USB II 00001a50030301" && jtag_device_ctx=="jsn-DLC10-00001a50030301-5ba00477-0"}
13:15:00 INFO  : source /home3/CAD/Vitis2025_2/2025.2/Vitis/vitis-server/scripts/jtag_reg.tcl
13:15:00 INFO  : Boot mode is read from the target.
13:15:00 INFO  : Boot mode of the target is set to jtag.
13:15:00 INFO  : targets -set -nocase -filter {name =~ "*A53*#0" && jtag_cable_name =~ "Platform Cable USB II 00001a50030301" && jtag_device_ctx=="jsn-DLC10-00001a50030301-5ba00477-0"}
13:15:00 INFO  : rst -processor
13:15:06 INFO  : dow /home3/shared/chapman44/cheshire/platform/export/platform/sw/boot/fsbl.elf
13:15:06 INFO  : set bp_15_6_fsbl_bp [bpadd -addr &XFsbl_Exit]
13:15:07 INFO  : con -block -timeout 60
13:15:07 INFO  : bpremove $bp_15_6_fsbl_bp
13:15:07 INFO  : targets -set -nocase -filter {name =~ "*A53*#0" && jtag_cable_name =~ "Platform Cable USB II 00001a50030301" && jtag_device_ctx=="jsn-DLC10-00001a50030301-5ba00477-0"}
13:15:07 INFO  : rst -processor
13:15:13 INFO  : dow /home3/shared/chapman44/cheshire/app_component/build/app_component.elf
13:15:13 INFO  : con
13:15:13 INFO  : configparams force-mem-access 0
13:15:14 INFO  : Testing the connection for 127.0.0.1
13:16:08 INFO  : disconnect
13:16:45 INFO  : BSP build will be initiated for Domain standalone_psu_cortexa53_0
13:16:45 INFO  : BSP build will be initiated for Domain zynqmp_fsbl
13:16:45 INFO  : Generating BSP for the domain /home3/shared/chapman44/cheshire/platform/psu_cortexa53_0/standalone_psu_cortexa53_0/bsp
13:16:45 INFO  : Generating BSP for the domain /home3/shared/chapman44/cheshire/platform/zynqmp_fsbl/zynqmp_fsbl_bsp
13:16:45 INFO  : lopper command to reconfigure BSP :empyro reconfig_bsp -d /home3/shared/chapman44/cheshire/platform/psu_cortexa53_0/standalone_psu_cortexa53_0/bsp
13:16:45 INFO  : lopper command to reconfigure BSP :empyro reconfig_bsp -d /home3/shared/chapman44/cheshire/platform/zynqmp_fsbl/zynqmp_fsbl_bsp
13:16:45 INFO  : bash, -c, empyro reconfig_bsp -d /home3/shared/chapman44/cheshire/platform/zynqmp_fsbl/zynqmp_fsbl_bsp
13:16:45 INFO  : bash, -c, empyro reconfig_bsp -d /home3/shared/chapman44/cheshire/platform/psu_cortexa53_0/standalone_psu_cortexa53_0/bsp
13:16:45 INFO  : Domain reconfigured successfully
13:16:45 INFO  : Generating BSP for the domain /home3/shared/chapman44/cheshire/platform/psu_cortexa53_0/standalone_psu_cortexa53_0/bsp
13:16:45 INFO  : lopper command to build BSP :empyro build_bsp -d /home3/shared/chapman44/cheshire/platform/psu_cortexa53_0/standalone_psu_cortexa53_0/bsp
13:16:45 INFO  : bash, -c, empyro build_bsp -d /home3/shared/chapman44/cheshire/platform/psu_cortexa53_0/standalone_psu_cortexa53_0/bsp
13:16:45 INFO  : Domain reconfigured successfully
13:16:45 INFO  : Generating BSP for the domain /home3/shared/chapman44/cheshire/platform/zynqmp_fsbl/zynqmp_fsbl_bsp
13:16:45 INFO  : lopper command to build BSP :empyro build_bsp -d /home3/shared/chapman44/cheshire/platform/zynqmp_fsbl/zynqmp_fsbl_bsp
13:16:45 INFO  : bash, -c, empyro build_bsp -d /home3/shared/chapman44/cheshire/platform/zynqmp_fsbl/zynqmp_fsbl_bsp
13:16:46 INFO  : Domain build successfully
13:16:46 INFO  : Domain build successfully
13:16:46 INFO  : Generating Boot ELFs
13:16:46 INFO  : lopper command to retarget baremetal application :empyro retarget_app -s /home3/shared/chapman44/cheshire/platform/zynqmp_fsbl -d /home3/shared/chapman44/cheshire/platform/zynqmp_fsbl/zynqmp_fsbl_bsp -b /home3/shared/chapman44/cheshire/platform/zynqmp_fsbl/build
13:16:46 INFO  : bash, -c, empyro retarget_app -s /home3/shared/chapman44/cheshire/platform/zynqmp_fsbl -d /home3/shared/chapman44/cheshire/platform/zynqmp_fsbl/zynqmp_fsbl_bsp -b /home3/shared/chapman44/cheshire/platform/zynqmp_fsbl/build
13:16:46 INFO  : [INFO]: Retargeting app
13:16:46 INFO  : [INFO]: Updating link libraries based on new domain
13:16:46 INFO  : Successfully retargeted Application /home3/shared/chapman44/cheshire/platform/zynqmp_fsbl
13:16:46 INFO  : lopper command to build baremetal application :empyro build_app --src_dir /home3/shared/chapman44/cheshire/platform/zynqmp_fsbl --build_dir /home3/shared/chapman44/cheshire/platform/zynqmp_fsbl/build
13:16:46 INFO  : bash, -c, empyro build_app --src_dir /home3/shared/chapman44/cheshire/platform/zynqmp_fsbl --build_dir /home3/shared/chapman44/cheshire/platform/zynqmp_fsbl/build
13:16:49 INFO  : Successfully building the baremetal application/home3/shared/chapman44/cheshire/platform/zynqmp_fsbl/build
13:16:49 INFO  : Generating Export directory
13:16:49 INFO  : Platform Build Finished successfully.
13:16:49 INFO  : lopper command to retarget baremetal application :empyro retarget_app -s /home3/shared/chapman44/cheshire/app_component/src -d /home3/shared/chapman44/cheshire/platform/export/platform/sw/standalone_psu_cortexa53_0 -b /home3/shared/chapman44/cheshire/app_component/build
13:16:49 INFO  : bash, -c, empyro retarget_app -s /home3/shared/chapman44/cheshire/app_component/src -d /home3/shared/chapman44/cheshire/platform/export/platform/sw/standalone_psu_cortexa53_0 -b /home3/shared/chapman44/cheshire/app_component/build
13:16:49 INFO  : [INFO]: Retargeting app
13:16:49 INFO  : [INFO]: Updating link libraries based on new domain
13:16:49 INFO  : Successfully retargeted Application /home3/shared/chapman44/cheshire/app_component/src
13:16:49 INFO  : Initiating build for the app_component component.
13:16:49 INFO  : bash, -c, empyro build_app -s /home3/shared/chapman44/cheshire/app_component/src -b /home3/shared/chapman44/cheshire/app_component/build
13:16:49 INFO  : Command: bash -c unset CC CXX ;empyro build_app -s /home3/shared/chapman44/cheshire/app_component/src -b /home3/shared/chapman44/cheshire/app_component/build
13:16:51 INFO  : connect -url tcp:127.0.0.1:3121
13:16:51 INFO  : bpremove -all
13:16:51 INFO  : source /home3/CAD/Vitis2025_2/2025.2/Vitis/scripts/vitis/util/zynqmp_utils.tcl
13:16:52 INFO  : Context for 'APU' is selected.
13:16:52 INFO  : System reset is completed.
13:16:55 INFO  : 'after 3000' command is executed.
13:16:55 INFO  : 'targets -set -filter {jtag_cable_name =~ "Platform Cable USB II 00001a50030301" && level==0 && jtag_device_ctx=="jsn-DLC10-00001a50030301-24738093-0"}' command is executed.
13:18:09 INFO  : Device configured successfully with "/home3/shared/chapman44/cheshire/app_component/_ide/bitstream/connect_top.bit"
13:18:10 INFO  : targets -set -nocase -filter {name =~"PSU*" && jtag_cable_name =~ "Platform Cable USB II 00001a50030301" && jtag_device_ctx=="jsn-DLC10-00001a50030301-5ba00477-0"}
13:18:10 INFO  : catch {disable_pmu_gate}
13:18:10 INFO  : targets -set -nocase -filter {name =~"APU*" && jtag_cable_name =~ "Platform Cable USB II 00001a50030301" && jtag_device_ctx=="jsn-DLC10-00001a50030301-5ba00477-0"}
13:18:16 INFO  : loadhw -hw /home3/shared/chapman44/cheshire/platform/export/platform/hw/connect_top.xsa -mem-ranges [list {0x80000000 0xbfffffff} {0x400000000 0x5ffffffff} {0x1000000000 0x7fffffffff}]
13:18:16 INFO  : configparams force-mem-access 1
13:18:16 INFO  : targets -set -nocase -filter {name =~"APU*" && jtag_cable_name =~ "Platform Cable USB II 00001a50030301" && jtag_device_ctx=="jsn-DLC10-00001a50030301-5ba00477-0"}
13:18:16 INFO  : source /home3/CAD/Vitis2025_2/2025.2/Vitis/vitis-server/scripts/jtag_reg.tcl
13:18:16 INFO  : Boot mode is read from the target.
13:18:16 INFO  : Boot mode of the target is set to jtag.
13:18:16 INFO  : targets -set -nocase -filter {name =~ "*A53*#0" && jtag_cable_name =~ "Platform Cable USB II 00001a50030301" && jtag_device_ctx=="jsn-DLC10-00001a50030301-5ba00477-0"}
13:18:16 INFO  : rst -processor
13:18:22 INFO  : dow /home3/shared/chapman44/cheshire/platform/export/platform/sw/boot/fsbl.elf
13:18:22 INFO  : set bp_18_22_fsbl_bp [bpadd -addr &XFsbl_Exit]
13:18:23 INFO  : con -block -timeout 60
13:18:23 INFO  : bpremove $bp_18_22_fsbl_bp
13:18:23 INFO  : targets -set -nocase -filter {name =~ "*A53*#0" && jtag_cable_name =~ "Platform Cable USB II 00001a50030301" && jtag_device_ctx=="jsn-DLC10-00001a50030301-5ba00477-0"}
13:18:23 INFO  : rst -processor
13:18:29 INFO  : dow /home3/shared/chapman44/cheshire/app_component/build/app_component.elf
13:18:29 INFO  : con
13:18:29 INFO  : configparams force-mem-access 0
13:18:30 INFO  : Testing the connection for 127.0.0.1
13:18:51 INFO  : disconnect
13:18:54 INFO  : connect -url tcp:127.0.0.1:3121
13:18:54 INFO  : bpremove -all
13:18:54 INFO  : source /home3/CAD/Vitis2025_2/2025.2/Vitis/scripts/vitis/util/zynqmp_utils.tcl
13:18:54 INFO  : Context for 'APU' is selected.
13:18:54 INFO  : System reset is completed.
13:18:57 INFO  : 'after 3000' command is executed.
13:18:58 INFO  : 'targets -set -filter {jtag_cable_name =~ "Platform Cable USB II 00001a50030301" && level==0 && jtag_device_ctx=="jsn-DLC10-00001a50030301-24738093-0"}' command is executed.
13:20:12 INFO  : Device configured successfully with "/home3/shared/chapman44/cheshire/app_component/_ide/bitstream/connect_top.bit"
13:20:12 INFO  : targets -set -nocase -filter {name =~"PSU*" && jtag_cable_name =~ "Platform Cable USB II 00001a50030301" && jtag_device_ctx=="jsn-DLC10-00001a50030301-5ba00477-0"}
13:20:12 INFO  : catch {disable_pmu_gate}
13:20:12 INFO  : targets -set -nocase -filter {name =~"APU*" && jtag_cable_name =~ "Platform Cable USB II 00001a50030301" && jtag_device_ctx=="jsn-DLC10-00001a50030301-5ba00477-0"}
13:20:18 INFO  : loadhw -hw /home3/shared/chapman44/cheshire/platform/export/platform/hw/connect_top.xsa -mem-ranges [list {0x80000000 0xbfffffff} {0x400000000 0x5ffffffff} {0x1000000000 0x7fffffffff}]
13:20:18 INFO  : configparams force-mem-access 1
13:20:18 INFO  : targets -set -nocase -filter {name =~"APU*" && jtag_cable_name =~ "Platform Cable USB II 00001a50030301" && jtag_device_ctx=="jsn-DLC10-00001a50030301-5ba00477-0"}
13:20:18 INFO  : source /home3/CAD/Vitis2025_2/2025.2/Vitis/vitis-server/scripts/jtag_reg.tcl
13:20:18 INFO  : Boot mode is read from the target.
13:20:18 INFO  : Boot mode of the target is set to jtag.
13:20:18 INFO  : targets -set -nocase -filter {name =~ "*A53*#0" && jtag_cable_name =~ "Platform Cable USB II 00001a50030301" && jtag_device_ctx=="jsn-DLC10-00001a50030301-5ba00477-0"}
13:20:19 INFO  : rst -processor
13:20:25 INFO  : dow /home3/shared/chapman44/cheshire/platform/export/platform/sw/boot/fsbl.elf
13:20:25 INFO  : set bp_20_25_fsbl_bp [bpadd -addr &XFsbl_Exit]
13:20:26 INFO  : con -block -timeout 60
13:20:26 INFO  : bpremove $bp_20_25_fsbl_bp
13:20:26 INFO  : targets -set -nocase -filter {name =~ "*A53*#0" && jtag_cable_name =~ "Platform Cable USB II 00001a50030301" && jtag_device_ctx=="jsn-DLC10-00001a50030301-5ba00477-0"}
13:20:26 INFO  : rst -processor
13:20:32 INFO  : dow /home3/shared/chapman44/cheshire/app_component/build/app_component.elf
13:20:32 INFO  : con
13:20:32 INFO  : configparams force-mem-access 0
13:20:33 INFO  : Testing the connection for 127.0.0.1
13:20:59 INFO  : disconnect
13:21:24 INFO  : BSP build will be initiated for Domain zynqmp_fsbl
13:21:24 INFO  : BSP build will be initiated for Domain standalone_psu_cortexa53_0
13:21:24 INFO  : Generating BSP for the domain /home3/shared/chapman44/cheshire/platform/zynqmp_fsbl/zynqmp_fsbl_bsp
13:21:24 INFO  : Generating BSP for the domain /home3/shared/chapman44/cheshire/platform/psu_cortexa53_0/standalone_psu_cortexa53_0/bsp
13:21:24 INFO  : lopper command to reconfigure BSP :empyro reconfig_bsp -d /home3/shared/chapman44/cheshire/platform/zynqmp_fsbl/zynqmp_fsbl_bsp
13:21:24 INFO  : lopper command to reconfigure BSP :empyro reconfig_bsp -d /home3/shared/chapman44/cheshire/platform/psu_cortexa53_0/standalone_psu_cortexa53_0/bsp
13:21:24 INFO  : bash, -c, empyro reconfig_bsp -d /home3/shared/chapman44/cheshire/platform/zynqmp_fsbl/zynqmp_fsbl_bsp
13:21:24 INFO  : bash, -c, empyro reconfig_bsp -d /home3/shared/chapman44/cheshire/platform/psu_cortexa53_0/standalone_psu_cortexa53_0/bsp
13:21:24 INFO  : Domain reconfigured successfully
13:21:24 INFO  : Generating BSP for the domain /home3/shared/chapman44/cheshire/platform/psu_cortexa53_0/standalone_psu_cortexa53_0/bsp
13:21:24 INFO  : lopper command to build BSP :empyro build_bsp -d /home3/shared/chapman44/cheshire/platform/psu_cortexa53_0/standalone_psu_cortexa53_0/bsp
13:21:24 INFO  : bash, -c, empyro build_bsp -d /home3/shared/chapman44/cheshire/platform/psu_cortexa53_0/standalone_psu_cortexa53_0/bsp
13:21:24 INFO  : Domain reconfigured successfully
13:21:24 INFO  : Generating BSP for the domain /home3/shared/chapman44/cheshire/platform/zynqmp_fsbl/zynqmp_fsbl_bsp
13:21:24 INFO  : lopper command to build BSP :empyro build_bsp -d /home3/shared/chapman44/cheshire/platform/zynqmp_fsbl/zynqmp_fsbl_bsp
13:21:24 INFO  : bash, -c, empyro build_bsp -d /home3/shared/chapman44/cheshire/platform/zynqmp_fsbl/zynqmp_fsbl_bsp
13:21:24 INFO  : Domain build successfully
13:21:25 INFO  : Domain build successfully
13:21:25 INFO  : Generating Boot ELFs
13:21:25 INFO  : lopper command to retarget baremetal application :empyro retarget_app -s /home3/shared/chapman44/cheshire/platform/zynqmp_fsbl -d /home3/shared/chapman44/cheshire/platform/zynqmp_fsbl/zynqmp_fsbl_bsp -b /home3/shared/chapman44/cheshire/platform/zynqmp_fsbl/build
13:21:25 INFO  : bash, -c, empyro retarget_app -s /home3/shared/chapman44/cheshire/platform/zynqmp_fsbl -d /home3/shared/chapman44/cheshire/platform/zynqmp_fsbl/zynqmp_fsbl_bsp -b /home3/shared/chapman44/cheshire/platform/zynqmp_fsbl/build
13:21:25 INFO  : [INFO]: Retargeting app
13:21:25 INFO  : [INFO]: Updating link libraries based on new domain
13:21:25 INFO  : Successfully retargeted Application /home3/shared/chapman44/cheshire/platform/zynqmp_fsbl
13:21:25 INFO  : lopper command to build baremetal application :empyro build_app --src_dir /home3/shared/chapman44/cheshire/platform/zynqmp_fsbl --build_dir /home3/shared/chapman44/cheshire/platform/zynqmp_fsbl/build
13:21:25 INFO  : bash, -c, empyro build_app --src_dir /home3/shared/chapman44/cheshire/platform/zynqmp_fsbl --build_dir /home3/shared/chapman44/cheshire/platform/zynqmp_fsbl/build
13:21:28 INFO  : Successfully building the baremetal application/home3/shared/chapman44/cheshire/platform/zynqmp_fsbl/build
13:21:28 INFO  : Generating Export directory
13:21:28 INFO  : Platform Build Finished successfully.
13:21:28 INFO  : lopper command to retarget baremetal application :empyro retarget_app -s /home3/shared/chapman44/cheshire/app_component/src -d /home3/shared/chapman44/cheshire/platform/export/platform/sw/standalone_psu_cortexa53_0 -b /home3/shared/chapman44/cheshire/app_component/build
13:21:28 INFO  : bash, -c, empyro retarget_app -s /home3/shared/chapman44/cheshire/app_component/src -d /home3/shared/chapman44/cheshire/platform/export/platform/sw/standalone_psu_cortexa53_0 -b /home3/shared/chapman44/cheshire/app_component/build
13:21:28 INFO  : [INFO]: Retargeting app
13:21:28 INFO  : [INFO]: Updating link libraries based on new domain
13:21:28 INFO  : Successfully retargeted Application /home3/shared/chapman44/cheshire/app_component/src
13:21:28 INFO  : Initiating build for the app_component component.
13:21:28 INFO  : bash, -c, empyro build_app -s /home3/shared/chapman44/cheshire/app_component/src -b /home3/shared/chapman44/cheshire/app_component/build
13:21:28 INFO  : Command: bash -c unset CC CXX ;empyro build_app -s /home3/shared/chapman44/cheshire/app_component/src -b /home3/shared/chapman44/cheshire/app_component/build
13:21:37 INFO  : connect -url tcp:127.0.0.1:3121
13:21:37 INFO  : bpremove -all
13:21:37 INFO  : source /home3/CAD/Vitis2025_2/2025.2/Vitis/scripts/vitis/util/zynqmp_utils.tcl
13:21:37 INFO  : Context for 'APU' is selected.
13:21:38 INFO  : System reset is completed.
13:21:41 INFO  : 'after 3000' command is executed.
13:21:41 INFO  : 'targets -set -filter {jtag_cable_name =~ "Platform Cable USB II 00001a50030301" && level==0 && jtag_device_ctx=="jsn-DLC10-00001a50030301-24738093-0"}' command is executed.
13:22:55 INFO  : Device configured successfully with "/home3/shared/chapman44/cheshire/app_component/_ide/bitstream/connect_top.bit"
13:22:55 INFO  : targets -set -nocase -filter {name =~"PSU*" && jtag_cable_name =~ "Platform Cable USB II 00001a50030301" && jtag_device_ctx=="jsn-DLC10-00001a50030301-5ba00477-0"}
13:22:55 INFO  : catch {disable_pmu_gate}
13:22:55 INFO  : targets -set -nocase -filter {name =~"APU*" && jtag_cable_name =~ "Platform Cable USB II 00001a50030301" && jtag_device_ctx=="jsn-DLC10-00001a50030301-5ba00477-0"}
13:23:01 INFO  : loadhw -hw /home3/shared/chapman44/cheshire/platform/export/platform/hw/connect_top.xsa -mem-ranges [list {0x80000000 0xbfffffff} {0x400000000 0x5ffffffff} {0x1000000000 0x7fffffffff}]
13:23:01 INFO  : configparams force-mem-access 1
13:23:01 INFO  : targets -set -nocase -filter {name =~"APU*" && jtag_cable_name =~ "Platform Cable USB II 00001a50030301" && jtag_device_ctx=="jsn-DLC10-00001a50030301-5ba00477-0"}
13:23:01 INFO  : source /home3/CAD/Vitis2025_2/2025.2/Vitis/vitis-server/scripts/jtag_reg.tcl
13:23:01 INFO  : Boot mode is read from the target.
13:23:01 INFO  : Boot mode of the target is set to jtag.
13:23:01 INFO  : targets -set -nocase -filter {name =~ "*A53*#0" && jtag_cable_name =~ "Platform Cable USB II 00001a50030301" && jtag_device_ctx=="jsn-DLC10-00001a50030301-5ba00477-0"}
13:23:01 INFO  : rst -processor
13:23:07 INFO  : dow /home3/shared/chapman44/cheshire/platform/export/platform/sw/boot/fsbl.elf
13:23:07 INFO  : set bp_23_7_fsbl_bp [bpadd -addr &XFsbl_Exit]
13:23:08 INFO  : con -block -timeout 60
13:23:08 INFO  : bpremove $bp_23_7_fsbl_bp
13:23:08 INFO  : targets -set -nocase -filter {name =~ "*A53*#0" && jtag_cable_name =~ "Platform Cable USB II 00001a50030301" && jtag_device_ctx=="jsn-DLC10-00001a50030301-5ba00477-0"}
13:23:09 INFO  : rst -processor
13:23:15 INFO  : dow /home3/shared/chapman44/cheshire/app_component/build/app_component.elf
13:23:15 INFO  : con
13:23:15 INFO  : configparams force-mem-access 0
13:23:16 INFO  : Testing the connection for 127.0.0.1
13:23:24 INFO  : disconnect
13:23:37 INFO  : BSP build will be initiated for Domain zynqmp_fsbl
13:23:37 INFO  : BSP build will be initiated for Domain standalone_psu_cortexa53_0
13:23:37 INFO  : Generating BSP for the domain /home3/shared/chapman44/cheshire/platform/zynqmp_fsbl/zynqmp_fsbl_bsp
13:23:37 INFO  : Generating BSP for the domain /home3/shared/chapman44/cheshire/platform/psu_cortexa53_0/standalone_psu_cortexa53_0/bsp
13:23:37 INFO  : lopper command to reconfigure BSP :empyro reconfig_bsp -d /home3/shared/chapman44/cheshire/platform/zynqmp_fsbl/zynqmp_fsbl_bsp
13:23:37 INFO  : lopper command to reconfigure BSP :empyro reconfig_bsp -d /home3/shared/chapman44/cheshire/platform/psu_cortexa53_0/standalone_psu_cortexa53_0/bsp
13:23:37 INFO  : bash, -c, empyro reconfig_bsp -d /home3/shared/chapman44/cheshire/platform/psu_cortexa53_0/standalone_psu_cortexa53_0/bsp
13:23:37 INFO  : bash, -c, empyro reconfig_bsp -d /home3/shared/chapman44/cheshire/platform/zynqmp_fsbl/zynqmp_fsbl_bsp
13:23:37 INFO  : Domain reconfigured successfully
13:23:37 INFO  : Generating BSP for the domain /home3/shared/chapman44/cheshire/platform/psu_cortexa53_0/standalone_psu_cortexa53_0/bsp
13:23:37 INFO  : lopper command to build BSP :empyro build_bsp -d /home3/shared/chapman44/cheshire/platform/psu_cortexa53_0/standalone_psu_cortexa53_0/bsp
13:23:37 INFO  : bash, -c, empyro build_bsp -d /home3/shared/chapman44/cheshire/platform/psu_cortexa53_0/standalone_psu_cortexa53_0/bsp
13:23:37 INFO  : Domain reconfigured successfully
13:23:37 INFO  : Generating BSP for the domain /home3/shared/chapman44/cheshire/platform/zynqmp_fsbl/zynqmp_fsbl_bsp
13:23:37 INFO  : lopper command to build BSP :empyro build_bsp -d /home3/shared/chapman44/cheshire/platform/zynqmp_fsbl/zynqmp_fsbl_bsp
13:23:37 INFO  : bash, -c, empyro build_bsp -d /home3/shared/chapman44/cheshire/platform/zynqmp_fsbl/zynqmp_fsbl_bsp
13:23:37 INFO  : Domain build successfully
13:23:37 INFO  : Domain build successfully
13:23:37 INFO  : Generating Boot ELFs
13:23:37 INFO  : lopper command to retarget baremetal application :empyro retarget_app -s /home3/shared/chapman44/cheshire/platform/zynqmp_fsbl -d /home3/shared/chapman44/cheshire/platform/zynqmp_fsbl/zynqmp_fsbl_bsp -b /home3/shared/chapman44/cheshire/platform/zynqmp_fsbl/build
13:23:37 INFO  : bash, -c, empyro retarget_app -s /home3/shared/chapman44/cheshire/platform/zynqmp_fsbl -d /home3/shared/chapman44/cheshire/platform/zynqmp_fsbl/zynqmp_fsbl_bsp -b /home3/shared/chapman44/cheshire/platform/zynqmp_fsbl/build
13:23:37 INFO  : [INFO]: Retargeting app
13:23:37 INFO  : [INFO]: Updating link libraries based on new domain
13:23:37 INFO  : Successfully retargeted Application /home3/shared/chapman44/cheshire/platform/zynqmp_fsbl
13:23:37 INFO  : lopper command to build baremetal application :empyro build_app --src_dir /home3/shared/chapman44/cheshire/platform/zynqmp_fsbl --build_dir /home3/shared/chapman44/cheshire/platform/zynqmp_fsbl/build
13:23:37 INFO  : bash, -c, empyro build_app --src_dir /home3/shared/chapman44/cheshire/platform/zynqmp_fsbl --build_dir /home3/shared/chapman44/cheshire/platform/zynqmp_fsbl/build
13:23:40 INFO  : Successfully building the baremetal application/home3/shared/chapman44/cheshire/platform/zynqmp_fsbl/build
13:23:40 INFO  : Generating Export directory
13:23:40 INFO  : Platform Build Finished successfully.
13:23:41 INFO  : lopper command to retarget baremetal application :empyro retarget_app -s /home3/shared/chapman44/cheshire/app_component/src -d /home3/shared/chapman44/cheshire/platform/export/platform/sw/standalone_psu_cortexa53_0 -b /home3/shared/chapman44/cheshire/app_component/build
13:23:41 INFO  : bash, -c, empyro retarget_app -s /home3/shared/chapman44/cheshire/app_component/src -d /home3/shared/chapman44/cheshire/platform/export/platform/sw/standalone_psu_cortexa53_0 -b /home3/shared/chapman44/cheshire/app_component/build
13:23:41 INFO  : [INFO]: Retargeting app
13:23:41 INFO  : [INFO]: Updating link libraries based on new domain
13:23:41 INFO  : Successfully retargeted Application /home3/shared/chapman44/cheshire/app_component/src
13:23:41 INFO  : Initiating build for the app_component component.
13:23:41 INFO  : bash, -c, empyro build_app -s /home3/shared/chapman44/cheshire/app_component/src -b /home3/shared/chapman44/cheshire/app_component/build
13:23:41 INFO  : Command: bash -c unset CC CXX ;empyro build_app -s /home3/shared/chapman44/cheshire/app_component/src -b /home3/shared/chapman44/cheshire/app_component/build
13:23:53 INFO  : connect -url tcp:127.0.0.1:3121
13:23:53 INFO  : bpremove -all
13:23:53 INFO  : source /home3/CAD/Vitis2025_2/2025.2/Vitis/scripts/vitis/util/zynqmp_utils.tcl
13:23:53 INFO  : Context for 'APU' is selected.
13:23:54 INFO  : System reset is completed.
13:23:57 INFO  : 'after 3000' command is executed.
13:23:57 INFO  : 'targets -set -filter {jtag_cable_name =~ "Platform Cable USB II 00001a50030301" && level==0 && jtag_device_ctx=="jsn-DLC10-00001a50030301-24738093-0"}' command is executed.
13:25:11 INFO  : Device configured successfully with "/home3/shared/chapman44/cheshire/app_component/_ide/bitstream/connect_top.bit"
13:25:11 INFO  : targets -set -nocase -filter {name =~"PSU*" && jtag_cable_name =~ "Platform Cable USB II 00001a50030301" && jtag_device_ctx=="jsn-DLC10-00001a50030301-5ba00477-0"}
13:25:11 INFO  : catch {disable_pmu_gate}
13:25:11 INFO  : targets -set -nocase -filter {name =~"APU*" && jtag_cable_name =~ "Platform Cable USB II 00001a50030301" && jtag_device_ctx=="jsn-DLC10-00001a50030301-5ba00477-0"}
13:25:17 INFO  : loadhw -hw /home3/shared/chapman44/cheshire/platform/export/platform/hw/connect_top.xsa -mem-ranges [list {0x80000000 0xbfffffff} {0x400000000 0x5ffffffff} {0x1000000000 0x7fffffffff}]
13:25:17 INFO  : configparams force-mem-access 1
13:25:17 INFO  : targets -set -nocase -filter {name =~"APU*" && jtag_cable_name =~ "Platform Cable USB II 00001a50030301" && jtag_device_ctx=="jsn-DLC10-00001a50030301-5ba00477-0"}
13:25:17 INFO  : source /home3/CAD/Vitis2025_2/2025.2/Vitis/vitis-server/scripts/jtag_reg.tcl
13:25:17 INFO  : Boot mode is read from the target.
13:25:17 INFO  : Boot mode of the target is set to jtag.
13:25:17 INFO  : targets -set -nocase -filter {name =~ "*A53*#0" && jtag_cable_name =~ "Platform Cable USB II 00001a50030301" && jtag_device_ctx=="jsn-DLC10-00001a50030301-5ba00477-0"}
13:25:17 INFO  : rst -processor
13:25:23 INFO  : dow /home3/shared/chapman44/cheshire/platform/export/platform/sw/boot/fsbl.elf
13:25:23 INFO  : set bp_25_23_fsbl_bp [bpadd -addr &XFsbl_Exit]
13:25:24 INFO  : con -block -timeout 60
13:25:24 INFO  : bpremove $bp_25_23_fsbl_bp
13:25:24 INFO  : targets -set -nocase -filter {name =~ "*A53*#0" && jtag_cable_name =~ "Platform Cable USB II 00001a50030301" && jtag_device_ctx=="jsn-DLC10-00001a50030301-5ba00477-0"}
13:25:25 INFO  : rst -processor
13:25:30 INFO  : dow /home3/shared/chapman44/cheshire/app_component/build/app_component.elf
13:25:30 INFO  : con
13:25:30 INFO  : configparams force-mem-access 0
13:25:32 INFO  : Testing the connection for 127.0.0.1
13:25:38 INFO  : disconnect
13:25:45 INFO  : BSP build will be initiated for Domain zynqmp_fsbl
13:25:45 INFO  : BSP build will be initiated for Domain standalone_psu_cortexa53_0
13:25:45 INFO  : Generating BSP for the domain /home3/shared/chapman44/cheshire/platform/zynqmp_fsbl/zynqmp_fsbl_bsp
13:25:45 INFO  : Generating BSP for the domain /home3/shared/chapman44/cheshire/platform/psu_cortexa53_0/standalone_psu_cortexa53_0/bsp
13:25:45 INFO  : lopper command to reconfigure BSP :empyro reconfig_bsp -d /home3/shared/chapman44/cheshire/platform/psu_cortexa53_0/standalone_psu_cortexa53_0/bsp
13:25:45 INFO  : lopper command to reconfigure BSP :empyro reconfig_bsp -d /home3/shared/chapman44/cheshire/platform/zynqmp_fsbl/zynqmp_fsbl_bsp
13:25:45 INFO  : bash, -c, empyro reconfig_bsp -d /home3/shared/chapman44/cheshire/platform/psu_cortexa53_0/standalone_psu_cortexa53_0/bsp
13:25:45 INFO  : bash, -c, empyro reconfig_bsp -d /home3/shared/chapman44/cheshire/platform/zynqmp_fsbl/zynqmp_fsbl_bsp
13:25:45 INFO  : Domain reconfigured successfully
13:25:45 INFO  : Generating BSP for the domain /home3/shared/chapman44/cheshire/platform/psu_cortexa53_0/standalone_psu_cortexa53_0/bsp
13:25:45 INFO  : lopper command to build BSP :empyro build_bsp -d /home3/shared/chapman44/cheshire/platform/psu_cortexa53_0/standalone_psu_cortexa53_0/bsp
13:25:45 INFO  : bash, -c, empyro build_bsp -d /home3/shared/chapman44/cheshire/platform/psu_cortexa53_0/standalone_psu_cortexa53_0/bsp
13:25:45 INFO  : Domain reconfigured successfully
13:25:45 INFO  : Generating BSP for the domain /home3/shared/chapman44/cheshire/platform/zynqmp_fsbl/zynqmp_fsbl_bsp
13:25:45 INFO  : lopper command to build BSP :empyro build_bsp -d /home3/shared/chapman44/cheshire/platform/zynqmp_fsbl/zynqmp_fsbl_bsp
13:25:45 INFO  : bash, -c, empyro build_bsp -d /home3/shared/chapman44/cheshire/platform/zynqmp_fsbl/zynqmp_fsbl_bsp
13:25:46 INFO  : Domain build successfully
13:25:46 INFO  : Domain build successfully
13:25:46 INFO  : Generating Boot ELFs
13:25:46 INFO  : lopper command to retarget baremetal application :empyro retarget_app -s /home3/shared/chapman44/cheshire/platform/zynqmp_fsbl -d /home3/shared/chapman44/cheshire/platform/zynqmp_fsbl/zynqmp_fsbl_bsp -b /home3/shared/chapman44/cheshire/platform/zynqmp_fsbl/build
13:25:46 INFO  : bash, -c, empyro retarget_app -s /home3/shared/chapman44/cheshire/platform/zynqmp_fsbl -d /home3/shared/chapman44/cheshire/platform/zynqmp_fsbl/zynqmp_fsbl_bsp -b /home3/shared/chapman44/cheshire/platform/zynqmp_fsbl/build
13:25:46 INFO  : [INFO]: Retargeting app
13:25:46 INFO  : [INFO]: Updating link libraries based on new domain
13:25:46 INFO  : Successfully retargeted Application /home3/shared/chapman44/cheshire/platform/zynqmp_fsbl
13:25:46 INFO  : lopper command to build baremetal application :empyro build_app --src_dir /home3/shared/chapman44/cheshire/platform/zynqmp_fsbl --build_dir /home3/shared/chapman44/cheshire/platform/zynqmp_fsbl/build
13:25:46 INFO  : bash, -c, empyro build_app --src_dir /home3/shared/chapman44/cheshire/platform/zynqmp_fsbl --build_dir /home3/shared/chapman44/cheshire/platform/zynqmp_fsbl/build
13:25:49 INFO  : Successfully building the baremetal application/home3/shared/chapman44/cheshire/platform/zynqmp_fsbl/build
13:25:49 INFO  : Generating Export directory
13:25:49 INFO  : Platform Build Finished successfully.
13:25:49 INFO  : lopper command to retarget baremetal application :empyro retarget_app -s /home3/shared/chapman44/cheshire/app_component/src -d /home3/shared/chapman44/cheshire/platform/export/platform/sw/standalone_psu_cortexa53_0 -b /home3/shared/chapman44/cheshire/app_component/build
13:25:49 INFO  : bash, -c, empyro retarget_app -s /home3/shared/chapman44/cheshire/app_component/src -d /home3/shared/chapman44/cheshire/platform/export/platform/sw/standalone_psu_cortexa53_0 -b /home3/shared/chapman44/cheshire/app_component/build
13:25:49 INFO  : [INFO]: Retargeting app
13:25:49 INFO  : [INFO]: Updating link libraries based on new domain
13:25:49 INFO  : Successfully retargeted Application /home3/shared/chapman44/cheshire/app_component/src
13:25:49 INFO  : Initiating build for the app_component component.
13:25:49 INFO  : bash, -c, empyro build_app -s /home3/shared/chapman44/cheshire/app_component/src -b /home3/shared/chapman44/cheshire/app_component/build
13:25:49 INFO  : Command: bash -c unset CC CXX ;empyro build_app -s /home3/shared/chapman44/cheshire/app_component/src -b /home3/shared/chapman44/cheshire/app_component/build
13:26:19 INFO  : connect -url tcp:127.0.0.1:3121
13:26:19 INFO  : bpremove -all
13:26:19 INFO  : source /home3/CAD/Vitis2025_2/2025.2/Vitis/scripts/vitis/util/zynqmp_utils.tcl
13:26:19 INFO  : Context for 'APU' is selected.
13:26:20 INFO  : System reset is completed.
13:26:23 INFO  : 'after 3000' command is executed.
13:26:23 INFO  : 'targets -set -filter {jtag_cable_name =~ "Platform Cable USB II 00001a50030301" && level==0 && jtag_device_ctx=="jsn-DLC10-00001a50030301-24738093-0"}' command is executed.
13:27:37 INFO  : Device configured successfully with "/home3/shared/chapman44/cheshire/app_component/_ide/bitstream/connect_top.bit"
13:27:37 INFO  : targets -set -nocase -filter {name =~"PSU*" && jtag_cable_name =~ "Platform Cable USB II 00001a50030301" && jtag_device_ctx=="jsn-DLC10-00001a50030301-5ba00477-0"}
13:27:37 INFO  : catch {disable_pmu_gate}
13:27:37 INFO  : targets -set -nocase -filter {name =~"APU*" && jtag_cable_name =~ "Platform Cable USB II 00001a50030301" && jtag_device_ctx=="jsn-DLC10-00001a50030301-5ba00477-0"}
13:27:43 INFO  : loadhw -hw /home3/shared/chapman44/cheshire/platform/export/platform/hw/connect_top.xsa -mem-ranges [list {0x80000000 0xbfffffff} {0x400000000 0x5ffffffff} {0x1000000000 0x7fffffffff}]
13:27:43 INFO  : configparams force-mem-access 1
13:27:43 INFO  : targets -set -nocase -filter {name =~"APU*" && jtag_cable_name =~ "Platform Cable USB II 00001a50030301" && jtag_device_ctx=="jsn-DLC10-00001a50030301-5ba00477-0"}
13:27:43 INFO  : source /home3/CAD/Vitis2025_2/2025.2/Vitis/vitis-server/scripts/jtag_reg.tcl
13:27:43 INFO  : Boot mode is read from the target.
13:27:43 INFO  : Boot mode of the target is set to jtag.
13:27:43 INFO  : targets -set -nocase -filter {name =~ "*A53*#0" && jtag_cable_name =~ "Platform Cable USB II 00001a50030301" && jtag_device_ctx=="jsn-DLC10-00001a50030301-5ba00477-0"}
13:27:43 INFO  : rst -processor
13:27:49 INFO  : dow /home3/shared/chapman44/cheshire/platform/export/platform/sw/boot/fsbl.elf
13:27:49 INFO  : set bp_27_49_fsbl_bp [bpadd -addr &XFsbl_Exit]
13:27:50 INFO  : con -block -timeout 60
13:27:50 INFO  : bpremove $bp_27_49_fsbl_bp
13:27:51 INFO  : targets -set -nocase -filter {name =~ "*A53*#0" && jtag_cable_name =~ "Platform Cable USB II 00001a50030301" && jtag_device_ctx=="jsn-DLC10-00001a50030301-5ba00477-0"}
13:27:51 INFO  : rst -processor
13:27:57 INFO  : dow /home3/shared/chapman44/cheshire/app_component/build/app_component.elf
13:27:57 INFO  : con
13:27:57 INFO  : configparams force-mem-access 0
13:27:58 INFO  : Testing the connection for 127.0.0.1
13:28:03 INFO  : disconnect
13:29:39 INFO  : BSP build will be initiated for Domain standalone_psu_cortexa53_0
13:29:39 INFO  : Generating BSP for the domain /home3/shared/chapman44/cheshire/platform/psu_cortexa53_0/standalone_psu_cortexa53_0/bsp
13:29:39 INFO  : lopper command to reconfigure BSP :empyro reconfig_bsp -d /home3/shared/chapman44/cheshire/platform/psu_cortexa53_0/standalone_psu_cortexa53_0/bsp
13:29:39 INFO  : BSP build will be initiated for Domain zynqmp_fsbl
13:29:39 INFO  : bash, -c, empyro reconfig_bsp -d /home3/shared/chapman44/cheshire/platform/psu_cortexa53_0/standalone_psu_cortexa53_0/bsp
13:29:39 INFO  : Generating BSP for the domain /home3/shared/chapman44/cheshire/platform/zynqmp_fsbl/zynqmp_fsbl_bsp
13:29:39 INFO  : lopper command to reconfigure BSP :empyro reconfig_bsp -d /home3/shared/chapman44/cheshire/platform/zynqmp_fsbl/zynqmp_fsbl_bsp
13:29:39 INFO  : bash, -c, empyro reconfig_bsp -d /home3/shared/chapman44/cheshire/platform/zynqmp_fsbl/zynqmp_fsbl_bsp
13:29:39 INFO  : Domain reconfigured successfully
13:29:39 INFO  : Generating BSP for the domain /home3/shared/chapman44/cheshire/platform/psu_cortexa53_0/standalone_psu_cortexa53_0/bsp
13:29:39 INFO  : lopper command to build BSP :empyro build_bsp -d /home3/shared/chapman44/cheshire/platform/psu_cortexa53_0/standalone_psu_cortexa53_0/bsp
13:29:39 INFO  : bash, -c, empyro build_bsp -d /home3/shared/chapman44/cheshire/platform/psu_cortexa53_0/standalone_psu_cortexa53_0/bsp
13:29:39 INFO  : Domain reconfigured successfully
13:29:39 INFO  : Generating BSP for the domain /home3/shared/chapman44/cheshire/platform/zynqmp_fsbl/zynqmp_fsbl_bsp
13:29:39 INFO  : lopper command to build BSP :empyro build_bsp -d /home3/shared/chapman44/cheshire/platform/zynqmp_fsbl/zynqmp_fsbl_bsp
13:29:39 INFO  : bash, -c, empyro build_bsp -d /home3/shared/chapman44/cheshire/platform/zynqmp_fsbl/zynqmp_fsbl_bsp
13:29:39 INFO  : Domain build successfully
13:29:39 INFO  : Domain build successfully
13:29:39 INFO  : Generating Boot ELFs
13:29:39 INFO  : lopper command to retarget baremetal application :empyro retarget_app -s /home3/shared/chapman44/cheshire/platform/zynqmp_fsbl -d /home3/shared/chapman44/cheshire/platform/zynqmp_fsbl/zynqmp_fsbl_bsp -b /home3/shared/chapman44/cheshire/platform/zynqmp_fsbl/build
13:29:39 INFO  : bash, -c, empyro retarget_app -s /home3/shared/chapman44/cheshire/platform/zynqmp_fsbl -d /home3/shared/chapman44/cheshire/platform/zynqmp_fsbl/zynqmp_fsbl_bsp -b /home3/shared/chapman44/cheshire/platform/zynqmp_fsbl/build
13:29:40 INFO  : [INFO]: Retargeting app
13:29:40 INFO  : [INFO]: Updating link libraries based on new domain
13:29:40 INFO  : Successfully retargeted Application /home3/shared/chapman44/cheshire/platform/zynqmp_fsbl
13:29:40 INFO  : lopper command to build baremetal application :empyro build_app --src_dir /home3/shared/chapman44/cheshire/platform/zynqmp_fsbl --build_dir /home3/shared/chapman44/cheshire/platform/zynqmp_fsbl/build
13:29:40 INFO  : bash, -c, empyro build_app --src_dir /home3/shared/chapman44/cheshire/platform/zynqmp_fsbl --build_dir /home3/shared/chapman44/cheshire/platform/zynqmp_fsbl/build
13:29:43 INFO  : Successfully building the baremetal application/home3/shared/chapman44/cheshire/platform/zynqmp_fsbl/build
13:29:43 INFO  : Generating Export directory
13:29:43 INFO  : Platform Build Finished successfully.
13:29:43 INFO  : lopper command to retarget baremetal application :empyro retarget_app -s /home3/shared/chapman44/cheshire/app_component/src -d /home3/shared/chapman44/cheshire/platform/export/platform/sw/standalone_psu_cortexa53_0 -b /home3/shared/chapman44/cheshire/app_component/build
13:29:43 INFO  : bash, -c, empyro retarget_app -s /home3/shared/chapman44/cheshire/app_component/src -d /home3/shared/chapman44/cheshire/platform/export/platform/sw/standalone_psu_cortexa53_0 -b /home3/shared/chapman44/cheshire/app_component/build
13:29:43 INFO  : [INFO]: Retargeting app
13:29:43 INFO  : [INFO]: Updating link libraries based on new domain
13:29:43 INFO  : Successfully retargeted Application /home3/shared/chapman44/cheshire/app_component/src
13:29:43 INFO  : Initiating build for the app_component component.
13:29:43 INFO  : bash, -c, empyro build_app -s /home3/shared/chapman44/cheshire/app_component/src -b /home3/shared/chapman44/cheshire/app_component/build
13:29:43 INFO  : Command: bash -c unset CC CXX ;empyro build_app -s /home3/shared/chapman44/cheshire/app_component/src -b /home3/shared/chapman44/cheshire/app_component/build
13:29:47 INFO  : connect -url tcp:127.0.0.1:3121
13:29:47 INFO  : bpremove -all
13:29:47 INFO  : source /home3/CAD/Vitis2025_2/2025.2/Vitis/scripts/vitis/util/zynqmp_utils.tcl
13:29:47 INFO  : Context for 'APU' is selected.
13:29:48 INFO  : System reset is completed.
13:29:51 INFO  : 'after 3000' command is executed.
13:29:51 INFO  : 'targets -set -filter {jtag_cable_name =~ "Platform Cable USB II 00001a50030301" && level==0 && jtag_device_ctx=="jsn-DLC10-00001a50030301-24738093-0"}' command is executed.
13:31:05 INFO  : Device configured successfully with "/home3/shared/chapman44/cheshire/app_component/_ide/bitstream/connect_top.bit"
13:31:05 INFO  : targets -set -nocase -filter {name =~"PSU*" && jtag_cable_name =~ "Platform Cable USB II 00001a50030301" && jtag_device_ctx=="jsn-DLC10-00001a50030301-5ba00477-0"}
13:31:05 INFO  : catch {disable_pmu_gate}
13:31:05 INFO  : targets -set -nocase -filter {name =~"APU*" && jtag_cable_name =~ "Platform Cable USB II 00001a50030301" && jtag_device_ctx=="jsn-DLC10-00001a50030301-5ba00477-0"}
13:31:11 INFO  : loadhw -hw /home3/shared/chapman44/cheshire/platform/export/platform/hw/connect_top.xsa -mem-ranges [list {0x80000000 0xbfffffff} {0x400000000 0x5ffffffff} {0x1000000000 0x7fffffffff}]
13:31:11 INFO  : configparams force-mem-access 1
13:31:11 INFO  : targets -set -nocase -filter {name =~"APU*" && jtag_cable_name =~ "Platform Cable USB II 00001a50030301" && jtag_device_ctx=="jsn-DLC10-00001a50030301-5ba00477-0"}
13:31:11 INFO  : source /home3/CAD/Vitis2025_2/2025.2/Vitis/vitis-server/scripts/jtag_reg.tcl
13:31:11 INFO  : Boot mode is read from the target.
13:31:11 INFO  : Boot mode of the target is set to jtag.
13:31:11 INFO  : targets -set -nocase -filter {name =~ "*A53*#0" && jtag_cable_name =~ "Platform Cable USB II 00001a50030301" && jtag_device_ctx=="jsn-DLC10-00001a50030301-5ba00477-0"}
13:31:11 INFO  : rst -processor
13:31:18 INFO  : dow /home3/shared/chapman44/cheshire/platform/export/platform/sw/boot/fsbl.elf
13:31:18 INFO  : set bp_31_18_fsbl_bp [bpadd -addr &XFsbl_Exit]
13:31:19 INFO  : con -block -timeout 60
13:31:19 INFO  : bpremove $bp_31_18_fsbl_bp
13:31:19 INFO  : targets -set -nocase -filter {name =~ "*A53*#0" && jtag_cable_name =~ "Platform Cable USB II 00001a50030301" && jtag_device_ctx=="jsn-DLC10-00001a50030301-5ba00477-0"}
13:31:19 INFO  : rst -processor
13:31:25 INFO  : dow /home3/shared/chapman44/cheshire/app_component/build/app_component.elf
13:31:25 INFO  : con
13:31:25 INFO  : configparams force-mem-access 0
13:31:26 INFO  : Testing the connection for 127.0.0.1
13:31:34 INFO  : disconnect
13:31:59 INFO  : BSP build will be initiated for Domain standalone_psu_cortexa53_0
13:31:59 INFO  : BSP build will be initiated for Domain zynqmp_fsbl
13:31:59 INFO  : Generating BSP for the domain /home3/shared/chapman44/cheshire/platform/psu_cortexa53_0/standalone_psu_cortexa53_0/bsp
13:31:59 INFO  : Generating BSP for the domain /home3/shared/chapman44/cheshire/platform/zynqmp_fsbl/zynqmp_fsbl_bsp
13:31:59 INFO  : lopper command to reconfigure BSP :empyro reconfig_bsp -d /home3/shared/chapman44/cheshire/platform/psu_cortexa53_0/standalone_psu_cortexa53_0/bsp
13:31:59 INFO  : lopper command to reconfigure BSP :empyro reconfig_bsp -d /home3/shared/chapman44/cheshire/platform/zynqmp_fsbl/zynqmp_fsbl_bsp
13:31:59 INFO  : bash, -c, empyro reconfig_bsp -d /home3/shared/chapman44/cheshire/platform/zynqmp_fsbl/zynqmp_fsbl_bsp
13:31:59 INFO  : bash, -c, empyro reconfig_bsp -d /home3/shared/chapman44/cheshire/platform/psu_cortexa53_0/standalone_psu_cortexa53_0/bsp
13:31:59 INFO  : Domain reconfigured successfully
13:31:59 INFO  : Generating BSP for the domain /home3/shared/chapman44/cheshire/platform/psu_cortexa53_0/standalone_psu_cortexa53_0/bsp
13:31:59 INFO  : lopper command to build BSP :empyro build_bsp -d /home3/shared/chapman44/cheshire/platform/psu_cortexa53_0/standalone_psu_cortexa53_0/bsp
13:31:59 INFO  : bash, -c, empyro build_bsp -d /home3/shared/chapman44/cheshire/platform/psu_cortexa53_0/standalone_psu_cortexa53_0/bsp
13:31:59 INFO  : Domain reconfigured successfully
13:31:59 INFO  : Generating BSP for the domain /home3/shared/chapman44/cheshire/platform/zynqmp_fsbl/zynqmp_fsbl_bsp
13:31:59 INFO  : lopper command to build BSP :empyro build_bsp -d /home3/shared/chapman44/cheshire/platform/zynqmp_fsbl/zynqmp_fsbl_bsp
13:31:59 INFO  : bash, -c, empyro build_bsp -d /home3/shared/chapman44/cheshire/platform/zynqmp_fsbl/zynqmp_fsbl_bsp
13:31:59 INFO  : Domain build successfully
13:31:59 INFO  : Domain build successfully
13:31:59 INFO  : Generating Boot ELFs
13:31:59 INFO  : lopper command to retarget baremetal application :empyro retarget_app -s /home3/shared/chapman44/cheshire/platform/zynqmp_fsbl -d /home3/shared/chapman44/cheshire/platform/zynqmp_fsbl/zynqmp_fsbl_bsp -b /home3/shared/chapman44/cheshire/platform/zynqmp_fsbl/build
13:31:59 INFO  : bash, -c, empyro retarget_app -s /home3/shared/chapman44/cheshire/platform/zynqmp_fsbl -d /home3/shared/chapman44/cheshire/platform/zynqmp_fsbl/zynqmp_fsbl_bsp -b /home3/shared/chapman44/cheshire/platform/zynqmp_fsbl/build
13:32:00 INFO  : [INFO]: Retargeting app
13:32:00 INFO  : [INFO]: Updating link libraries based on new domain
13:32:00 INFO  : Successfully retargeted Application /home3/shared/chapman44/cheshire/platform/zynqmp_fsbl
13:32:00 INFO  : lopper command to build baremetal application :empyro build_app --src_dir /home3/shared/chapman44/cheshire/platform/zynqmp_fsbl --build_dir /home3/shared/chapman44/cheshire/platform/zynqmp_fsbl/build
13:32:00 INFO  : bash, -c, empyro build_app --src_dir /home3/shared/chapman44/cheshire/platform/zynqmp_fsbl --build_dir /home3/shared/chapman44/cheshire/platform/zynqmp_fsbl/build
13:32:03 INFO  : Successfully building the baremetal application/home3/shared/chapman44/cheshire/platform/zynqmp_fsbl/build
13:32:03 INFO  : Generating Export directory
13:32:03 INFO  : Platform Build Finished successfully.
13:32:03 INFO  : lopper command to retarget baremetal application :empyro retarget_app -s /home3/shared/chapman44/cheshire/app_component/src -d /home3/shared/chapman44/cheshire/platform/export/platform/sw/standalone_psu_cortexa53_0 -b /home3/shared/chapman44/cheshire/app_component/build
13:32:03 INFO  : bash, -c, empyro retarget_app -s /home3/shared/chapman44/cheshire/app_component/src -d /home3/shared/chapman44/cheshire/platform/export/platform/sw/standalone_psu_cortexa53_0 -b /home3/shared/chapman44/cheshire/app_component/build
13:32:03 INFO  : [INFO]: Retargeting app
13:32:03 INFO  : [INFO]: Updating link libraries based on new domain
13:32:03 INFO  : Successfully retargeted Application /home3/shared/chapman44/cheshire/app_component/src
13:32:03 INFO  : Initiating build for the app_component component.
13:32:03 INFO  : bash, -c, empyro build_app -s /home3/shared/chapman44/cheshire/app_component/src -b /home3/shared/chapman44/cheshire/app_component/build
13:32:03 INFO  : Command: bash -c unset CC CXX ;empyro build_app -s /home3/shared/chapman44/cheshire/app_component/src -b /home3/shared/chapman44/cheshire/app_component/build
13:32:06 INFO  : connect -url tcp:127.0.0.1:3121
13:32:06 INFO  : bpremove -all
13:32:06 INFO  : source /home3/CAD/Vitis2025_2/2025.2/Vitis/scripts/vitis/util/zynqmp_utils.tcl
13:32:06 INFO  : Context for 'APU' is selected.
13:32:06 INFO  : System reset is completed.
13:32:09 INFO  : 'after 3000' command is executed.
13:32:10 INFO  : 'targets -set -filter {jtag_cable_name =~ "Platform Cable USB II 00001a50030301" && level==0 && jtag_device_ctx=="jsn-DLC10-00001a50030301-24738093-0"}' command is executed.
13:33:24 INFO  : Device configured successfully with "/home3/shared/chapman44/cheshire/app_component/_ide/bitstream/connect_top.bit"
13:33:24 INFO  : targets -set -nocase -filter {name =~"PSU*" && jtag_cable_name =~ "Platform Cable USB II 00001a50030301" && jtag_device_ctx=="jsn-DLC10-00001a50030301-5ba00477-0"}
13:33:24 INFO  : catch {disable_pmu_gate}
13:33:24 INFO  : targets -set -nocase -filter {name =~"APU*" && jtag_cable_name =~ "Platform Cable USB II 00001a50030301" && jtag_device_ctx=="jsn-DLC10-00001a50030301-5ba00477-0"}
13:33:30 INFO  : loadhw -hw /home3/shared/chapman44/cheshire/platform/export/platform/hw/connect_top.xsa -mem-ranges [list {0x80000000 0xbfffffff} {0x400000000 0x5ffffffff} {0x1000000000 0x7fffffffff}]
13:33:30 INFO  : configparams force-mem-access 1
13:33:30 INFO  : targets -set -nocase -filter {name =~"APU*" && jtag_cable_name =~ "Platform Cable USB II 00001a50030301" && jtag_device_ctx=="jsn-DLC10-00001a50030301-5ba00477-0"}
13:33:30 INFO  : source /home3/CAD/Vitis2025_2/2025.2/Vitis/vitis-server/scripts/jtag_reg.tcl
13:33:30 INFO  : Boot mode is read from the target.
13:33:30 INFO  : Boot mode of the target is set to jtag.
13:33:31 INFO  : targets -set -nocase -filter {name =~ "*A53*#0" && jtag_cable_name =~ "Platform Cable USB II 00001a50030301" && jtag_device_ctx=="jsn-DLC10-00001a50030301-5ba00477-0"}
13:33:31 INFO  : rst -processor
13:33:37 INFO  : dow /home3/shared/chapman44/cheshire/platform/export/platform/sw/boot/fsbl.elf
13:33:37 INFO  : set bp_33_37_fsbl_bp [bpadd -addr &XFsbl_Exit]
13:33:38 INFO  : con -block -timeout 60
13:33:38 INFO  : bpremove $bp_33_37_fsbl_bp
13:33:38 INFO  : targets -set -nocase -filter {name =~ "*A53*#0" && jtag_cable_name =~ "Platform Cable USB II 00001a50030301" && jtag_device_ctx=="jsn-DLC10-00001a50030301-5ba00477-0"}
13:33:38 INFO  : rst -processor
13:33:44 INFO  : dow /home3/shared/chapman44/cheshire/app_component/build/app_component.elf
13:33:44 INFO  : con
13:33:44 INFO  : configparams force-mem-access 0
13:33:45 INFO  : Testing the connection for 127.0.0.1
13:33:56 INFO  : disconnect
13:34:39 INFO  : BSP build will be initiated for Domain standalone_psu_cortexa53_0
13:34:39 INFO  : BSP build will be initiated for Domain zynqmp_fsbl
13:34:39 INFO  : Generating BSP for the domain /home3/shared/chapman44/cheshire/platform/psu_cortexa53_0/standalone_psu_cortexa53_0/bsp
13:34:39 INFO  : Generating BSP for the domain /home3/shared/chapman44/cheshire/platform/zynqmp_fsbl/zynqmp_fsbl_bsp
13:34:39 INFO  : lopper command to reconfigure BSP :empyro reconfig_bsp -d /home3/shared/chapman44/cheshire/platform/psu_cortexa53_0/standalone_psu_cortexa53_0/bsp
13:34:39 INFO  : lopper command to reconfigure BSP :empyro reconfig_bsp -d /home3/shared/chapman44/cheshire/platform/zynqmp_fsbl/zynqmp_fsbl_bsp
13:34:39 INFO  : bash, -c, empyro reconfig_bsp -d /home3/shared/chapman44/cheshire/platform/psu_cortexa53_0/standalone_psu_cortexa53_0/bsp
13:34:39 INFO  : bash, -c, empyro reconfig_bsp -d /home3/shared/chapman44/cheshire/platform/zynqmp_fsbl/zynqmp_fsbl_bsp
13:34:39 INFO  : Domain reconfigured successfully
13:34:39 INFO  : Generating BSP for the domain /home3/shared/chapman44/cheshire/platform/psu_cortexa53_0/standalone_psu_cortexa53_0/bsp
13:34:39 INFO  : lopper command to build BSP :empyro build_bsp -d /home3/shared/chapman44/cheshire/platform/psu_cortexa53_0/standalone_psu_cortexa53_0/bsp
13:34:39 INFO  : bash, -c, empyro build_bsp -d /home3/shared/chapman44/cheshire/platform/psu_cortexa53_0/standalone_psu_cortexa53_0/bsp
13:34:39 INFO  : Domain reconfigured successfully
13:34:39 INFO  : Generating BSP for the domain /home3/shared/chapman44/cheshire/platform/zynqmp_fsbl/zynqmp_fsbl_bsp
13:34:39 INFO  : lopper command to build BSP :empyro build_bsp -d /home3/shared/chapman44/cheshire/platform/zynqmp_fsbl/zynqmp_fsbl_bsp
13:34:39 INFO  : bash, -c, empyro build_bsp -d /home3/shared/chapman44/cheshire/platform/zynqmp_fsbl/zynqmp_fsbl_bsp
13:34:39 INFO  : Domain build successfully
13:34:39 INFO  : Domain build successfully
13:34:39 INFO  : Generating Boot ELFs
13:34:39 INFO  : lopper command to retarget baremetal application :empyro retarget_app -s /home3/shared/chapman44/cheshire/platform/zynqmp_fsbl -d /home3/shared/chapman44/cheshire/platform/zynqmp_fsbl/zynqmp_fsbl_bsp -b /home3/shared/chapman44/cheshire/platform/zynqmp_fsbl/build
13:34:39 INFO  : bash, -c, empyro retarget_app -s /home3/shared/chapman44/cheshire/platform/zynqmp_fsbl -d /home3/shared/chapman44/cheshire/platform/zynqmp_fsbl/zynqmp_fsbl_bsp -b /home3/shared/chapman44/cheshire/platform/zynqmp_fsbl/build
13:34:40 INFO  : [INFO]: Retargeting app
13:34:40 INFO  : [INFO]: Updating link libraries based on new domain
13:34:40 INFO  : Successfully retargeted Application /home3/shared/chapman44/cheshire/platform/zynqmp_fsbl
13:34:40 INFO  : lopper command to build baremetal application :empyro build_app --src_dir /home3/shared/chapman44/cheshire/platform/zynqmp_fsbl --build_dir /home3/shared/chapman44/cheshire/platform/zynqmp_fsbl/build
13:34:40 INFO  : bash, -c, empyro build_app --src_dir /home3/shared/chapman44/cheshire/platform/zynqmp_fsbl --build_dir /home3/shared/chapman44/cheshire/platform/zynqmp_fsbl/build
13:34:42 INFO  : Successfully building the baremetal application/home3/shared/chapman44/cheshire/platform/zynqmp_fsbl/build
13:34:42 INFO  : Generating Export directory
13:34:43 INFO  : Platform Build Finished successfully.
13:34:43 INFO  : lopper command to retarget baremetal application :empyro retarget_app -s /home3/shared/chapman44/cheshire/app_component/src -d /home3/shared/chapman44/cheshire/platform/export/platform/sw/standalone_psu_cortexa53_0 -b /home3/shared/chapman44/cheshire/app_component/build
13:34:43 INFO  : bash, -c, empyro retarget_app -s /home3/shared/chapman44/cheshire/app_component/src -d /home3/shared/chapman44/cheshire/platform/export/platform/sw/standalone_psu_cortexa53_0 -b /home3/shared/chapman44/cheshire/app_component/build
13:34:43 INFO  : [INFO]: Retargeting app
13:34:43 INFO  : [INFO]: Updating link libraries based on new domain
13:34:43 INFO  : Successfully retargeted Application /home3/shared/chapman44/cheshire/app_component/src
13:34:43 INFO  : Initiating build for the app_component component.
13:34:43 INFO  : bash, -c, empyro build_app -s /home3/shared/chapman44/cheshire/app_component/src -b /home3/shared/chapman44/cheshire/app_component/build
13:34:43 INFO  : Command: bash -c unset CC CXX ;empyro build_app -s /home3/shared/chapman44/cheshire/app_component/src -b /home3/shared/chapman44/cheshire/app_component/build
13:34:45 INFO  : connect -url tcp:127.0.0.1:3121
13:34:45 INFO  : bpremove -all
13:34:45 INFO  : source /home3/CAD/Vitis2025_2/2025.2/Vitis/scripts/vitis/util/zynqmp_utils.tcl
13:34:46 INFO  : Context for 'APU' is selected.
13:34:46 INFO  : System reset is completed.
13:34:49 INFO  : 'after 3000' command is executed.
13:34:49 INFO  : 'targets -set -filter {jtag_cable_name =~ "Platform Cable USB II 00001a50030301" && level==0 && jtag_device_ctx=="jsn-DLC10-00001a50030301-24738093-0"}' command is executed.
13:36:03 INFO  : Device configured successfully with "/home3/shared/chapman44/cheshire/app_component/_ide/bitstream/connect_top.bit"
13:36:03 INFO  : targets -set -nocase -filter {name =~"PSU*" && jtag_cable_name =~ "Platform Cable USB II 00001a50030301" && jtag_device_ctx=="jsn-DLC10-00001a50030301-5ba00477-0"}
13:36:04 INFO  : catch {disable_pmu_gate}
13:36:04 INFO  : targets -set -nocase -filter {name =~"APU*" && jtag_cable_name =~ "Platform Cable USB II 00001a50030301" && jtag_device_ctx=="jsn-DLC10-00001a50030301-5ba00477-0"}
13:36:10 INFO  : loadhw -hw /home3/shared/chapman44/cheshire/platform/export/platform/hw/connect_top.xsa -mem-ranges [list {0x80000000 0xbfffffff} {0x400000000 0x5ffffffff} {0x1000000000 0x7fffffffff}]
13:36:10 INFO  : configparams force-mem-access 1
13:36:10 INFO  : targets -set -nocase -filter {name =~"APU*" && jtag_cable_name =~ "Platform Cable USB II 00001a50030301" && jtag_device_ctx=="jsn-DLC10-00001a50030301-5ba00477-0"}
13:36:10 INFO  : source /home3/CAD/Vitis2025_2/2025.2/Vitis/vitis-server/scripts/jtag_reg.tcl
13:36:10 INFO  : Boot mode is read from the target.
13:36:10 INFO  : Boot mode of the target is set to jtag.
13:36:10 INFO  : targets -set -nocase -filter {name =~ "*A53*#0" && jtag_cable_name =~ "Platform Cable USB II 00001a50030301" && jtag_device_ctx=="jsn-DLC10-00001a50030301-5ba00477-0"}
13:36:10 INFO  : rst -processor
13:36:16 INFO  : dow /home3/shared/chapman44/cheshire/platform/export/platform/sw/boot/fsbl.elf
13:36:16 INFO  : set bp_36_16_fsbl_bp [bpadd -addr &XFsbl_Exit]
13:36:17 INFO  : con -block -timeout 60
13:36:17 INFO  : bpremove $bp_36_16_fsbl_bp
13:36:17 INFO  : targets -set -nocase -filter {name =~ "*A53*#0" && jtag_cable_name =~ "Platform Cable USB II 00001a50030301" && jtag_device_ctx=="jsn-DLC10-00001a50030301-5ba00477-0"}
13:36:17 INFO  : rst -processor
13:36:23 INFO  : dow /home3/shared/chapman44/cheshire/app_component/build/app_component.elf
13:36:23 INFO  : con
13:36:23 INFO  : configparams force-mem-access 0
13:36:24 INFO  : Testing the connection for 127.0.0.1
13:37:06 INFO  : disconnect
13:37:19 INFO  : BSP build will be initiated for Domain zynqmp_fsbl
13:37:19 INFO  : BSP build will be initiated for Domain standalone_psu_cortexa53_0
13:37:19 INFO  : Generating BSP for the domain /home3/shared/chapman44/cheshire/platform/zynqmp_fsbl/zynqmp_fsbl_bsp
13:37:19 INFO  : Generating BSP for the domain /home3/shared/chapman44/cheshire/platform/psu_cortexa53_0/standalone_psu_cortexa53_0/bsp
13:37:19 INFO  : lopper command to reconfigure BSP :empyro reconfig_bsp -d /home3/shared/chapman44/cheshire/platform/zynqmp_fsbl/zynqmp_fsbl_bsp
13:37:19 INFO  : lopper command to reconfigure BSP :empyro reconfig_bsp -d /home3/shared/chapman44/cheshire/platform/psu_cortexa53_0/standalone_psu_cortexa53_0/bsp
13:37:19 INFO  : bash, -c, empyro reconfig_bsp -d /home3/shared/chapman44/cheshire/platform/zynqmp_fsbl/zynqmp_fsbl_bsp
13:37:19 INFO  : bash, -c, empyro reconfig_bsp -d /home3/shared/chapman44/cheshire/platform/psu_cortexa53_0/standalone_psu_cortexa53_0/bsp
13:37:19 INFO  : Domain reconfigured successfully
13:37:19 INFO  : Generating BSP for the domain /home3/shared/chapman44/cheshire/platform/psu_cortexa53_0/standalone_psu_cortexa53_0/bsp
13:37:19 INFO  : lopper command to build BSP :empyro build_bsp -d /home3/shared/chapman44/cheshire/platform/psu_cortexa53_0/standalone_psu_cortexa53_0/bsp
13:37:19 INFO  : bash, -c, empyro build_bsp -d /home3/shared/chapman44/cheshire/platform/psu_cortexa53_0/standalone_psu_cortexa53_0/bsp
13:37:19 INFO  : Domain reconfigured successfully
13:37:19 INFO  : Generating BSP for the domain /home3/shared/chapman44/cheshire/platform/zynqmp_fsbl/zynqmp_fsbl_bsp
13:37:19 INFO  : lopper command to build BSP :empyro build_bsp -d /home3/shared/chapman44/cheshire/platform/zynqmp_fsbl/zynqmp_fsbl_bsp
13:37:19 INFO  : bash, -c, empyro build_bsp -d /home3/shared/chapman44/cheshire/platform/zynqmp_fsbl/zynqmp_fsbl_bsp
13:37:19 INFO  : Domain build successfully
13:37:19 INFO  : Domain build successfully
13:37:19 INFO  : Generating Boot ELFs
13:37:19 INFO  : lopper command to retarget baremetal application :empyro retarget_app -s /home3/shared/chapman44/cheshire/platform/zynqmp_fsbl -d /home3/shared/chapman44/cheshire/platform/zynqmp_fsbl/zynqmp_fsbl_bsp -b /home3/shared/chapman44/cheshire/platform/zynqmp_fsbl/build
13:37:19 INFO  : bash, -c, empyro retarget_app -s /home3/shared/chapman44/cheshire/platform/zynqmp_fsbl -d /home3/shared/chapman44/cheshire/platform/zynqmp_fsbl/zynqmp_fsbl_bsp -b /home3/shared/chapman44/cheshire/platform/zynqmp_fsbl/build
13:37:20 INFO  : [INFO]: Retargeting app
13:37:20 INFO  : [INFO]: Updating link libraries based on new domain
13:37:20 INFO  : Successfully retargeted Application /home3/shared/chapman44/cheshire/platform/zynqmp_fsbl
13:37:20 INFO  : lopper command to build baremetal application :empyro build_app --src_dir /home3/shared/chapman44/cheshire/platform/zynqmp_fsbl --build_dir /home3/shared/chapman44/cheshire/platform/zynqmp_fsbl/build
13:37:20 INFO  : bash, -c, empyro build_app --src_dir /home3/shared/chapman44/cheshire/platform/zynqmp_fsbl --build_dir /home3/shared/chapman44/cheshire/platform/zynqmp_fsbl/build
13:37:22 INFO  : Successfully building the baremetal application/home3/shared/chapman44/cheshire/platform/zynqmp_fsbl/build
13:37:22 INFO  : Generating Export directory
13:37:22 INFO  : Platform Build Finished successfully.
13:37:23 INFO  : lopper command to retarget baremetal application :empyro retarget_app -s /home3/shared/chapman44/cheshire/app_component/src -d /home3/shared/chapman44/cheshire/platform/export/platform/sw/standalone_psu_cortexa53_0 -b /home3/shared/chapman44/cheshire/app_component/build
13:37:23 INFO  : bash, -c, empyro retarget_app -s /home3/shared/chapman44/cheshire/app_component/src -d /home3/shared/chapman44/cheshire/platform/export/platform/sw/standalone_psu_cortexa53_0 -b /home3/shared/chapman44/cheshire/app_component/build
13:37:23 INFO  : [INFO]: Retargeting app
13:37:23 INFO  : [INFO]: Updating link libraries based on new domain
13:37:23 INFO  : Successfully retargeted Application /home3/shared/chapman44/cheshire/app_component/src
13:37:23 INFO  : Initiating build for the app_component component.
13:37:23 INFO  : bash, -c, empyro build_app -s /home3/shared/chapman44/cheshire/app_component/src -b /home3/shared/chapman44/cheshire/app_component/build
13:37:23 INFO  : Command: bash -c unset CC CXX ;empyro build_app -s /home3/shared/chapman44/cheshire/app_component/src -b /home3/shared/chapman44/cheshire/app_component/build
13:37:27 INFO  : connect -url tcp:127.0.0.1:3121
13:37:27 INFO  : bpremove -all
13:37:27 INFO  : source /home3/CAD/Vitis2025_2/2025.2/Vitis/scripts/vitis/util/zynqmp_utils.tcl
13:37:27 INFO  : Context for 'APU' is selected.
13:37:28 INFO  : System reset is completed.
13:37:31 INFO  : 'after 3000' command is executed.
13:37:31 INFO  : 'targets -set -filter {jtag_cable_name =~ "Platform Cable USB II 00001a50030301" && level==0 && jtag_device_ctx=="jsn-DLC10-00001a50030301-24738093-0"}' command is executed.
13:38:45 ERROR : JTAG node is not accessible
13:38:45 ERROR : Failed to initialize the hardware. JTAG node is not accessible
13:39:34 INFO  : connect -url tcp:127.0.0.1:3121
13:39:34 INFO  : bpremove -all
13:39:34 INFO  : source /home3/CAD/Vitis2025_2/2025.2/Vitis/scripts/vitis/util/zynqmp_utils.tcl
13:39:34 INFO  : Context for 'APU' is selected.
13:39:35 INFO  : System reset is completed.
13:39:38 INFO  : 'after 3000' command is executed.
13:39:38 INFO  : 'targets -set -filter {jtag_cable_name =~ "Platform Cable USB II 00001a50030301" && level==0 && jtag_device_ctx=="jsn-DLC10-00001a50030301-24738093-0"}' command is executed.
13:40:52 INFO  : Device configured successfully with "/home3/shared/chapman44/cheshire/app_component/_ide/bitstream/connect_top.bit"
13:40:52 INFO  : targets -set -nocase -filter {name =~"PSU*" && jtag_cable_name =~ "Platform Cable USB II 00001a50030301" && jtag_device_ctx=="jsn-DLC10-00001a50030301-5ba00477-0"}
13:40:52 INFO  : catch {disable_pmu_gate}
13:40:52 INFO  : targets -set -nocase -filter {name =~"APU*" && jtag_cable_name =~ "Platform Cable USB II 00001a50030301" && jtag_device_ctx=="jsn-DLC10-00001a50030301-5ba00477-0"}
13:40:58 INFO  : loadhw -hw /home3/shared/chapman44/cheshire/platform/export/platform/hw/connect_top.xsa -mem-ranges [list {0x80000000 0xbfffffff} {0x400000000 0x5ffffffff} {0x1000000000 0x7fffffffff}]
13:40:58 INFO  : configparams force-mem-access 1
13:40:58 INFO  : targets -set -nocase -filter {name =~"APU*" && jtag_cable_name =~ "Platform Cable USB II 00001a50030301" && jtag_device_ctx=="jsn-DLC10-00001a50030301-5ba00477-0"}
13:40:58 INFO  : source /home3/CAD/Vitis2025_2/2025.2/Vitis/vitis-server/scripts/jtag_reg.tcl
13:40:58 INFO  : Boot mode is read from the target.
13:40:58 INFO  : Boot mode of the target is set to jtag.
13:40:59 INFO  : targets -set -nocase -filter {name =~ "*A53*#0" && jtag_cable_name =~ "Platform Cable USB II 00001a50030301" && jtag_device_ctx=="jsn-DLC10-00001a50030301-5ba00477-0"}
13:40:59 INFO  : rst -processor
13:41:05 INFO  : dow /home3/shared/chapman44/cheshire/platform/export/platform/sw/boot/fsbl.elf
13:41:05 INFO  : set bp_41_5_fsbl_bp [bpadd -addr &XFsbl_Exit]
13:41:06 INFO  : con -block -timeout 60
13:41:06 INFO  : bpremove $bp_41_5_fsbl_bp
13:41:06 INFO  : targets -set -nocase -filter {name =~ "*A53*#0" && jtag_cable_name =~ "Platform Cable USB II 00001a50030301" && jtag_device_ctx=="jsn-DLC10-00001a50030301-5ba00477-0"}
13:41:06 INFO  : rst -processor
13:41:12 INFO  : dow /home3/shared/chapman44/cheshire/app_component/build/app_component.elf
13:41:12 INFO  : con
13:41:12 INFO  : configparams force-mem-access 0
13:41:13 INFO  : Testing the connection for 127.0.0.1
13:41:20 INFO  : disconnect
13:45:52 INFO  : BSP build will be initiated for Domain standalone_psu_cortexa53_0
13:45:52 INFO  : BSP build will be initiated for Domain zynqmp_fsbl
13:45:52 INFO  : Generating BSP for the domain /home3/shared/chapman44/cheshire/platform/psu_cortexa53_0/standalone_psu_cortexa53_0/bsp
13:45:52 INFO  : Generating BSP for the domain /home3/shared/chapman44/cheshire/platform/zynqmp_fsbl/zynqmp_fsbl_bsp
13:45:52 INFO  : lopper command to reconfigure BSP :empyro reconfig_bsp -d /home3/shared/chapman44/cheshire/platform/psu_cortexa53_0/standalone_psu_cortexa53_0/bsp
13:45:52 INFO  : lopper command to reconfigure BSP :empyro reconfig_bsp -d /home3/shared/chapman44/cheshire/platform/zynqmp_fsbl/zynqmp_fsbl_bsp
13:45:52 INFO  : bash, -c, empyro reconfig_bsp -d /home3/shared/chapman44/cheshire/platform/zynqmp_fsbl/zynqmp_fsbl_bsp
13:45:52 INFO  : bash, -c, empyro reconfig_bsp -d /home3/shared/chapman44/cheshire/platform/psu_cortexa53_0/standalone_psu_cortexa53_0/bsp
13:45:52 INFO  : Domain reconfigured successfully
13:45:52 INFO  : Generating BSP for the domain /home3/shared/chapman44/cheshire/platform/psu_cortexa53_0/standalone_psu_cortexa53_0/bsp
13:45:52 INFO  : lopper command to build BSP :empyro build_bsp -d /home3/shared/chapman44/cheshire/platform/psu_cortexa53_0/standalone_psu_cortexa53_0/bsp
13:45:52 INFO  : bash, -c, empyro build_bsp -d /home3/shared/chapman44/cheshire/platform/psu_cortexa53_0/standalone_psu_cortexa53_0/bsp
13:45:52 INFO  : Domain reconfigured successfully
13:45:52 INFO  : Generating BSP for the domain /home3/shared/chapman44/cheshire/platform/zynqmp_fsbl/zynqmp_fsbl_bsp
13:45:52 INFO  : lopper command to build BSP :empyro build_bsp -d /home3/shared/chapman44/cheshire/platform/zynqmp_fsbl/zynqmp_fsbl_bsp
13:45:52 INFO  : bash, -c, empyro build_bsp -d /home3/shared/chapman44/cheshire/platform/zynqmp_fsbl/zynqmp_fsbl_bsp
13:45:52 INFO  : Domain build successfully
13:45:52 INFO  : Domain build successfully
13:45:52 INFO  : Generating Boot ELFs
13:45:52 INFO  : lopper command to retarget baremetal application :empyro retarget_app -s /home3/shared/chapman44/cheshire/platform/zynqmp_fsbl -d /home3/shared/chapman44/cheshire/platform/zynqmp_fsbl/zynqmp_fsbl_bsp -b /home3/shared/chapman44/cheshire/platform/zynqmp_fsbl/build
13:45:52 INFO  : bash, -c, empyro retarget_app -s /home3/shared/chapman44/cheshire/platform/zynqmp_fsbl -d /home3/shared/chapman44/cheshire/platform/zynqmp_fsbl/zynqmp_fsbl_bsp -b /home3/shared/chapman44/cheshire/platform/zynqmp_fsbl/build
13:45:53 INFO  : [INFO]: Retargeting app
13:45:53 INFO  : [INFO]: Updating link libraries based on new domain
13:45:53 INFO  : Successfully retargeted Application /home3/shared/chapman44/cheshire/platform/zynqmp_fsbl
13:45:53 INFO  : lopper command to build baremetal application :empyro build_app --src_dir /home3/shared/chapman44/cheshire/platform/zynqmp_fsbl --build_dir /home3/shared/chapman44/cheshire/platform/zynqmp_fsbl/build
13:45:53 INFO  : bash, -c, empyro build_app --src_dir /home3/shared/chapman44/cheshire/platform/zynqmp_fsbl --build_dir /home3/shared/chapman44/cheshire/platform/zynqmp_fsbl/build
13:45:55 INFO  : Successfully building the baremetal application/home3/shared/chapman44/cheshire/platform/zynqmp_fsbl/build
13:45:55 INFO  : Generating Export directory
13:45:56 INFO  : Platform Build Finished successfully.
13:45:56 INFO  : lopper command to retarget baremetal application :empyro retarget_app -s /home3/shared/chapman44/cheshire/app_component/src -d /home3/shared/chapman44/cheshire/platform/export/platform/sw/standalone_psu_cortexa53_0 -b /home3/shared/chapman44/cheshire/app_component/build
13:45:56 INFO  : bash, -c, empyro retarget_app -s /home3/shared/chapman44/cheshire/app_component/src -d /home3/shared/chapman44/cheshire/platform/export/platform/sw/standalone_psu_cortexa53_0 -b /home3/shared/chapman44/cheshire/app_component/build
13:45:56 INFO  : [INFO]: Retargeting app
13:45:56 INFO  : [INFO]: Updating link libraries based on new domain
13:45:56 INFO  : Successfully retargeted Application /home3/shared/chapman44/cheshire/app_component/src
13:45:56 INFO  : Initiating build for the app_component component.
13:45:56 INFO  : bash, -c, empyro build_app -s /home3/shared/chapman44/cheshire/app_component/src -b /home3/shared/chapman44/cheshire/app_component/build
13:45:56 INFO  : Command: bash -c unset CC CXX ;empyro build_app -s /home3/shared/chapman44/cheshire/app_component/src -b /home3/shared/chapman44/cheshire/app_component/build
13:46:27 INFO  : connect -url tcp:127.0.0.1:3121
13:46:27 INFO  : bpremove -all
13:46:27 INFO  : source /home3/CAD/Vitis2025_2/2025.2/Vitis/scripts/vitis/util/zynqmp_utils.tcl
13:46:28 INFO  : Context for 'APU' is selected.
13:46:28 INFO  : System reset is completed.
13:46:31 INFO  : 'after 3000' command is executed.
13:46:31 INFO  : 'targets -set -filter {jtag_cable_name =~ "Platform Cable USB II 00001a50030301" && level==0 && jtag_device_ctx=="jsn-DLC10-00001a50030301-24738093-0"}' command is executed.
13:47:45 INFO  : Device configured successfully with "/home3/shared/chapman44/cheshire/app_component/_ide/bitstream/connect_top.bit"
13:47:46 INFO  : targets -set -nocase -filter {name =~"PSU*" && jtag_cable_name =~ "Platform Cable USB II 00001a50030301" && jtag_device_ctx=="jsn-DLC10-00001a50030301-5ba00477-0"}
13:47:46 INFO  : catch {disable_pmu_gate}
13:47:46 INFO  : targets -set -nocase -filter {name =~"APU*" && jtag_cable_name =~ "Platform Cable USB II 00001a50030301" && jtag_device_ctx=="jsn-DLC10-00001a50030301-5ba00477-0"}
13:47:52 INFO  : loadhw -hw /home3/shared/chapman44/cheshire/platform/export/platform/hw/connect_top.xsa -mem-ranges [list {0x80000000 0xbfffffff} {0x400000000 0x5ffffffff} {0x1000000000 0x7fffffffff}]
13:47:52 INFO  : configparams force-mem-access 1
13:47:52 INFO  : targets -set -nocase -filter {name =~"APU*" && jtag_cable_name =~ "Platform Cable USB II 00001a50030301" && jtag_device_ctx=="jsn-DLC10-00001a50030301-5ba00477-0"}
13:47:52 INFO  : source /home3/CAD/Vitis2025_2/2025.2/Vitis/vitis-server/scripts/jtag_reg.tcl
13:47:52 INFO  : Boot mode is read from the target.
13:47:52 INFO  : Boot mode of the target is set to jtag.
13:47:52 INFO  : targets -set -nocase -filter {name =~ "*A53*#0" && jtag_cable_name =~ "Platform Cable USB II 00001a50030301" && jtag_device_ctx=="jsn-DLC10-00001a50030301-5ba00477-0"}
13:47:52 INFO  : rst -processor
13:47:58 INFO  : dow /home3/shared/chapman44/cheshire/platform/export/platform/sw/boot/fsbl.elf
13:47:58 INFO  : set bp_47_58_fsbl_bp [bpadd -addr &XFsbl_Exit]
13:47:59 INFO  : con -block -timeout 60
13:47:59 INFO  : bpremove $bp_47_58_fsbl_bp
13:47:59 INFO  : targets -set -nocase -filter {name =~ "*A53*#0" && jtag_cable_name =~ "Platform Cable USB II 00001a50030301" && jtag_device_ctx=="jsn-DLC10-00001a50030301-5ba00477-0"}
13:47:59 INFO  : rst -processor
13:48:05 INFO  : dow /home3/shared/chapman44/cheshire/app_component/build/app_component.elf
13:48:05 INFO  : con
13:48:05 INFO  : configparams force-mem-access 0
13:48:06 INFO  : Testing the connection for 127.0.0.1
13:48:09 INFO  : disconnect
13:48:43 INFO  : BSP build will be initiated for Domain zynqmp_fsbl
13:48:43 INFO  : BSP build will be initiated for Domain standalone_psu_cortexa53_0
13:48:43 INFO  : Generating BSP for the domain /home3/shared/chapman44/cheshire/platform/zynqmp_fsbl/zynqmp_fsbl_bsp
13:48:43 INFO  : Generating BSP for the domain /home3/shared/chapman44/cheshire/platform/psu_cortexa53_0/standalone_psu_cortexa53_0/bsp
13:48:43 INFO  : lopper command to reconfigure BSP :empyro reconfig_bsp -d /home3/shared/chapman44/cheshire/platform/zynqmp_fsbl/zynqmp_fsbl_bsp
13:48:43 INFO  : lopper command to reconfigure BSP :empyro reconfig_bsp -d /home3/shared/chapman44/cheshire/platform/psu_cortexa53_0/standalone_psu_cortexa53_0/bsp
13:48:43 INFO  : bash, -c, empyro reconfig_bsp -d /home3/shared/chapman44/cheshire/platform/psu_cortexa53_0/standalone_psu_cortexa53_0/bsp
13:48:43 INFO  : bash, -c, empyro reconfig_bsp -d /home3/shared/chapman44/cheshire/platform/zynqmp_fsbl/zynqmp_fsbl_bsp
13:48:44 INFO  : Domain reconfigured successfully
13:48:44 INFO  : Generating BSP for the domain /home3/shared/chapman44/cheshire/platform/psu_cortexa53_0/standalone_psu_cortexa53_0/bsp
13:48:44 INFO  : lopper command to build BSP :empyro build_bsp -d /home3/shared/chapman44/cheshire/platform/psu_cortexa53_0/standalone_psu_cortexa53_0/bsp
13:48:44 INFO  : bash, -c, empyro build_bsp -d /home3/shared/chapman44/cheshire/platform/psu_cortexa53_0/standalone_psu_cortexa53_0/bsp
13:48:44 INFO  : Domain reconfigured successfully
13:48:44 INFO  : Generating BSP for the domain /home3/shared/chapman44/cheshire/platform/zynqmp_fsbl/zynqmp_fsbl_bsp
13:48:44 INFO  : lopper command to build BSP :empyro build_bsp -d /home3/shared/chapman44/cheshire/platform/zynqmp_fsbl/zynqmp_fsbl_bsp
13:48:44 INFO  : bash, -c, empyro build_bsp -d /home3/shared/chapman44/cheshire/platform/zynqmp_fsbl/zynqmp_fsbl_bsp
13:48:44 INFO  : Domain build successfully
13:48:44 INFO  : Domain build successfully
13:48:44 INFO  : Generating Boot ELFs
13:48:44 INFO  : lopper command to retarget baremetal application :empyro retarget_app -s /home3/shared/chapman44/cheshire/platform/zynqmp_fsbl -d /home3/shared/chapman44/cheshire/platform/zynqmp_fsbl/zynqmp_fsbl_bsp -b /home3/shared/chapman44/cheshire/platform/zynqmp_fsbl/build
13:48:44 INFO  : bash, -c, empyro retarget_app -s /home3/shared/chapman44/cheshire/platform/zynqmp_fsbl -d /home3/shared/chapman44/cheshire/platform/zynqmp_fsbl/zynqmp_fsbl_bsp -b /home3/shared/chapman44/cheshire/platform/zynqmp_fsbl/build
13:48:44 INFO  : [INFO]: Retargeting app
13:48:44 INFO  : [INFO]: Updating link libraries based on new domain
13:48:44 INFO  : Successfully retargeted Application /home3/shared/chapman44/cheshire/platform/zynqmp_fsbl
13:48:44 INFO  : lopper command to build baremetal application :empyro build_app --src_dir /home3/shared/chapman44/cheshire/platform/zynqmp_fsbl --build_dir /home3/shared/chapman44/cheshire/platform/zynqmp_fsbl/build
13:48:44 INFO  : bash, -c, empyro build_app --src_dir /home3/shared/chapman44/cheshire/platform/zynqmp_fsbl --build_dir /home3/shared/chapman44/cheshire/platform/zynqmp_fsbl/build
13:48:47 INFO  : Successfully building the baremetal application/home3/shared/chapman44/cheshire/platform/zynqmp_fsbl/build
13:48:47 INFO  : Generating Export directory
13:48:47 INFO  : Platform Build Finished successfully.
13:48:47 INFO  : lopper command to retarget baremetal application :empyro retarget_app -s /home3/shared/chapman44/cheshire/app_component/src -d /home3/shared/chapman44/cheshire/platform/export/platform/sw/standalone_psu_cortexa53_0 -b /home3/shared/chapman44/cheshire/app_component/build
13:48:47 INFO  : bash, -c, empyro retarget_app -s /home3/shared/chapman44/cheshire/app_component/src -d /home3/shared/chapman44/cheshire/platform/export/platform/sw/standalone_psu_cortexa53_0 -b /home3/shared/chapman44/cheshire/app_component/build
13:48:48 INFO  : [INFO]: Retargeting app
13:48:48 INFO  : [INFO]: Updating link libraries based on new domain
13:48:48 INFO  : Successfully retargeted Application /home3/shared/chapman44/cheshire/app_component/src
13:48:48 INFO  : Initiating build for the app_component component.
13:48:48 INFO  : bash, -c, empyro build_app -s /home3/shared/chapman44/cheshire/app_component/src -b /home3/shared/chapman44/cheshire/app_component/build
13:48:48 INFO  : Command: bash -c unset CC CXX ;empyro build_app -s /home3/shared/chapman44/cheshire/app_component/src -b /home3/shared/chapman44/cheshire/app_component/build
13:48:52 INFO  : connect -url tcp:127.0.0.1:3121
13:48:52 INFO  : bpremove -all
13:48:52 INFO  : source /home3/CAD/Vitis2025_2/2025.2/Vitis/scripts/vitis/util/zynqmp_utils.tcl
13:48:52 INFO  : Context for 'APU' is selected.
13:48:52 INFO  : System reset is completed.
13:48:55 INFO  : 'after 3000' command is executed.
13:48:55 INFO  : 'targets -set -filter {jtag_cable_name =~ "Platform Cable USB II 00001a50030301" && level==0 && jtag_device_ctx=="jsn-DLC10-00001a50030301-24738093-0"}' command is executed.
13:50:10 INFO  : Device configured successfully with "/home3/shared/chapman44/cheshire/app_component/_ide/bitstream/connect_top.bit"
13:50:10 INFO  : targets -set -nocase -filter {name =~"PSU*" && jtag_cable_name =~ "Platform Cable USB II 00001a50030301" && jtag_device_ctx=="jsn-DLC10-00001a50030301-5ba00477-0"}
13:50:10 INFO  : catch {disable_pmu_gate}
13:50:10 INFO  : targets -set -nocase -filter {name =~"APU*" && jtag_cable_name =~ "Platform Cable USB II 00001a50030301" && jtag_device_ctx=="jsn-DLC10-00001a50030301-5ba00477-0"}
13:50:16 INFO  : loadhw -hw /home3/shared/chapman44/cheshire/platform/export/platform/hw/connect_top.xsa -mem-ranges [list {0x80000000 0xbfffffff} {0x400000000 0x5ffffffff} {0x1000000000 0x7fffffffff}]
13:50:16 INFO  : configparams force-mem-access 1
13:50:16 INFO  : targets -set -nocase -filter {name =~"APU*" && jtag_cable_name =~ "Platform Cable USB II 00001a50030301" && jtag_device_ctx=="jsn-DLC10-00001a50030301-5ba00477-0"}
13:50:16 INFO  : source /home3/CAD/Vitis2025_2/2025.2/Vitis/vitis-server/scripts/jtag_reg.tcl
13:50:16 INFO  : Boot mode is read from the target.
13:50:16 INFO  : Boot mode of the target is set to jtag.
13:50:16 INFO  : targets -set -nocase -filter {name =~ "*A53*#0" && jtag_cable_name =~ "Platform Cable USB II 00001a50030301" && jtag_device_ctx=="jsn-DLC10-00001a50030301-5ba00477-0"}
13:50:17 INFO  : rst -processor
13:50:23 INFO  : dow /home3/shared/chapman44/cheshire/platform/export/platform/sw/boot/fsbl.elf
13:50:23 INFO  : set bp_50_23_fsbl_bp [bpadd -addr &XFsbl_Exit]
13:50:24 INFO  : con -block -timeout 60
13:50:24 INFO  : bpremove $bp_50_23_fsbl_bp
13:50:24 INFO  : targets -set -nocase -filter {name =~ "*A53*#0" && jtag_cable_name =~ "Platform Cable USB II 00001a50030301" && jtag_device_ctx=="jsn-DLC10-00001a50030301-5ba00477-0"}
13:50:24 INFO  : rst -processor
13:50:30 INFO  : dow /home3/shared/chapman44/cheshire/app_component/build/app_component.elf
13:50:30 INFO  : con
13:50:30 INFO  : configparams force-mem-access 0
13:50:31 INFO  : Testing the connection for 127.0.0.1
13:51:34 INFO  : disconnect
14:03:34 INFO  : BSP build will be initiated for Domain standalone_psu_cortexa53_0
14:03:34 INFO  : BSP build will be initiated for Domain zynqmp_fsbl
14:03:34 INFO  : Generating BSP for the domain /home3/shared/chapman44/cheshire/platform/psu_cortexa53_0/standalone_psu_cortexa53_0/bsp
14:03:34 INFO  : Generating BSP for the domain /home3/shared/chapman44/cheshire/platform/zynqmp_fsbl/zynqmp_fsbl_bsp
14:03:34 INFO  : lopper command to reconfigure BSP :empyro reconfig_bsp -d /home3/shared/chapman44/cheshire/platform/psu_cortexa53_0/standalone_psu_cortexa53_0/bsp
14:03:34 INFO  : lopper command to reconfigure BSP :empyro reconfig_bsp -d /home3/shared/chapman44/cheshire/platform/zynqmp_fsbl/zynqmp_fsbl_bsp
14:03:34 INFO  : bash, -c, empyro reconfig_bsp -d /home3/shared/chapman44/cheshire/platform/psu_cortexa53_0/standalone_psu_cortexa53_0/bsp
14:03:34 INFO  : bash, -c, empyro reconfig_bsp -d /home3/shared/chapman44/cheshire/platform/zynqmp_fsbl/zynqmp_fsbl_bsp
14:03:34 INFO  : Domain reconfigured successfully
14:03:34 INFO  : Generating BSP for the domain /home3/shared/chapman44/cheshire/platform/psu_cortexa53_0/standalone_psu_cortexa53_0/bsp
14:03:34 INFO  : lopper command to build BSP :empyro build_bsp -d /home3/shared/chapman44/cheshire/platform/psu_cortexa53_0/standalone_psu_cortexa53_0/bsp
14:03:34 INFO  : bash, -c, empyro build_bsp -d /home3/shared/chapman44/cheshire/platform/psu_cortexa53_0/standalone_psu_cortexa53_0/bsp
14:03:34 INFO  : Domain reconfigured successfully
14:03:34 INFO  : Generating BSP for the domain /home3/shared/chapman44/cheshire/platform/zynqmp_fsbl/zynqmp_fsbl_bsp
14:03:34 INFO  : lopper command to build BSP :empyro build_bsp -d /home3/shared/chapman44/cheshire/platform/zynqmp_fsbl/zynqmp_fsbl_bsp
14:03:34 INFO  : bash, -c, empyro build_bsp -d /home3/shared/chapman44/cheshire/platform/zynqmp_fsbl/zynqmp_fsbl_bsp
14:03:34 INFO  : Domain build successfully
14:03:34 INFO  : Domain build successfully
14:03:34 INFO  : Generating Boot ELFs
14:03:34 INFO  : lopper command to retarget baremetal application :empyro retarget_app -s /home3/shared/chapman44/cheshire/platform/zynqmp_fsbl -d /home3/shared/chapman44/cheshire/platform/zynqmp_fsbl/zynqmp_fsbl_bsp -b /home3/shared/chapman44/cheshire/platform/zynqmp_fsbl/build
14:03:34 INFO  : bash, -c, empyro retarget_app -s /home3/shared/chapman44/cheshire/platform/zynqmp_fsbl -d /home3/shared/chapman44/cheshire/platform/zynqmp_fsbl/zynqmp_fsbl_bsp -b /home3/shared/chapman44/cheshire/platform/zynqmp_fsbl/build
14:03:35 INFO  : [INFO]: Retargeting app
14:03:35 INFO  : [INFO]: Updating link libraries based on new domain
14:03:35 INFO  : Successfully retargeted Application /home3/shared/chapman44/cheshire/platform/zynqmp_fsbl
14:03:35 INFO  : lopper command to build baremetal application :empyro build_app --src_dir /home3/shared/chapman44/cheshire/platform/zynqmp_fsbl --build_dir /home3/shared/chapman44/cheshire/platform/zynqmp_fsbl/build
14:03:35 INFO  : bash, -c, empyro build_app --src_dir /home3/shared/chapman44/cheshire/platform/zynqmp_fsbl --build_dir /home3/shared/chapman44/cheshire/platform/zynqmp_fsbl/build
14:03:37 INFO  : Successfully building the baremetal application/home3/shared/chapman44/cheshire/platform/zynqmp_fsbl/build
14:03:37 INFO  : Generating Export directory
14:03:37 INFO  : Platform Build Finished successfully.
14:03:38 INFO  : lopper command to retarget baremetal application :empyro retarget_app -s /home3/shared/chapman44/cheshire/app_component/src -d /home3/shared/chapman44/cheshire/platform/export/platform/sw/standalone_psu_cortexa53_0 -b /home3/shared/chapman44/cheshire/app_component/build
14:03:38 INFO  : bash, -c, empyro retarget_app -s /home3/shared/chapman44/cheshire/app_component/src -d /home3/shared/chapman44/cheshire/platform/export/platform/sw/standalone_psu_cortexa53_0 -b /home3/shared/chapman44/cheshire/app_component/build
14:03:38 INFO  : [INFO]: Retargeting app
14:03:38 INFO  : [INFO]: Updating link libraries based on new domain
14:03:38 INFO  : Successfully retargeted Application /home3/shared/chapman44/cheshire/app_component/src
14:03:38 INFO  : Initiating build for the app_component component.
14:03:38 INFO  : bash, -c, empyro build_app -s /home3/shared/chapman44/cheshire/app_component/src -b /home3/shared/chapman44/cheshire/app_component/build
14:03:38 INFO  : Command: bash -c unset CC CXX ;empyro build_app -s /home3/shared/chapman44/cheshire/app_component/src -b /home3/shared/chapman44/cheshire/app_component/build
14:03:54 INFO  : connect -url tcp:127.0.0.1:3121
14:03:54 INFO  : bpremove -all
14:03:54 INFO  : source /home3/CAD/Vitis2025_2/2025.2/Vitis/scripts/vitis/util/zynqmp_utils.tcl
14:03:54 INFO  : Context for 'APU' is selected.
14:03:55 INFO  : System reset is completed.
14:03:58 INFO  : 'after 3000' command is executed.
14:03:58 INFO  : 'targets -set -filter {jtag_cable_name =~ "Platform Cable USB II 00001a50030301" && level==0 && jtag_device_ctx=="jsn-DLC10-00001a50030301-24738093-0"}' command is executed.
14:05:12 INFO  : Device configured successfully with "/home3/shared/chapman44/cheshire/app_component/_ide/bitstream/connect_top.bit"
14:05:12 INFO  : targets -set -nocase -filter {name =~"PSU*" && jtag_cable_name =~ "Platform Cable USB II 00001a50030301" && jtag_device_ctx=="jsn-DLC10-00001a50030301-5ba00477-0"}
14:05:12 INFO  : catch {disable_pmu_gate}
14:05:12 INFO  : targets -set -nocase -filter {name =~"APU*" && jtag_cable_name =~ "Platform Cable USB II 00001a50030301" && jtag_device_ctx=="jsn-DLC10-00001a50030301-5ba00477-0"}
14:05:18 INFO  : loadhw -hw /home3/shared/chapman44/cheshire/platform/export/platform/hw/connect_top.xsa -mem-ranges [list {0x80000000 0xbfffffff} {0x400000000 0x5ffffffff} {0x1000000000 0x7fffffffff}]
14:05:18 INFO  : configparams force-mem-access 1
14:05:18 INFO  : targets -set -nocase -filter {name =~"APU*" && jtag_cable_name =~ "Platform Cable USB II 00001a50030301" && jtag_device_ctx=="jsn-DLC10-00001a50030301-5ba00477-0"}
14:05:18 INFO  : source /home3/CAD/Vitis2025_2/2025.2/Vitis/vitis-server/scripts/jtag_reg.tcl
14:05:18 INFO  : Boot mode is read from the target.
14:05:18 INFO  : Boot mode of the target is set to jtag.
14:05:18 INFO  : targets -set -nocase -filter {name =~ "*A53*#0" && jtag_cable_name =~ "Platform Cable USB II 00001a50030301" && jtag_device_ctx=="jsn-DLC10-00001a50030301-5ba00477-0"}
14:05:18 INFO  : rst -processor
14:05:24 INFO  : dow /home3/shared/chapman44/cheshire/platform/export/platform/sw/boot/fsbl.elf
14:05:24 INFO  : set bp_5_24_fsbl_bp [bpadd -addr &XFsbl_Exit]
14:05:25 INFO  : con -block -timeout 60
14:05:25 INFO  : bpremove $bp_5_24_fsbl_bp
14:05:25 INFO  : targets -set -nocase -filter {name =~ "*A53*#0" && jtag_cable_name =~ "Platform Cable USB II 00001a50030301" && jtag_device_ctx=="jsn-DLC10-00001a50030301-5ba00477-0"}
14:05:26 INFO  : rst -processor
14:05:32 INFO  : dow /home3/shared/chapman44/cheshire/app_component/build/app_component.elf
14:05:32 INFO  : con
14:05:32 INFO  : configparams force-mem-access 0
14:05:33 INFO  : Testing the connection for 127.0.0.1
14:07:43 INFO  : disconnect
14:23:44 INFO  : BSP build will be initiated for Domain zynqmp_fsbl
14:23:44 INFO  : BSP build will be initiated for Domain standalone_psu_cortexa53_0
14:23:44 INFO  : Generating BSP for the domain /home3/shared/chapman44/cheshire/platform/zynqmp_fsbl/zynqmp_fsbl_bsp
14:23:44 INFO  : Generating BSP for the domain /home3/shared/chapman44/cheshire/platform/psu_cortexa53_0/standalone_psu_cortexa53_0/bsp
14:23:44 INFO  : lopper command to reconfigure BSP :empyro reconfig_bsp -d /home3/shared/chapman44/cheshire/platform/zynqmp_fsbl/zynqmp_fsbl_bsp
14:23:44 INFO  : lopper command to reconfigure BSP :empyro reconfig_bsp -d /home3/shared/chapman44/cheshire/platform/psu_cortexa53_0/standalone_psu_cortexa53_0/bsp
14:23:44 INFO  : bash, -c, empyro reconfig_bsp -d /home3/shared/chapman44/cheshire/platform/psu_cortexa53_0/standalone_psu_cortexa53_0/bsp
14:23:44 INFO  : bash, -c, empyro reconfig_bsp -d /home3/shared/chapman44/cheshire/platform/zynqmp_fsbl/zynqmp_fsbl_bsp
14:23:44 INFO  : Domain reconfigured successfully
14:23:44 INFO  : Generating BSP for the domain /home3/shared/chapman44/cheshire/platform/psu_cortexa53_0/standalone_psu_cortexa53_0/bsp
14:23:44 INFO  : lopper command to build BSP :empyro build_bsp -d /home3/shared/chapman44/cheshire/platform/psu_cortexa53_0/standalone_psu_cortexa53_0/bsp
14:23:44 INFO  : bash, -c, empyro build_bsp -d /home3/shared/chapman44/cheshire/platform/psu_cortexa53_0/standalone_psu_cortexa53_0/bsp
14:23:44 INFO  : Domain reconfigured successfully
14:23:44 INFO  : Generating BSP for the domain /home3/shared/chapman44/cheshire/platform/zynqmp_fsbl/zynqmp_fsbl_bsp
14:23:44 INFO  : lopper command to build BSP :empyro build_bsp -d /home3/shared/chapman44/cheshire/platform/zynqmp_fsbl/zynqmp_fsbl_bsp
14:23:44 INFO  : bash, -c, empyro build_bsp -d /home3/shared/chapman44/cheshire/platform/zynqmp_fsbl/zynqmp_fsbl_bsp
14:23:44 INFO  : Domain build successfully
14:23:44 INFO  : Domain build successfully
14:23:44 INFO  : Generating Boot ELFs
14:23:44 INFO  : lopper command to retarget baremetal application :empyro retarget_app -s /home3/shared/chapman44/cheshire/platform/zynqmp_fsbl -d /home3/shared/chapman44/cheshire/platform/zynqmp_fsbl/zynqmp_fsbl_bsp -b /home3/shared/chapman44/cheshire/platform/zynqmp_fsbl/build
14:23:44 INFO  : bash, -c, empyro retarget_app -s /home3/shared/chapman44/cheshire/platform/zynqmp_fsbl -d /home3/shared/chapman44/cheshire/platform/zynqmp_fsbl/zynqmp_fsbl_bsp -b /home3/shared/chapman44/cheshire/platform/zynqmp_fsbl/build
14:23:44 INFO  : [INFO]: Retargeting app
14:23:44 INFO  : [INFO]: Updating link libraries based on new domain
14:23:44 INFO  : Successfully retargeted Application /home3/shared/chapman44/cheshire/platform/zynqmp_fsbl
14:23:44 INFO  : lopper command to build baremetal application :empyro build_app --src_dir /home3/shared/chapman44/cheshire/platform/zynqmp_fsbl --build_dir /home3/shared/chapman44/cheshire/platform/zynqmp_fsbl/build
14:23:44 INFO  : bash, -c, empyro build_app --src_dir /home3/shared/chapman44/cheshire/platform/zynqmp_fsbl --build_dir /home3/shared/chapman44/cheshire/platform/zynqmp_fsbl/build
14:23:47 INFO  : Successfully building the baremetal application/home3/shared/chapman44/cheshire/platform/zynqmp_fsbl/build
14:23:47 INFO  : Generating Export directory
14:23:47 INFO  : Platform Build Finished successfully.
14:23:48 INFO  : lopper command to retarget baremetal application :empyro retarget_app -s /home3/shared/chapman44/cheshire/app_component/src -d /home3/shared/chapman44/cheshire/platform/export/platform/sw/standalone_psu_cortexa53_0 -b /home3/shared/chapman44/cheshire/app_component/build
14:23:48 INFO  : bash, -c, empyro retarget_app -s /home3/shared/chapman44/cheshire/app_component/src -d /home3/shared/chapman44/cheshire/platform/export/platform/sw/standalone_psu_cortexa53_0 -b /home3/shared/chapman44/cheshire/app_component/build
14:23:48 INFO  : [INFO]: Retargeting app
14:23:48 INFO  : [INFO]: Updating link libraries based on new domain
14:23:48 INFO  : Successfully retargeted Application /home3/shared/chapman44/cheshire/app_component/src
14:23:48 INFO  : Initiating build for the app_component component.
14:23:48 INFO  : bash, -c, empyro build_app -s /home3/shared/chapman44/cheshire/app_component/src -b /home3/shared/chapman44/cheshire/app_component/build
14:23:48 INFO  : Command: bash -c unset CC CXX ;empyro build_app -s /home3/shared/chapman44/cheshire/app_component/src -b /home3/shared/chapman44/cheshire/app_component/build
14:23:53 INFO  : connect -url tcp:127.0.0.1:3121
14:23:53 INFO  : bpremove -all
14:23:53 INFO  : source /home3/CAD/Vitis2025_2/2025.2/Vitis/scripts/vitis/util/zynqmp_utils.tcl
14:23:53 INFO  : Context for 'APU' is selected.
14:23:53 INFO  : System reset is completed.
14:23:56 INFO  : 'after 3000' command is executed.
14:23:56 INFO  : 'targets -set -filter {jtag_cable_name =~ "Platform Cable USB II 00001a50030301" && level==0 && jtag_device_ctx=="jsn-DLC10-00001a50030301-24738093-0"}' command is executed.
14:25:11 INFO  : Device configured successfully with "/home3/shared/chapman44/cheshire/app_component/_ide/bitstream/connect_top.bit"
14:25:11 INFO  : targets -set -nocase -filter {name =~"PSU*" && jtag_cable_name =~ "Platform Cable USB II 00001a50030301" && jtag_device_ctx=="jsn-DLC10-00001a50030301-5ba00477-0"}
14:25:11 INFO  : catch {disable_pmu_gate}
14:25:11 INFO  : targets -set -nocase -filter {name =~"APU*" && jtag_cable_name =~ "Platform Cable USB II 00001a50030301" && jtag_device_ctx=="jsn-DLC10-00001a50030301-5ba00477-0"}
14:25:17 INFO  : loadhw -hw /home3/shared/chapman44/cheshire/platform/export/platform/hw/connect_top.xsa -mem-ranges [list {0x80000000 0xbfffffff} {0x400000000 0x5ffffffff} {0x1000000000 0x7fffffffff}]
14:25:17 INFO  : configparams force-mem-access 1
14:25:17 INFO  : targets -set -nocase -filter {name =~"APU*" && jtag_cable_name =~ "Platform Cable USB II 00001a50030301" && jtag_device_ctx=="jsn-DLC10-00001a50030301-5ba00477-0"}
14:25:17 INFO  : source /home3/CAD/Vitis2025_2/2025.2/Vitis/vitis-server/scripts/jtag_reg.tcl
14:25:17 INFO  : Boot mode is read from the target.
14:25:17 INFO  : Boot mode of the target is set to jtag.
14:25:17 INFO  : targets -set -nocase -filter {name =~ "*A53*#0" && jtag_cable_name =~ "Platform Cable USB II 00001a50030301" && jtag_device_ctx=="jsn-DLC10-00001a50030301-5ba00477-0"}
14:25:17 INFO  : rst -processor
14:25:23 INFO  : dow /home3/shared/chapman44/cheshire/platform/export/platform/sw/boot/fsbl.elf
14:25:23 INFO  : set bp_25_23_fsbl_bp [bpadd -addr &XFsbl_Exit]
14:25:24 INFO  : con -block -timeout 60
14:25:24 INFO  : bpremove $bp_25_23_fsbl_bp
14:25:24 INFO  : targets -set -nocase -filter {name =~ "*A53*#0" && jtag_cable_name =~ "Platform Cable USB II 00001a50030301" && jtag_device_ctx=="jsn-DLC10-00001a50030301-5ba00477-0"}
14:25:24 INFO  : rst -processor
14:25:30 INFO  : dow /home3/shared/chapman44/cheshire/app_component/build/app_component.elf
14:25:30 INFO  : con
14:25:30 INFO  : configparams force-mem-access 0
14:25:31 INFO  : Testing the connection for 127.0.0.1
14:25:40 INFO  : disconnect
